year,month,date,season,region,zone,latitude,longitude,avg_temperature_c,rainfall_mm,humidity_pct,water_proximity_km,vegetation_index,population_density,previous_month_cases,disease,risk_score,risk_level
2020,1,2020-01-01,Winter,Bhopal City,Old Bhopal (Chowk),23.2676,77.412,17.2,11.7,58.2,0.5,0.65,5248.0,10,Dengue,47.52,Medium
2020,1,2020-01-01,Winter,Bhopal City,Old Bhopal (Chowk),23.2676,77.412,17.2,11.7,58.2,0.5,0.65,5248.0,12,Malaria,50.74,High
2020,1,2020-01-01,Winter,Bhopal City,Old Bhopal (Chowk),23.2676,77.412,17.2,11.7,58.2,0.5,0.65,5248.0,12,Chikungunya,45.72,Medium
2020,1,2020-01-01,Winter,Bhopal City,New Market,23.235,77.423,18.8,10.6,50.4,2.1,0.35,8198.0,6,Dengue,39.38,Medium
2020,1,2020-01-01,Winter,Bhopal City,New Market,23.235,77.423,18.8,10.6,50.4,2.1,0.35,8198.0,6,Malaria,40.36,Medium
2020,1,2020-01-01,Winter,Bhopal City,New Market,23.235,77.423,18.8,10.6,50.4,2.1,0.35,8198.0,5,Chikungunya,37.09,Medium
2020,1,2020-01-01,Winter,Bhopal City,Kolar Road,23.175,77.445,15.4,6.9,51.9,3.5,0.4,8114.0,4,Dengue,29.44,Medium
2020,1,2020-01-01,Winter,Bhopal City,Kolar Road,23.175,77.445,15.4,6.9,51.9,3.5,0.4,8114.0,4,Malaria,29.59,Medium
2020,1,2020-01-01,Winter,Bhopal City,Kolar Road,23.175,77.445,15.4,6.9,51.9,3.5,0.4,8114.0,3,Chikungunya,28.48,Medium
2020,1,2020-01-01,Winter,Bhopal City,Habibganj,23.23,77.438,17.4,10.6,59.7,1.8,0.38,4781.0,7,Dengue,39.2,Medium
2020,1,2020-01-01,Winter,Bhopal City,Habibganj,23.23,77.438,17.4,10.6,59.7,1.8,0.38,4781.0,6,Malaria,41.0,Medium
2020,1,2020-01-01,Winter,Bhopal City,Habibganj,23.23,77.438,17.4,10.6,59.7,1.8,0.38,4781.0,7,Chikungunya,36.92,Medium
2020,1,2020-01-01,Winter,Bhopal City,Shahpura,23.195,77.435,16.2,12.9,48.7,2.5,0.42,8161.0,6,Dengue,38.44,Medium
2020,1,2020-01-01,Winter,Bhopal City,Shahpura,23.195,77.435,16.2,12.9,48.7,2.5,0.42,8161.0,11,Malaria,40.38,Medium
2020,1,2020-01-01,Winter,Bhopal City,Shahpura,23.195,77.435,16.2,12.9,48.7,2.5,0.42,8161.0,5,Chikungunya,36.56,Medium
2020,1,2020-01-01,Winter,Bhopal City,Ayodhya Nagar,23.21,77.455,18.1,11.7,53.5,4.0,0.3,7109.0,1,Dengue,30.28,Medium
2020,1,2020-01-01,Winter,Bhopal City,Ayodhya Nagar,23.21,77.455,18.1,11.7,53.5,4.0,0.3,7109.0,2,Malaria,31.08,Medium
2020,1,2020-01-01,Winter,Bhopal City,Ayodhya Nagar,23.21,77.455,18.1,11.7,53.5,4.0,0.3,7109.0,1,Chikungunya,29.05,Medium
2020,1,2020-01-01,Winter,Bhopal City,Upper Lake Area,23.25,77.39,14.8,12.3,57.9,0.2,0.75,9832.0,10,Dengue,53.24,High
2020,1,2020-01-01,Winter,Bhopal City,Upper Lake Area,23.25,77.39,14.8,12.3,57.9,0.2,0.75,9832.0,10,Malaria,55.45,High
2020,1,2020-01-01,Winter,Bhopal City,Upper Lake Area,23.25,77.39,14.8,12.3,57.9,0.2,0.75,9832.0,12,Chikungunya,51.46,High
2020,1,2020-01-01,Winter,Bhopal City,Lower Lake Area,23.255,77.405,17.8,9.3,49.0,0.3,0.7,9837.0,12,Dengue,46.97,Medium
2020,1,2020-01-01,Winter,Bhopal City,Lower Lake Area,23.255,77.405,17.8,9.3,49.0,0.3,0.7,9837.0,13,Malaria,48.48,Medium
2020,1,2020-01-01,Winter,Bhopal City,Lower Lake Area,23.255,77.405,17.8,9.3,49.0,0.3,0.7,9837.0,11,Chikungunya,45.07,Medium
2020,1,2020-01-01,Winter,Bhopal City,Arera Colony,23.22,77.43,14.4,14.5,59.5,2.0,0.45,5994.0,8,Dengue,40.37,Medium
2020,1,2020-01-01,Winter,Bhopal City,Arera Colony,23.22,77.43,14.4,14.5,59.5,2.0,0.45,5994.0,6,Malaria,41.74,Medium
2020,1,2020-01-01,Winter,Bhopal City,Arera Colony,23.22,77.43,14.4,14.5,59.5,2.0,0.45,5994.0,7,Chikungunya,38.12,Medium
2020,1,2020-01-01,Winter,Bhopal City,Bairagarh,23.28,77.37,16.5,14.2,56.6,1.2,0.55,10429.0,7,Dengue,46.92,Medium
2020,1,2020-01-01,Winter,Bhopal City,Bairagarh,23.28,77.37,16.5,14.2,56.6,1.2,0.55,10429.0,11,Malaria,49.2,Medium
2020,1,2020-01-01,Winter,Bhopal City,Bairagarh,23.28,77.37,16.5,14.2,56.6,1.2,0.55,10429.0,7,Chikungunya,44.69,Medium
2020,1,2020-01-01,Winter,Bhopal City,Misrod,23.165,77.46,15.9,8.5,56.5,3.0,0.48,4056.0,5,Dengue,29.49,Medium
2020,1,2020-01-01,Winter,Bhopal City,Misrod,23.165,77.46,15.9,8.5,56.5,3.0,0.48,4056.0,4,Malaria,30.67,Medium
2020,1,2020-01-01,Winter,Bhopal City,Misrod,23.165,77.46,15.9,8.5,56.5,3.0,0.48,4056.0,4,Chikungunya,28.34,Medium
2020,1,2020-01-01,Winter,Bhopal City,BHEL Area,23.245,77.465,16.9,13.1,54.2,3.8,0.32,6586.0,3,Dengue,31.33,Medium
2020,1,2020-01-01,Winter,Bhopal City,BHEL Area,23.245,77.465,16.9,13.1,54.2,3.8,0.32,6586.0,2,Malaria,31.89,Medium
2020,1,2020-01-01,Winter,Bhopal City,BHEL Area,23.245,77.465,16.9,13.1,54.2,3.8,0.32,6586.0,4,Chikungunya,30.36,Medium
2020,1,2020-01-01,Winter,Ashta,Ashta Town Center,23.015,76.725,13.6,11.9,55.3,1.0,0.55,4412.0,10,Dengue,43.76,Medium
2020,1,2020-01-01,Winter,Ashta,Ashta Town Center,23.015,76.725,13.6,11.9,55.3,1.0,0.55,4412.0,8,Malaria,45.88,Medium
2020,1,2020-01-01,Winter,Ashta,Ashta Town Center,23.015,76.725,13.6,11.9,55.3,1.0,0.55,4412.0,10,Chikungunya,41.55,Medium
2020,1,2020-01-01,Winter,Ashta,Ashta Industrial Area,23.02,76.735,20.2,14.7,58.8,2.5,0.3,2475.0,6,Dengue,42.5,Medium
2020,1,2020-01-01,Winter,Ashta,Ashta Industrial Area,23.02,76.735,20.2,14.7,58.8,2.5,0.3,2475.0,7,Malaria,43.14,Medium
2020,1,2020-01-01,Winter,Ashta,Ashta Industrial Area,23.02,76.735,20.2,14.7,58.8,2.5,0.3,2475.0,5,Chikungunya,41.38,Medium
2020,1,2020-01-01,Winter,Ashta,Ashta Rural East,23.01,76.745,15.8,14.2,63.5,0.8,0.68,525.0,9,Dengue,43.25,Medium
2020,1,2020-01-01,Winter,Ashta,Ashta Rural East,23.01,76.745,15.8,14.2,63.5,0.8,0.68,525.0,9,Malaria,47.1,Medium
2020,1,2020-01-01,Winter,Ashta,Ashta Rural East,23.01,76.745,15.8,14.2,63.5,0.8,0.68,525.0,11,Chikungunya,41.54,Medium
2020,1,2020-01-01,Winter,Ashta,Ashta Nadi Belt,23.008,76.715,17.8,10.1,53.4,0.3,0.72,11398.0,13,Dengue,52.98,High
2020,1,2020-01-01,Winter,Ashta,Ashta Nadi Belt,23.008,76.715,17.8,10.1,53.4,0.3,0.72,11398.0,11,Malaria,54.45,High
2020,1,2020-01-01,Winter,Ashta,Ashta Nadi Belt,23.008,76.715,17.8,10.1,53.4,0.3,0.72,11398.0,13,Chikungunya,50.85,High
2020,1,2020-01-01,Winter,VIT Bhopal University,VIT Main Campus,23.077,76.8512,17.3,12.7,56.3,1.5,0.5,4284.0,7,Dengue,40.73,Medium
2020,1,2020-01-01,Winter,VIT Bhopal University,VIT Main Campus,23.077,76.8512,17.3,12.7,56.3,1.5,0.5,4284.0,7,Malaria,43.12,Medium
2020,1,2020-01-01,Winter,VIT Bhopal University,VIT Main Campus,23.077,76.8512,17.3,12.7,56.3,1.5,0.5,4284.0,9,Chikungunya,39.15,Medium
2020,1,2020-01-01,Winter,VIT Bhopal University,VIT Hostel Area,23.078,76.853,17.0,12.7,51.4,1.8,0.45,3010.0,6,Dengue,37.41,Medium
2020,1,2020-01-01,Winter,VIT Bhopal University,VIT Hostel Area,23.078,76.853,17.0,12.7,51.4,1.8,0.45,3010.0,8,Malaria,40.18,Medium
2020,1,2020-01-01,Winter,VIT Bhopal University,VIT Hostel Area,23.078,76.853,17.0,12.7,51.4,1.8,0.45,3010.0,6,Chikungunya,35.4,Medium
2020,1,2020-01-01,Winter,VIT Bhopal University,VIT Surrounding Village,23.072,76.848,15.0,13.9,60.8,0.6,0.62,4299.0,11,Dengue,46.6,Medium
2020,1,2020-01-01,Winter,VIT Bhopal University,VIT Surrounding Village,23.072,76.848,15.0,13.9,60.8,0.6,0.62,4299.0,9,Malaria,49.11,Medium
2020,1,2020-01-01,Winter,VIT Bhopal University,VIT Surrounding Village,23.072,76.848,15.0,13.9,60.8,0.6,0.62,4299.0,10,Chikungunya,43.94,Medium
2020,1,2020-01-01,Winter,VIT Bhopal University,Kotri-Kalan Area,23.083,76.855,15.3,12.7,59.1,2.0,0.4,10358.0,7,Dengue,42.79,Medium
2020,1,2020-01-01,Winter,VIT Bhopal University,Kotri-Kalan Area,23.083,76.855,15.3,12.7,59.1,2.0,0.4,10358.0,7,Malaria,43.7,Medium
2020,1,2020-01-01,Winter,VIT Bhopal University,Kotri-Kalan Area,23.083,76.855,15.3,12.7,59.1,2.0,0.4,10358.0,7,Chikungunya,40.69,Medium
2020,2,2020-02-01,Winter,Bhopal City,Old Bhopal (Chowk),23.2676,77.412,19.6,7.8,47.4,0.5,0.65,11733.0,12,Dengue,45.72,Medium
2020,2,2020-02-01,Winter,Bhopal City,Old Bhopal (Chowk),23.2676,77.412,19.6,7.8,47.4,0.5,0.65,11733.0,11,Malaria,46.59,Medium
2020,2,2020-02-01,Winter,Bhopal City,Old Bhopal (Chowk),23.2676,77.412,19.6,7.8,47.4,0.5,0.65,11733.0,13,Chikungunya,44.43,Medium
2020,2,2020-02-01,Winter,Bhopal City,New Market,23.235,77.423,20.6,8.1,42.3,2.1,0.35,11019.0,8,Dengue,44.29,Medium
2020,2,2020-02-01,Winter,Bhopal City,New Market,23.235,77.423,20.6,8.1,42.3,2.1,0.35,11019.0,5,Malaria,41.97,Medium
2020,2,2020-02-01,Winter,Bhopal City,New Market,23.235,77.423,20.6,8.1,42.3,2.1,0.35,11019.0,9,Chikungunya,44.5,Medium
2020,2,2020-02-01,Winter,Bhopal City,Kolar Road,23.175,77.445,21.7,8.0,54.7,3.5,0.4,10366.0,4,Dengue,40.03,Medium
2020,2,2020-02-01,Winter,Bhopal City,Kolar Road,23.175,77.445,21.7,8.0,54.7,3.5,0.4,10366.0,4,Malaria,38.26,Medium
2020,2,2020-02-01,Winter,Bhopal City,Kolar Road,23.175,77.445,21.7,8.0,54.7,3.5,0.4,10366.0,4,Chikungunya,40.49,Medium
2020,2,2020-02-01,Winter,Bhopal City,Habibganj,23.23,77.438,21.0,11.7,38.7,1.8,0.38,6292.0,7,Dengue,47.1,Medium
2020,2,2020-02-01,Winter,Bhopal City,Habibganj,23.23,77.438,21.0,11.7,38.7,1.8,0.38,6292.0,6,Malaria,46.58,Medium
2020,2,2020-02-01,Winter,Bhopal City,Habibganj,23.23,77.438,21.0,11.7,38.7,1.8,0.38,6292.0,7,Chikungunya,46.45,Medium
2020,2,2020-02-01,Winter,Bhopal City,Shahpura,23.195,77.435,19.6,6.3,44.4,2.5,0.42,8983.0,5,Dengue,33.43,Medium
2020,2,2020-02-01,Winter,Bhopal City,Shahpura,23.195,77.435,19.6,6.3,44.4,2.5,0.42,8983.0,5,Malaria,33.66,Medium
2020,2,2020-02-01,Winter,Bhopal City,Shahpura,23.195,77.435,19.6,6.3,44.4,2.5,0.42,8983.0,7,Chikungunya,32.94,Medium
2020,2,2020-02-01,Winter,Bhopal City,Ayodhya Nagar,23.21,77.455,20.5,4.8,48.9,4.0,0.3,10361.0,1,Dengue,35.93,Medium
2020,2,2020-02-01,Winter,Bhopal City,Ayodhya Nagar,23.21,77.455,20.5,4.8,48.9,4.0,0.3,10361.0,2,Malaria,33.97,Medium
2020,2,2020-02-01,Winter,Bhopal City,Ayodhya Nagar,23.21,77.455,20.5,4.8,48.9,4.0,0.3,10361.0,1,Chikungunya,36.49,Medium
2020,2,2020-02-01,Winter,Bhopal City,Upper Lake Area,23.25,77.39,18.3,10.7,46.3,0.2,0.75,6002.0,12,Dengue,49.49,Medium
2020,2,2020-02-01,Winter,Bhopal City,Upper Lake Area,23.25,77.39,18.3,10.7,46.3,0.2,0.75,6002.0,13,Malaria,52.36,High
2020,2,2020-02-01,Winter,Bhopal City,Upper Lake Area,23.25,77.39,18.3,10.7,46.3,0.2,0.75,6002.0,10,Chikungunya,46.91,Medium
2020,2,2020-02-01,Winter,Bhopal City,Lower Lake Area,23.255,77.405,19.0,7.6,57.4,0.3,0.7,4783.0,11,Dengue,43.52,Medium
2020,2,2020-02-01,Winter,Bhopal City,Lower Lake Area,23.255,77.405,19.0,7.6,57.4,0.3,0.7,4783.0,11,Malaria,46.05,Medium
2020,2,2020-02-01,Winter,Bhopal City,Lower Lake Area,23.255,77.405,19.0,7.6,57.4,0.3,0.7,4783.0,10,Chikungunya,41.41,Medium
2020,2,2020-02-01,Winter,Bhopal City,Arera Colony,23.22,77.43,21.7,5.7,53.8,2.0,0.45,9270.0,6,Dengue,45.74,Medium
2020,2,2020-02-01,Winter,Bhopal City,Arera Colony,23.22,77.43,21.7,5.7,53.8,2.0,0.45,9270.0,6,Malaria,44.72,Medium
2020,2,2020-02-01,Winter,Bhopal City,Arera Colony,23.22,77.43,21.7,5.7,53.8,2.0,0.45,9270.0,7,Chikungunya,45.78,Medium
2020,2,2020-02-01,Winter,Bhopal City,Bairagarh,23.28,77.37,19.5,9.0,48.6,1.2,0.55,8604.0,9,Dengue,40.49,Medium
2020,2,2020-02-01,Winter,Bhopal City,Bairagarh,23.28,77.37,19.5,9.0,48.6,1.2,0.55,8604.0,10,Malaria,41.7,Medium
2020,2,2020-02-01,Winter,Bhopal City,Bairagarh,23.28,77.37,19.5,9.0,48.6,1.2,0.55,8604.0,8,Chikungunya,38.71,Medium
2020,2,2020-02-01,Winter,Bhopal City,Misrod,23.165,77.46,18.8,8.3,52.4,3.0,0.48,4186.0,5,Dengue,29.19,Medium
2020,2,2020-02-01,Winter,Bhopal City,Misrod,23.165,77.46,18.8,8.3,52.4,3.0,0.48,4186.0,4,Malaria,30.26,Medium
2020,2,2020-02-01,Winter,Bhopal City,Misrod,23.165,77.46,18.8,8.3,52.4,3.0,0.48,4186.0,8,Chikungunya,29.24,Medium
2020,2,2020-02-01,Winter,Bhopal City,BHEL Area,23.245,77.465,18.8,6.7,45.2,3.8,0.32,10005.0,4,Dengue,28.4,Medium
2020,2,2020-02-01,Winter,Bhopal City,BHEL Area,23.245,77.465,18.8,6.7,45.2,3.8,0.32,10005.0,3,Malaria,27.56,Medium
2020,2,2020-02-01,Winter,Bhopal City,BHEL Area,23.245,77.465,18.8,6.7,45.2,3.8,0.32,10005.0,2,Chikungunya,27.32,Medium
2020,2,2020-02-01,Winter,Ashta,Ashta Town Center,23.015,76.725,21.8,7.3,46.0,1.0,0.55,11220.0,10,Dengue,51.1,High
2020,2,2020-02-01,Winter,Ashta,Ashta Town Center,23.015,76.725,21.8,7.3,46.0,1.0,0.55,11220.0,10,Malaria,50.22,High
2020,2,2020-02-01,Winter,Ashta,Ashta Town Center,23.015,76.725,21.8,7.3,46.0,1.0,0.55,11220.0,9,Chikungunya,50.5,High
2020,2,2020-02-01,Winter,Ashta,Ashta Industrial Area,23.02,76.735,19.9,8.5,47.3,2.5,0.3,3901.0,6,Dengue,28.7,Medium
2020,2,2020-02-01,Winter,Ashta,Ashta Industrial Area,23.02,76.735,19.9,8.5,47.3,2.5,0.3,3901.0,6,Malaria,29.72,Medium
2020,2,2020-02-01,Winter,Ashta,Ashta Industrial Area,23.02,76.735,19.9,8.5,47.3,2.5,0.3,3901.0,5,Chikungunya,27.11,Medium
2020,2,2020-02-01,Winter,Ashta,Ashta Rural East,23.01,76.745,21.2,9.3,51.1,0.8,0.68,637.0,9,Dengue,45.9,Medium
2020,2,2020-02-01,Winter,Ashta,Ashta Rural East,23.01,76.745,21.2,9.3,51.1,0.8,0.68,637.0,11,Malaria,47.78,Medium
2020,2,2020-02-01,Winter,Ashta,Ashta Rural East,23.01,76.745,21.2,9.3,51.1,0.8,0.68,637.0,8,Chikungunya,45.3,Medium
2020,2,2020-02-01,Winter,Ashta,Ashta Nadi Belt,23.008,76.715,20.4,8.7,45.2,0.3,0.72,8946.0,9,Dengue,54.15,High
2020,2,2020-02-01,Winter,Ashta,Ashta Nadi Belt,23.008,76.715,20.4,8.7,45.2,0.3,0.72,8946.0,9,Malaria,54.13,High
2020,2,2020-02-01,Winter,Ashta,Ashta Nadi Belt,23.008,76.715,20.4,8.7,45.2,0.3,0.72,8946.0,10,Chikungunya,54.01,High
2020,2,2020-02-01,Winter,VIT Bhopal University,VIT Main Campus,23.077,76.8512,20.3,9.4,53.8,1.5,0.5,4894.0,10,Dengue,45.49,Medium
2020,2,2020-02-01,Winter,VIT Bhopal University,VIT Main Campus,23.077,76.8512,20.3,9.4,53.8,1.5,0.5,4894.0,9,Malaria,45.29,Medium
2020,2,2020-02-01,Winter,VIT Bhopal University,VIT Main Campus,23.077,76.8512,20.3,9.4,53.8,1.5,0.5,4894.0,8,Chikungunya,44.66,Medium
2020,2,2020-02-01,Winter,VIT Bhopal University,VIT Hostel Area,23.078,76.853,18.8,7.5,48.0,1.8,0.45,3937.0,6,Dengue,32.81,Medium
2020,2,2020-02-01,Winter,VIT Bhopal University,VIT Hostel Area,23.078,76.853,18.8,7.5,48.0,1.8,0.45,3937.0,6,Malaria,34.42,Medium
2020,2,2020-02-01,Winter,VIT Bhopal University,VIT Hostel Area,23.078,76.853,18.8,7.5,48.0,1.8,0.45,3937.0,6,Chikungunya,31.37,Medium
2020,2,2020-02-01,Winter,VIT Bhopal University,VIT Surrounding Village,23.072,76.848,21.4,9.2,50.5,0.6,0.62,3750.0,10,Dengue,48.69,Medium
2020,2,2020-02-01,Winter,VIT Bhopal University,VIT Surrounding Village,23.072,76.848,21.4,9.2,50.5,0.6,0.62,3750.0,9,Malaria,49.25,Medium
2020,2,2020-02-01,Winter,VIT Bhopal University,VIT Surrounding Village,23.072,76.848,21.4,9.2,50.5,0.6,0.62,3750.0,9,Chikungunya,47.9,Medium
2020,2,2020-02-01,Winter,VIT Bhopal University,Kotri-Kalan Area,23.083,76.855,19.6,8.1,52.9,2.0,0.4,11944.0,6,Dengue,36.93,Medium
2020,2,2020-02-01,Winter,VIT Bhopal University,Kotri-Kalan Area,23.083,76.855,19.6,8.1,52.9,2.0,0.4,11944.0,8,Malaria,37.65,Medium
2020,2,2020-02-01,Winter,VIT Bhopal University,Kotri-Kalan Area,23.083,76.855,19.6,8.1,52.9,2.0,0.4,11944.0,8,Chikungunya,35.97,Medium
2020,3,2020-03-01,Summer,Bhopal City,Old Bhopal (Chowk),23.2676,77.412,26.8,6.8,34.4,0.5,0.65,8961.0,12,Dengue,61.19,High
2020,3,2020-03-01,Summer,Bhopal City,Old Bhopal (Chowk),23.2676,77.412,26.8,6.8,34.4,0.5,0.65,8961.0,14,Malaria,59.41,High
2020,3,2020-03-01,Summer,Bhopal City,Old Bhopal (Chowk),23.2676,77.412,26.8,6.8,34.4,0.5,0.65,8961.0,15,Chikungunya,63.12,High
2020,3,2020-03-01,Summer,Bhopal City,New Market,23.235,77.423,26.5,5.7,42.4,2.1,0.35,7346.0,7,Dengue,50.74,High
2020,3,2020-03-01,Summer,Bhopal City,New Market,23.235,77.423,26.5,5.7,42.4,2.1,0.35,7346.0,5,Malaria,47.59,Medium
2020,3,2020-03-01,Summer,Bhopal City,New Market,23.235,77.423,26.5,5.7,42.4,2.1,0.35,7346.0,8,Chikungunya,52.11,High
2020,3,2020-03-01,Summer,Bhopal City,Kolar Road,23.175,77.445,22.4,6.4,34.4,3.5,0.4,7319.0,4,Dengue,35.86,Medium
2020,3,2020-03-01,Summer,Bhopal City,Kolar Road,23.175,77.445,22.4,6.4,34.4,3.5,0.4,7319.0,11,Malaria,35.62,Medium
2020,3,2020-03-01,Summer,Bhopal City,Kolar Road,23.175,77.445,22.4,6.4,34.4,3.5,0.4,7319.0,4,Chikungunya,36.73,Medium
2020,3,2020-03-01,Summer,Bhopal City,Habibganj,23.23,77.438,26.9,5.1,37.6,1.8,0.38,5829.0,9,Dengue,50.9,High
2020,3,2020-03-01,Summer,Bhopal City,Habibganj,23.23,77.438,26.9,5.1,37.6,1.8,0.38,5829.0,11,Malaria,48.87,Medium
2020,3,2020-03-01,Summer,Bhopal City,Habibganj,23.23,77.438,26.9,5.1,37.6,1.8,0.38,5829.0,9,Chikungunya,52.05,High
2020,3,2020-03-01,Summer,Bhopal City,Shahpura,23.195,77.435,27.2,5.9,32.8,2.5,0.42,4116.0,8,Dengue,46.7,Medium
2020,3,2020-03-01,Summer,Bhopal City,Shahpura,23.195,77.435,27.2,5.9,32.8,2.5,0.42,4116.0,9,Malaria,44.55,Medium
2020,3,2020-03-01,Summer,Bhopal City,Shahpura,23.195,77.435,27.2,5.9,32.8,2.5,0.42,4116.0,8,Chikungunya,48.4,Medium
2020,3,2020-03-01,Summer,Bhopal City,Ayodhya Nagar,23.21,77.455,24.5,5.0,39.0,4.0,0.3,6066.0,4,Dengue,32.51,Medium
2020,3,2020-03-01,Summer,Bhopal City,Ayodhya Nagar,23.21,77.455,24.5,5.0,39.0,4.0,0.3,6066.0,2,Malaria,30.42,Medium
2020,3,2020-03-01,Summer,Bhopal City,Ayodhya Nagar,23.21,77.455,24.5,5.0,39.0,4.0,0.3,6066.0,1,Chikungunya,32.55,Medium
2020,3,2020-03-01,Summer,Bhopal City,Upper Lake Area,23.25,77.39,23.3,5.5,38.7,0.2,0.75,7792.0,12,Dengue,53.97,High
2020,3,2020-03-01,Summer,Bhopal City,Upper Lake Area,23.25,77.39,23.3,5.5,38.7,0.2,0.75,7792.0,11,Malaria,53.82,High
2020,3,2020-03-01,Summer,Bhopal City,Upper Lake Area,23.25,77.39,23.3,5.5,38.7,0.2,0.75,7792.0,10,Chikungunya,53.23,High
2020,3,2020-03-01,Summer,Bhopal City,Lower Lake Area,23.255,77.405,24.6,3.6,34.0,0.3,0.7,6914.0,11,Dengue,51.7,High
2020,3,2020-03-01,Summer,Bhopal City,Lower Lake Area,23.255,77.405,24.6,3.6,34.0,0.3,0.7,6914.0,14,Malaria,52.33,High
2020,3,2020-03-01,Summer,Bhopal City,Lower Lake Area,23.255,77.405,24.6,3.6,34.0,0.3,0.7,6914.0,13,Chikungunya,52.09,High
2020,3,2020-03-01,Summer,Bhopal City,Arera Colony,23.22,77.43,24.6,2.7,27.4,2.0,0.45,7700.0,7,Dengue,42.08,Medium
2020,3,2020-03-01,Summer,Bhopal City,Arera Colony,23.22,77.43,24.6,2.7,27.4,2.0,0.45,7700.0,10,Malaria,41.41,Medium
2020,3,2020-03-01,Summer,Bhopal City,Arera Colony,23.22,77.43,24.6,2.7,27.4,2.0,0.45,7700.0,7,Chikungunya,42.41,Medium
2020,3,2020-03-01,Summer,Bhopal City,Bairagarh,23.28,77.37,27.1,3.4,36.0,1.2,0.55,6154.0,8,Dengue,54.62,High
2020,3,2020-03-01,Summer,Bhopal City,Bairagarh,23.28,77.37,27.1,3.4,36.0,1.2,0.55,6154.0,9,Malaria,52.91,High
2020,3,2020-03-01,Summer,Bhopal City,Bairagarh,23.28,77.37,27.1,3.4,36.0,1.2,0.55,6154.0,11,Chikungunya,56.58,High
2020,3,2020-03-01,Summer,Bhopal City,Misrod,23.165,77.46,23.7,5.0,46.9,3.0,0.48,9964.0,5,Dengue,42.06,Medium
2020,3,2020-03-01,Summer,Bhopal City,Misrod,23.165,77.46,23.7,5.0,46.9,3.0,0.48,9964.0,7,Malaria,40.86,Medium
2020,3,2020-03-01,Summer,Bhopal City,Misrod,23.165,77.46,23.7,5.0,46.9,3.0,0.48,9964.0,7,Chikungunya,43.14,Medium
2020,3,2020-03-01,Summer,Bhopal City,BHEL Area,23.245,77.465,26.5,4.3,32.6,3.8,0.32,5493.0,3,Dengue,40.89,Medium
2020,3,2020-03-01,Summer,Bhopal City,BHEL Area,23.245,77.465,26.5,4.3,32.6,3.8,0.32,5493.0,3,Malaria,37.74,Medium
2020,3,2020-03-01,Summer,Bhopal City,BHEL Area,23.245,77.465,26.5,4.3,32.6,3.8,0.32,5493.0,5,Chikungunya,43.54,Medium
2020,3,2020-03-01,Summer,Ashta,Ashta Town Center,23.015,76.725,25.6,4.9,36.2,1.0,0.55,6063.0,12,Dengue,56.25,High
2020,3,2020-03-01,Summer,Ashta,Ashta Town Center,23.015,76.725,25.6,4.9,36.2,1.0,0.55,6063.0,11,Malaria,54.08,High
2020,3,2020-03-01,Summer,Ashta,Ashta Town Center,23.015,76.725,25.6,4.9,36.2,1.0,0.55,6063.0,11,Chikungunya,57.13,High
2020,3,2020-03-01,Summer,Ashta,Ashta Industrial Area,23.02,76.735,25.4,3.5,39.0,2.5,0.3,3162.0,5,Dengue,44.63,Medium
2020,3,2020-03-01,Summer,Ashta,Ashta Industrial Area,23.02,76.735,25.4,3.5,39.0,2.5,0.3,3162.0,7,Malaria,42.88,Medium
2020,3,2020-03-01,Summer,Ashta,Ashta Industrial Area,23.02,76.735,25.4,3.5,39.0,2.5,0.3,3162.0,6,Chikungunya,46.13,Medium
2020,3,2020-03-01,Summer,Ashta,Ashta Rural East,23.01,76.745,26.5,4.4,39.2,0.8,0.68,1640.0,15,Dengue,55.75,High
2020,3,2020-03-01,Summer,Ashta,Ashta Rural East,23.01,76.745,26.5,4.4,39.2,0.8,0.68,1640.0,11,Malaria,54.15,High
2020,3,2020-03-01,Summer,Ashta,Ashta Rural East,23.01,76.745,26.5,4.4,39.2,0.8,0.68,1640.0,13,Chikungunya,56.55,High
2020,3,2020-03-01,Summer,Ashta,Ashta Nadi Belt,23.008,76.715,23.3,4.7,33.4,0.3,0.72,10517.0,16,Dengue,55.5,High
2020,3,2020-03-01,Summer,Ashta,Ashta Nadi Belt,23.008,76.715,23.3,4.7,33.4,0.3,0.72,10517.0,13,Malaria,54.15,High
2020,3,2020-03-01,Summer,Ashta,Ashta Nadi Belt,23.008,76.715,23.3,4.7,33.4,0.3,0.72,10517.0,14,Chikungunya,55.03,High
2020,3,2020-03-01,Summer,VIT Bhopal University,VIT Main Campus,23.077,76.8512,25.2,5.6,30.6,1.5,0.5,4588.0,11,Dengue,51.97,High
2020,3,2020-03-01,Summer,VIT Bhopal University,VIT Main Campus,23.077,76.8512,25.2,5.6,30.6,1.5,0.5,4588.0,10,Malaria,49.73,Medium
2020,3,2020-03-01,Summer,VIT Bhopal University,VIT Main Campus,23.077,76.8512,25.2,5.6,30.6,1.5,0.5,4588.0,12,Chikungunya,53.68,High
2020,3,2020-03-01,Summer,VIT Bhopal University,VIT Hostel Area,23.078,76.853,24.4,6.3,32.8,1.8,0.45,3300.0,10,Dengue,40.54,Medium
2020,3,2020-03-01,Summer,VIT Bhopal University,VIT Hostel Area,23.078,76.853,24.4,6.3,32.8,1.8,0.45,3300.0,8,Malaria,39.81,Medium
2020,3,2020-03-01,Summer,VIT Bhopal University,VIT Hostel Area,23.078,76.853,24.4,6.3,32.8,1.8,0.45,3300.0,9,Chikungunya,40.48,Medium
2020,3,2020-03-01,Summer,VIT Bhopal University,VIT Surrounding Village,23.072,76.848,26.0,4.9,36.4,0.6,0.62,4012.0,9,Dengue,56.05,High
2020,3,2020-03-01,Summer,VIT Bhopal University,VIT Surrounding Village,23.072,76.848,26.0,4.9,36.4,0.6,0.62,4012.0,15,Malaria,56.12,High
2020,3,2020-03-01,Summer,VIT Bhopal University,VIT Surrounding Village,23.072,76.848,26.0,4.9,36.4,0.6,0.62,4012.0,14,Chikungunya,58.38,High
2020,3,2020-03-01,Summer,VIT Bhopal University,Kotri-Kalan Area,23.083,76.855,23.3,5.1,40.5,2.0,0.4,8730.0,7,Dengue,43.71,Medium
2020,3,2020-03-01,Summer,VIT Bhopal University,Kotri-Kalan Area,23.083,76.855,23.3,5.1,40.5,2.0,0.4,8730.0,8,Malaria,42.59,Medium
2020,3,2020-03-01,Summer,VIT Bhopal University,Kotri-Kalan Area,23.083,76.855,23.3,5.1,40.5,2.0,0.4,8730.0,8,Chikungunya,43.96,Medium
2020,4,2020-04-01,Summer,Bhopal City,Old Bhopal (Chowk),23.2676,77.412,29.7,3.4,34.4,0.5,0.65,7618.0,11,Dengue,59.87,High
2020,4,2020-04-01,Summer,Bhopal City,Old Bhopal (Chowk),23.2676,77.412,29.7,3.4,34.4,0.5,0.65,7618.0,13,Malaria,58.39,High
2020,4,2020-04-01,Summer,Bhopal City,Old Bhopal (Chowk),23.2676,77.412,29.7,3.4,34.4,0.5,0.65,7618.0,11,Chikungunya,60.92,High
2020,4,2020-04-01,Summer,Bhopal City,New Market,23.235,77.423,28.8,2.4,30.6,2.1,0.35,11689.0,6,Dengue,51.44,High
2020,4,2020-04-01,Summer,Bhopal City,New Market,23.235,77.423,28.8,2.4,30.6,2.1,0.35,11689.0,5,Malaria,47.77,Medium
2020,4,2020-04-01,Summer,Bhopal City,New Market,23.235,77.423,28.8,2.4,30.6,2.1,0.35,11689.0,8,Chikungunya,53.29,High
2020,4,2020-04-01,Summer,Bhopal City,Kolar Road,23.175,77.445,28.8,3.4,27.4,3.5,0.4,5526.0,3,Dengue,42.28,Medium
2020,4,2020-04-01,Summer,Bhopal City,Kolar Road,23.175,77.445,28.8,3.4,27.4,3.5,0.4,5526.0,5,Malaria,39.71,Medium
2020,4,2020-04-01,Summer,Bhopal City,Kolar Road,23.175,77.445,28.8,3.4,27.4,3.5,0.4,5526.0,6,Chikungunya,45.29,Medium
2020,4,2020-04-01,Summer,Bhopal City,Habibganj,23.23,77.438,30.2,3.7,17.6,1.8,0.38,5242.0,9,Dengue,48.44,Medium
2020,4,2020-04-01,Summer,Bhopal City,Habibganj,23.23,77.438,30.2,3.7,17.6,1.8,0.38,5242.0,8,Malaria,45.52,Medium
2020,4,2020-04-01,Summer,Bhopal City,Habibganj,23.23,77.438,30.2,3.7,17.6,1.8,0.38,5242.0,6,Chikungunya,49.14,Medium
2020,4,2020-04-01,Summer,Bhopal City,Shahpura,23.195,77.435,30.7,2.5,27.6,2.5,0.42,5776.0,7,Dengue,47.26,Medium
2020,4,2020-04-01,Summer,Bhopal City,Shahpura,23.195,77.435,30.7,2.5,27.6,2.5,0.42,5776.0,7,Malaria,44.51,Medium
2020,4,2020-04-01,Summer,Bhopal City,Shahpura,23.195,77.435,30.7,2.5,27.6,2.5,0.42,5776.0,7,Chikungunya,49.02,Medium
2020,4,2020-04-01,Summer,Bhopal City,Ayodhya Nagar,23.21,77.455,30.0,3.5,23.3,4.0,0.3,10846.0,4,Dengue,42.89,Medium
2020,4,2020-04-01,Summer,Bhopal City,Ayodhya Nagar,23.21,77.455,30.0,3.5,23.3,4.0,0.3,10846.0,3,Malaria,38.3,Medium
2020,4,2020-04-01,Summer,Bhopal City,Ayodhya Nagar,23.21,77.455,30.0,3.5,23.3,4.0,0.3,10846.0,1,Chikungunya,44.44,Medium
2020,4,2020-04-01,Summer,Bhopal City,Upper Lake Area,23.25,77.39,30.5,2.2,32.6,0.2,0.75,10540.0,13,Dengue,64.16,High
2020,4,2020-04-01,Summer,Bhopal City,Upper Lake Area,23.25,77.39,30.5,2.2,32.6,0.2,0.75,10540.0,16,Malaria,62.61,High
2020,4,2020-04-01,Summer,Bhopal City,Upper Lake Area,23.25,77.39,30.5,2.2,32.6,0.2,0.75,10540.0,14,Chikungunya,65.63,High
2020,4,2020-04-01,Summer,Bhopal City,Lower Lake Area,23.255,77.405,29.7,3.2,19.4,0.3,0.7,9068.0,14,Dengue,61.48,High
2020,4,2020-04-01,Summer,Bhopal City,Lower Lake Area,23.255,77.405,29.7,3.2,19.4,0.3,0.7,9068.0,10,Malaria,58.27,High
2020,4,2020-04-01,Summer,Bhopal City,Lower Lake Area,23.255,77.405,29.7,3.2,19.4,0.3,0.7,9068.0,13,Chikungunya,62.65,High
2020,4,2020-04-01,Summer,Bhopal City,Arera Colony,23.22,77.43,31.5,3.3,29.3,2.0,0.45,8804.0,9,Dengue,52.43,High
2020,4,2020-04-01,Summer,Bhopal City,Arera Colony,23.22,77.43,31.5,3.3,29.3,2.0,0.45,8804.0,8,Malaria,49.1,Medium
2020,4,2020-04-01,Summer,Bhopal City,Arera Colony,23.22,77.43,31.5,3.3,29.3,2.0,0.45,8804.0,8,Chikungunya,53.73,High
2020,4,2020-04-01,Summer,Bhopal City,Bairagarh,23.28,77.37,31.5,2.1,30.9,1.2,0.55,7114.0,10,Dengue,55.36,High
2020,4,2020-04-01,Summer,Bhopal City,Bairagarh,23.28,77.37,31.5,2.1,30.9,1.2,0.55,7114.0,12,Malaria,53.48,High
2020,4,2020-04-01,Summer,Bhopal City,Bairagarh,23.28,77.37,31.5,2.1,30.9,1.2,0.55,7114.0,7,Chikungunya,55.82,High
2020,4,2020-04-01,Summer,Bhopal City,Misrod,23.165,77.46,30.9,2.1,28.0,3.0,0.48,8775.0,6,Dengue,48.26,Medium
2020,4,2020-04-01,Summer,Bhopal City,Misrod,23.165,77.46,30.9,2.1,28.0,3.0,0.48,8775.0,5,Malaria,44.68,Medium
2020,4,2020-04-01,Summer,Bhopal City,Misrod,23.165,77.46,30.9,2.1,28.0,3.0,0.48,8775.0,7,Chikungunya,50.68,High
2020,4,2020-04-01,Summer,Bhopal City,BHEL Area,23.245,77.465,29.0,3.3,30.7,3.8,0.32,9558.0,4,Dengue,44.19,Medium
2020,4,2020-04-01,Summer,Bhopal City,BHEL Area,23.245,77.465,29.0,3.3,30.7,3.8,0.32,9558.0,2,Malaria,39.75,Medium
2020,4,2020-04-01,Summer,Bhopal City,BHEL Area,23.245,77.465,29.0,3.3,30.7,3.8,0.32,9558.0,3,Chikungunya,46.08,Medium
2020,4,2020-04-01,Summer,Ashta,Ashta Town Center,23.015,76.725,29.9,3.4,28.9,1.0,0.55,10984.0,14,Dengue,59.15,High
2020,4,2020-04-01,Summer,Ashta,Ashta Town Center,23.015,76.725,29.9,3.4,28.9,1.0,0.55,10984.0,11,Malaria,55.57,High
2020,4,2020-04-01,Summer,Ashta,Ashta Town Center,23.015,76.725,29.9,3.4,28.9,1.0,0.55,10984.0,13,Chikungunya,60.25,High
2020,4,2020-04-01,Summer,Ashta,Ashta Industrial Area,23.02,76.735,28.0,2.4,33.3,2.5,0.3,3849.0,10,Dengue,45.81,Medium
2020,4,2020-04-01,Summer,Ashta,Ashta Industrial Area,23.02,76.735,28.0,2.4,33.3,2.5,0.3,3849.0,6,Malaria,42.4,Medium
2020,4,2020-04-01,Summer,Ashta,Ashta Industrial Area,23.02,76.735,28.0,2.4,33.3,2.5,0.3,3849.0,6,Chikungunya,46.22,Medium
2020,4,2020-04-01,Summer,Ashta,Ashta Rural East,23.01,76.745,28.4,3.8,26.7,0.8,0.68,973.0,14,Dengue,53.73,High
2020,4,2020-04-01,Summer,Ashta,Ashta Rural East,23.01,76.745,28.4,3.8,26.7,0.8,0.68,973.0,10,Malaria,52.05,High
2020,4,2020-04-01,Summer,Ashta,Ashta Rural East,23.01,76.745,28.4,3.8,26.7,0.8,0.68,973.0,17,Chikungunya,56.13,High
2020,4,2020-04-01,Summer,Ashta,Ashta Nadi Belt,23.008,76.715,30.2,2.7,35.3,0.3,0.72,7371.0,12,Dengue,61.42,High
2020,4,2020-04-01,Summer,Ashta,Ashta Nadi Belt,23.008,76.715,30.2,2.7,35.3,0.3,0.72,7371.0,12,Malaria,59.79,High
2020,4,2020-04-01,Summer,Ashta,Ashta Nadi Belt,23.008,76.715,30.2,2.7,35.3,0.3,0.72,7371.0,11,Chikungunya,62.24,High
2020,4,2020-04-01,Summer,VIT Bhopal University,VIT Main Campus,23.077,76.8512,32.3,2.4,32.9,1.5,0.5,4889.0,9,Dengue,51.96,High
2020,4,2020-04-01,Summer,VIT Bhopal University,VIT Main Campus,23.077,76.8512,32.3,2.4,32.9,1.5,0.5,4889.0,12,Malaria,50.58,High
2020,4,2020-04-01,Summer,VIT Bhopal University,VIT Main Campus,23.077,76.8512,32.3,2.4,32.9,1.5,0.5,4889.0,8,Chikungunya,52.99,High
2020,4,2020-04-01,Summer,VIT Bhopal University,VIT Hostel Area,23.078,76.853,29.7,2.6,25.2,1.8,0.45,4559.0,7,Dengue,48.87,Medium
2020,4,2020-04-01,Summer,VIT Bhopal University,VIT Hostel Area,23.078,76.853,29.7,2.6,25.2,1.8,0.45,4559.0,11,Malaria,47.46,Medium
2020,4,2020-04-01,Summer,VIT Bhopal University,VIT Hostel Area,23.078,76.853,29.7,2.6,25.2,1.8,0.45,4559.0,9,Chikungunya,50.89,High
2020,4,2020-04-01,Summer,VIT Bhopal University,VIT Surrounding Village,23.072,76.848,28.9,2.6,39.8,0.6,0.62,4160.0,10,Dengue,56.75,High
2020,4,2020-04-01,Summer,VIT Bhopal University,VIT Surrounding Village,23.072,76.848,28.9,2.6,39.8,0.6,0.62,4160.0,15,Malaria,56.61,High
2020,4,2020-04-01,Summer,VIT Bhopal University,VIT Surrounding Village,23.072,76.848,28.9,2.6,39.8,0.6,0.62,4160.0,12,Chikungunya,58.21,High
2020,4,2020-04-01,Summer,VIT Bhopal University,Kotri-Kalan Area,23.083,76.855,31.4,2.7,29.1,2.0,0.4,10810.0,10,Dengue,53.11,High
2020,4,2020-04-01,Summer,VIT Bhopal University,Kotri-Kalan Area,23.083,76.855,31.4,2.7,29.1,2.0,0.4,10810.0,9,Malaria,49.39,Medium
2020,4,2020-04-01,Summer,VIT Bhopal University,Kotri-Kalan Area,23.083,76.855,31.4,2.7,29.1,2.0,0.4,10810.0,14,Chikungunya,55.75,High
2020,5,2020-05-01,Summer,Bhopal City,Old Bhopal (Chowk),23.2676,77.412,33.0,11.0,28.1,0.5,0.65,9948.0,13,Dengue,66.59,High
2020,5,2020-05-01,Summer,Bhopal City,Old Bhopal (Chowk),23.2676,77.412,33.0,11.0,28.1,0.5,0.65,9948.0,14,Malaria,64.75,High
2020,5,2020-05-01,Summer,Bhopal City,Old Bhopal (Chowk),23.2676,77.412,33.0,11.0,28.1,0.5,0.65,9948.0,13,Chikungunya,67.35,High
2020,5,2020-05-01,Summer,Bhopal City,New Market,23.235,77.423,32.7,9.8,31.4,2.1,0.35,9061.0,6,Dengue,50.77,High
2020,5,2020-05-01,Summer,Bhopal City,New Market,23.235,77.423,32.7,9.8,31.4,2.1,0.35,9061.0,7,Malaria,47.7,Medium
2020,5,2020-05-01,Summer,Bhopal City,New Market,23.235,77.423,32.7,9.8,31.4,2.1,0.35,9061.0,7,Chikungunya,52.32,High
2020,5,2020-05-01,Summer,Bhopal City,Kolar Road,23.175,77.445,31.3,11.9,27.6,3.5,0.4,10972.0,7,Dengue,51.84,High
2020,5,2020-05-01,Summer,Bhopal City,Kolar Road,23.175,77.445,31.3,11.9,27.6,3.5,0.4,10972.0,3,Malaria,47.51,Medium
2020,5,2020-05-01,Summer,Bhopal City,Kolar Road,23.175,77.445,31.3,11.9,27.6,3.5,0.4,10972.0,3,Chikungunya,52.55,High
2020,5,2020-05-01,Summer,Bhopal City,Habibganj,23.23,77.438,34.2,9.7,19.8,1.8,0.38,10163.0,8,Dengue,52.22,High
2020,5,2020-05-01,Summer,Bhopal City,Habibganj,23.23,77.438,34.2,9.7,19.8,1.8,0.38,10163.0,9,Malaria,48.84,Medium
2020,5,2020-05-01,Summer,Bhopal City,Habibganj,23.23,77.438,34.2,9.7,19.8,1.8,0.38,10163.0,9,Chikungunya,53.97,High
2020,5,2020-05-01,Summer,Bhopal City,Shahpura,23.195,77.435,35.7,12.6,28.9,2.5,0.42,11549.0,8,Dengue,47.21,Medium
2020,5,2020-05-01,Summer,Bhopal City,Shahpura,23.195,77.435,35.7,12.6,28.9,2.5,0.42,11549.0,9,Malaria,45.91,Medium
2020,5,2020-05-01,Summer,Bhopal City,Shahpura,23.195,77.435,35.7,12.6,28.9,2.5,0.42,11549.0,5,Chikungunya,46.45,Medium
2020,5,2020-05-01,Summer,Bhopal City,Ayodhya Nagar,23.21,77.455,32.3,7.5,37.2,4.0,0.3,10915.0,3,Dengue,44.04,Medium
2020,5,2020-05-01,Summer,Bhopal City,Ayodhya Nagar,23.21,77.455,32.3,7.5,37.2,4.0,0.3,10915.0,7,Malaria,40.77,Medium
2020,5,2020-05-01,Summer,Bhopal City,Ayodhya Nagar,23.21,77.455,32.3,7.5,37.2,4.0,0.3,10915.0,1,Chikungunya,45.56,Medium
2020,5,2020-05-01,Summer,Bhopal City,Upper Lake Area,23.25,77.39,34.3,11.4,29.6,0.2,0.75,4938.0,12,Dengue,64.57,High
2020,5,2020-05-01,Summer,Bhopal City,Upper Lake Area,23.25,77.39,34.3,11.4,29.6,0.2,0.75,4938.0,12,Malaria,63.91,High
2020,5,2020-05-01,Summer,Bhopal City,Upper Lake Area,23.25,77.39,34.3,11.4,29.6,0.2,0.75,4938.0,12,Chikungunya,65.27,High
2020,5,2020-05-01,Summer,Bhopal City,Lower Lake Area,23.255,77.405,36.2,9.7,26.6,0.3,0.7,7840.0,14,Dengue,52.41,High
2020,5,2020-05-01,Summer,Bhopal City,Lower Lake Area,23.255,77.405,36.2,9.7,26.6,0.3,0.7,7840.0,11,Malaria,51.39,High
2020,5,2020-05-01,Summer,Bhopal City,Lower Lake Area,23.255,77.405,36.2,9.7,26.6,0.3,0.7,7840.0,15,Chikungunya,52.8,High
2020,5,2020-05-01,Summer,Bhopal City,Arera Colony,23.22,77.43,34.3,5.9,28.8,2.0,0.45,4266.0,7,Dengue,48.27,Medium
2020,5,2020-05-01,Summer,Bhopal City,Arera Colony,23.22,77.43,34.3,5.9,28.8,2.0,0.45,4266.0,8,Malaria,46.31,Medium
2020,5,2020-05-01,Summer,Bhopal City,Arera Colony,23.22,77.43,34.3,5.9,28.8,2.0,0.45,4266.0,8,Chikungunya,50.05,High
2020,5,2020-05-01,Summer,Bhopal City,Bairagarh,23.28,77.37,33.0,10.6,26.0,1.2,0.55,9652.0,7,Dengue,61.18,High
2020,5,2020-05-01,Summer,Bhopal City,Bairagarh,23.28,77.37,33.0,10.6,26.0,1.2,0.55,9652.0,9,Malaria,59.31,High
2020,5,2020-05-01,Summer,Bhopal City,Bairagarh,23.28,77.37,33.0,10.6,26.0,1.2,0.55,9652.0,13,Chikungunya,63.64,High
2020,5,2020-05-01,Summer,Bhopal City,Misrod,23.165,77.46,34.2,11.9,29.0,3.0,0.48,9149.0,6,Dengue,53.66,High
2020,5,2020-05-01,Summer,Bhopal City,Misrod,23.165,77.46,34.2,11.9,29.0,3.0,0.48,9149.0,5,Malaria,50.53,High
2020,5,2020-05-01,Summer,Bhopal City,Misrod,23.165,77.46,34.2,11.9,29.0,3.0,0.48,9149.0,6,Chikungunya,55.28,High
2020,5,2020-05-01,Summer,Bhopal City,BHEL Area,23.245,77.465,36.0,11.0,27.1,3.8,0.32,9270.0,5,Dengue,40.05,Medium
2020,5,2020-05-01,Summer,Bhopal City,BHEL Area,23.245,77.465,36.0,11.0,27.1,3.8,0.32,9270.0,5,Malaria,38.06,Medium
2020,5,2020-05-01,Summer,Bhopal City,BHEL Area,23.245,77.465,36.0,11.0,27.1,3.8,0.32,9270.0,3,Chikungunya,40.07,Medium
2020,5,2020-05-01,Summer,Ashta,Ashta Town Center,23.015,76.725,35.6,9.8,34.7,1.0,0.55,7404.0,11,Dengue,48.13,Medium
2020,5,2020-05-01,Summer,Ashta,Ashta Town Center,23.015,76.725,35.6,9.8,34.7,1.0,0.55,7404.0,15,Malaria,48.3,Medium
2020,5,2020-05-01,Summer,Ashta,Ashta Town Center,23.015,76.725,35.6,9.8,34.7,1.0,0.55,7404.0,11,Chikungunya,48.08,Medium
2020,5,2020-05-01,Summer,Ashta,Ashta Industrial Area,23.02,76.735,35.3,13.0,36.9,2.5,0.3,3466.0,5,Dengue,40.86,Medium
2020,5,2020-05-01,Summer,Ashta,Ashta Industrial Area,23.02,76.735,35.3,13.0,36.9,2.5,0.3,3466.0,7,Malaria,41.11,Medium
2020,5,2020-05-01,Summer,Ashta,Ashta Industrial Area,23.02,76.735,35.3,13.0,36.9,2.5,0.3,3466.0,7,Chikungunya,40.99,Medium
2020,5,2020-05-01,Summer,Ashta,Ashta Rural East,23.01,76.745,34.0,12.3,32.7,0.8,0.68,1168.0,12,Dengue,59.01,High
2020,5,2020-05-01,Summer,Ashta,Ashta Rural East,23.01,76.745,34.0,12.3,32.7,0.8,0.68,1168.0,13,Malaria,58.99,High
2020,5,2020-05-01,Summer,Ashta,Ashta Rural East,23.01,76.745,34.0,12.3,32.7,0.8,0.68,1168.0,11,Chikungunya,59.59,High
2020,5,2020-05-01,Summer,Ashta,Ashta Nadi Belt,23.008,76.715,33.4,10.2,23.6,0.3,0.72,6696.0,14,Dengue,65.2,High
2020,5,2020-05-01,Summer,Ashta,Ashta Nadi Belt,23.008,76.715,33.4,10.2,23.6,0.3,0.72,6696.0,10,Malaria,63.09,High
2020,5,2020-05-01,Summer,Ashta,Ashta Nadi Belt,23.008,76.715,33.4,10.2,23.6,0.3,0.72,6696.0,17,Chikungunya,66.94,High
2020,5,2020-05-01,Summer,VIT Bhopal University,VIT Main Campus,23.077,76.8512,33.9,9.9,33.6,1.5,0.5,3079.0,10,Dengue,50.83,High
2020,5,2020-05-01,Summer,VIT Bhopal University,VIT Main Campus,23.077,76.8512,33.9,9.9,33.6,1.5,0.5,3079.0,8,Malaria,48.78,Medium
2020,5,2020-05-01,Summer,VIT Bhopal University,VIT Main Campus,23.077,76.8512,33.9,9.9,33.6,1.5,0.5,3079.0,10,Chikungunya,52.15,High
2020,5,2020-05-01,Summer,VIT Bhopal University,VIT Hostel Area,23.078,76.853,34.1,10.3,32.3,1.8,0.45,4736.0,10,Dengue,55.43,High
2020,5,2020-05-01,Summer,VIT Bhopal University,VIT Hostel Area,23.078,76.853,34.1,10.3,32.3,1.8,0.45,4736.0,6,Malaria,52.91,High
2020,5,2020-05-01,Summer,VIT Bhopal University,VIT Hostel Area,23.078,76.853,34.1,10.3,32.3,1.8,0.45,4736.0,8,Chikungunya,55.81,High
2020,5,2020-05-01,Summer,VIT Bhopal University,VIT Surrounding Village,23.072,76.848,34.4,8.7,35.4,0.6,0.62,3354.0,16,Dengue,57.1,High
2020,5,2020-05-01,Summer,VIT Bhopal University,VIT Surrounding Village,23.072,76.848,34.4,8.7,35.4,0.6,0.62,3354.0,14,Malaria,55.4,High
2020,5,2020-05-01,Summer,VIT Bhopal University,VIT Surrounding Village,23.072,76.848,34.4,8.7,35.4,0.6,0.62,3354.0,11,Chikungunya,56.93,High
2020,5,2020-05-01,Summer,VIT Bhopal University,Kotri-Kalan Area,23.083,76.855,33.8,9.9,31.6,2.0,0.4,10966.0,11,Dengue,53.6,High
2020,5,2020-05-01,Summer,VIT Bhopal University,Kotri-Kalan Area,23.083,76.855,33.8,9.9,31.6,2.0,0.4,10966.0,12,Malaria,50.3,High
2020,5,2020-05-01,Summer,VIT Bhopal University,Kotri-Kalan Area,23.083,76.855,33.8,9.9,31.6,2.0,0.4,10966.0,7,Chikungunya,53.99,High
2020,6,2020-06-01,Monsoon,Bhopal City,Old Bhopal (Chowk),23.2676,77.412,30.4,92.6,68.0,0.5,0.65,7108.0,18,Dengue,81.5,Critical
2020,6,2020-06-01,Monsoon,Bhopal City,Old Bhopal (Chowk),23.2676,77.412,30.4,92.6,68.0,0.5,0.65,7108.0,18,Malaria,81.82,Critical
2020,6,2020-06-01,Monsoon,Bhopal City,Old Bhopal (Chowk),23.2676,77.412,30.4,92.6,68.0,0.5,0.65,7108.0,15,Chikungunya,79.62,Critical
2020,6,2020-06-01,Monsoon,Bhopal City,New Market,23.235,77.423,30.7,149.7,61.4,2.1,0.35,5948.0,9,Dengue,69.0,High
2020,6,2020-06-01,Monsoon,Bhopal City,New Market,23.235,77.423,30.7,149.7,61.4,2.1,0.35,5948.0,10,Malaria,68.74,High
2020,6,2020-06-01,Monsoon,Bhopal City,New Market,23.235,77.423,30.7,149.7,61.4,2.1,0.35,5948.0,10,Chikungunya,68.37,High
2020,6,2020-06-01,Monsoon,Bhopal City,Kolar Road,23.175,77.445,32.8,104.8,60.5,3.5,0.4,9672.0,10,Dengue,67.59,High
2020,6,2020-06-01,Monsoon,Bhopal City,Kolar Road,23.175,77.445,32.8,104.8,60.5,3.5,0.4,9672.0,13,Malaria,66.47,High
2020,6,2020-06-01,Monsoon,Bhopal City,Kolar Road,23.175,77.445,32.8,104.8,60.5,3.5,0.4,9672.0,10,Chikungunya,67.68,High
2020,6,2020-06-01,Monsoon,Bhopal City,Habibganj,23.23,77.438,30.0,108.3,70.7,1.8,0.38,8693.0,10,Dengue,73.75,High
2020,6,2020-06-01,Monsoon,Bhopal City,Habibganj,23.23,77.438,30.0,108.3,70.7,1.8,0.38,8693.0,10,Malaria,73.06,High
2020,6,2020-06-01,Monsoon,Bhopal City,Habibganj,23.23,77.438,30.0,108.3,70.7,1.8,0.38,8693.0,13,Chikungunya,73.41,High
2020,6,2020-06-01,Monsoon,Bhopal City,Shahpura,23.195,77.435,33.5,158.7,61.5,2.5,0.42,8627.0,8,Dengue,70.17,High
2020,6,2020-06-01,Monsoon,Bhopal City,Shahpura,23.195,77.435,33.5,158.7,61.5,2.5,0.42,8627.0,9,Malaria,69.4,High
2020,6,2020-06-01,Monsoon,Bhopal City,Shahpura,23.195,77.435,33.5,158.7,61.5,2.5,0.42,8627.0,12,Chikungunya,70.72,High
2020,6,2020-06-01,Monsoon,Bhopal City,Ayodhya Nagar,23.21,77.455,31.2,99.5,53.8,4.0,0.3,9356.0,6,Dengue,62.91,High
2020,6,2020-06-01,Monsoon,Bhopal City,Ayodhya Nagar,23.21,77.455,31.2,99.5,53.8,4.0,0.3,9356.0,6,Malaria,60.87,High
2020,6,2020-06-01,Monsoon,Bhopal City,Ayodhya Nagar,23.21,77.455,31.2,99.5,53.8,4.0,0.3,9356.0,5,Chikungunya,62.79,High
2020,6,2020-06-01,Monsoon,Bhopal City,Upper Lake Area,23.25,77.39,31.2,93.4,60.4,0.2,0.75,10736.0,20,Dengue,85.62,Critical
2020,6,2020-06-01,Monsoon,Bhopal City,Upper Lake Area,23.25,77.39,31.2,93.4,60.4,0.2,0.75,10736.0,15,Malaria,84.44,Critical
2020,6,2020-06-01,Monsoon,Bhopal City,Upper Lake Area,23.25,77.39,31.2,93.4,60.4,0.2,0.75,10736.0,16,Chikungunya,83.71,Critical
2020,6,2020-06-01,Monsoon,Bhopal City,Lower Lake Area,23.255,77.405,33.2,148.4,64.8,0.3,0.7,4289.0,17,Dengue,79.91,Critical
2020,6,2020-06-01,Monsoon,Bhopal City,Lower Lake Area,23.255,77.405,33.2,148.4,64.8,0.3,0.7,4289.0,18,Malaria,81.15,Critical
2020,6,2020-06-01,Monsoon,Bhopal City,Lower Lake Area,23.255,77.405,33.2,148.4,64.8,0.3,0.7,4289.0,26,Chikungunya,81.39,Critical
2020,6,2020-06-01,Monsoon,Bhopal City,Arera Colony,23.22,77.43,30.7,88.4,70.8,2.0,0.45,8125.0,19,Dengue,75.44,Critical
2020,6,2020-06-01,Monsoon,Bhopal City,Arera Colony,23.22,77.43,30.7,88.4,70.8,2.0,0.45,8125.0,12,Malaria,73.17,High
2020,6,2020-06-01,Monsoon,Bhopal City,Arera Colony,23.22,77.43,30.7,88.4,70.8,2.0,0.45,8125.0,15,Chikungunya,73.76,High
2020,6,2020-06-01,Monsoon,Bhopal City,Bairagarh,23.28,77.37,30.3,120.3,55.0,1.2,0.55,4545.0,13,Dengue,73.44,High
2020,6,2020-06-01,Monsoon,Bhopal City,Bairagarh,23.28,77.37,30.3,120.3,55.0,1.2,0.55,4545.0,14,Malaria,73.93,High
2020,6,2020-06-01,Monsoon,Bhopal City,Bairagarh,23.28,77.37,30.3,120.3,55.0,1.2,0.55,4545.0,12,Chikungunya,72.4,High
2020,6,2020-06-01,Monsoon,Bhopal City,Misrod,23.165,77.46,31.2,119.3,58.2,3.0,0.48,4808.0,13,Dengue,66.78,High
2020,6,2020-06-01,Monsoon,Bhopal City,Misrod,23.165,77.46,31.2,119.3,58.2,3.0,0.48,4808.0,12,Malaria,66.02,High
2020,6,2020-06-01,Monsoon,Bhopal City,Misrod,23.165,77.46,31.2,119.3,58.2,3.0,0.48,4808.0,7,Chikungunya,65.22,High
2020,6,2020-06-01,Monsoon,Bhopal City,BHEL Area,23.245,77.465,30.9,152.4,56.0,3.8,0.32,5097.0,4,Dengue,60.16,High
2020,6,2020-06-01,Monsoon,Bhopal City,BHEL Area,23.245,77.465,30.9,152.4,56.0,3.8,0.32,5097.0,8,Malaria,60.02,High
2020,6,2020-06-01,Monsoon,Bhopal City,BHEL Area,23.245,77.465,30.9,152.4,56.0,3.8,0.32,5097.0,6,Chikungunya,60.68,High
2020,6,2020-06-01,Monsoon,Ashta,Ashta Town Center,23.015,76.725,33.8,107.6,48.5,1.0,0.55,7156.0,18,Dengue,76.79,Critical
2020,6,2020-06-01,Monsoon,Ashta,Ashta Town Center,23.015,76.725,33.8,107.6,48.5,1.0,0.55,7156.0,18,Malaria,76.31,Critical
2020,6,2020-06-01,Monsoon,Ashta,Ashta Town Center,23.015,76.725,33.8,107.6,48.5,1.0,0.55,7156.0,13,Chikungunya,74.84,High
2020,6,2020-06-01,Monsoon,Ashta,Ashta Industrial Area,23.02,76.735,31.3,95.0,55.1,2.5,0.3,2699.0,9,Dengue,63.83,High
2020,6,2020-06-01,Monsoon,Ashta,Ashta Industrial Area,23.02,76.735,31.3,95.0,55.1,2.5,0.3,2699.0,8,Malaria,63.44,High
2020,6,2020-06-01,Monsoon,Ashta,Ashta Industrial Area,23.02,76.735,31.3,95.0,55.1,2.5,0.3,2699.0,10,Chikungunya,63.47,High
2020,6,2020-06-01,Monsoon,Ashta,Ashta Rural East,23.01,76.745,31.5,123.5,66.6,0.8,0.68,1466.0,18,Dengue,76.08,Critical
2020,6,2020-06-01,Monsoon,Ashta,Ashta Rural East,23.01,76.745,31.5,123.5,66.6,0.8,0.68,1466.0,19,Malaria,77.64,Critical
2020,6,2020-06-01,Monsoon,Ashta,Ashta Rural East,23.01,76.745,31.5,123.5,66.6,0.8,0.68,1466.0,20,Chikungunya,75.86,Critical
2020,6,2020-06-01,Monsoon,Ashta,Ashta Nadi Belt,23.008,76.715,32.8,144.5,58.9,0.3,0.72,5797.0,18,Dengue,80.97,Critical
2020,6,2020-06-01,Monsoon,Ashta,Ashta Nadi Belt,23.008,76.715,32.8,144.5,58.9,0.3,0.72,5797.0,19,Malaria,81.79,Critical
2020,6,2020-06-01,Monsoon,Ashta,Ashta Nadi Belt,23.008,76.715,32.8,144.5,58.9,0.3,0.72,5797.0,26,Chikungunya,82.37,Critical
2020,6,2020-06-01,Monsoon,VIT Bhopal University,VIT Main Campus,23.077,76.8512,31.7,122.8,61.5,1.5,0.5,3572.0,22,Dengue,73.89,High
2020,6,2020-06-01,Monsoon,VIT Bhopal University,VIT Main Campus,23.077,76.8512,31.7,122.8,61.5,1.5,0.5,3572.0,15,Malaria,72.53,High
2020,6,2020-06-01,Monsoon,VIT Bhopal University,VIT Main Campus,23.077,76.8512,31.7,122.8,61.5,1.5,0.5,3572.0,17,Chikungunya,72.04,High
2020,6,2020-06-01,Monsoon,VIT Bhopal University,VIT Hostel Area,23.078,76.853,33.2,151.5,55.4,1.8,0.45,4984.0,13,Dengue,70.66,High
2020,6,2020-06-01,Monsoon,VIT Bhopal University,VIT Hostel Area,23.078,76.853,33.2,151.5,55.4,1.8,0.45,4984.0,9,Malaria,69.63,High
2020,6,2020-06-01,Monsoon,VIT Bhopal University,VIT Hostel Area,23.078,76.853,33.2,151.5,55.4,1.8,0.45,4984.0,12,Chikungunya,69.78,High
2020,6,2020-06-01,Monsoon,VIT Bhopal University,VIT Surrounding Village,23.072,76.848,31.3,108.7,55.9,0.6,0.62,4444.0,15,Dengue,76.79,Critical
2020,6,2020-06-01,Monsoon,VIT Bhopal University,VIT Surrounding Village,23.072,76.848,31.3,108.7,55.9,0.6,0.62,4444.0,18,Malaria,78.02,Critical
2020,6,2020-06-01,Monsoon,VIT Bhopal University,VIT Surrounding Village,23.072,76.848,31.3,108.7,55.9,0.6,0.62,4444.0,16,Chikungunya,76.15,Critical
2020,6,2020-06-01,Monsoon,VIT Bhopal University,Kotri-Kalan Area,23.083,76.855,28.9,132.3,67.4,2.0,0.4,7522.0,9,Dengue,71.72,High
2020,6,2020-06-01,Monsoon,VIT Bhopal University,Kotri-Kalan Area,23.083,76.855,28.9,132.3,67.4,2.0,0.4,7522.0,15,Malaria,72.4,High
2020,6,2020-06-01,Monsoon,VIT Bhopal University,Kotri-Kalan Area,23.083,76.855,28.9,132.3,67.4,2.0,0.4,7522.0,13,Chikungunya,71.85,High
2020,7,2020-07-01,Monsoon,Bhopal City,Old Bhopal (Chowk),23.2676,77.412,27.2,404.0,72.5,0.5,0.65,11525.0,18,Dengue,67.27,High
2020,7,2020-07-01,Monsoon,Bhopal City,Old Bhopal (Chowk),23.2676,77.412,27.2,404.0,72.5,0.5,0.65,11525.0,20,Malaria,65.8,High
2020,7,2020-07-01,Monsoon,Bhopal City,Old Bhopal (Chowk),23.2676,77.412,27.2,404.0,72.5,0.5,0.65,11525.0,16,Chikungunya,67.28,High
2020,7,2020-07-01,Monsoon,Bhopal City,New Market,23.235,77.423,28.3,454.5,80.6,2.1,0.35,4523.0,7,Dengue,52.3,High
2020,7,2020-07-01,Monsoon,Bhopal City,New Market,23.235,77.423,28.3,454.5,80.6,2.1,0.35,4523.0,11,Malaria,51.69,High
2020,7,2020-07-01,Monsoon,Bhopal City,New Market,23.235,77.423,28.3,454.5,80.6,2.1,0.35,4523.0,11,Chikungunya,53.75,High
2020,7,2020-07-01,Monsoon,Bhopal City,Kolar Road,23.175,77.445,29.2,262.2,83.5,3.5,0.4,7711.0,8,Dengue,63.84,High
2020,7,2020-07-01,Monsoon,Bhopal City,Kolar Road,23.175,77.445,29.2,262.2,83.5,3.5,0.4,7711.0,10,Malaria,63.04,High
2020,7,2020-07-01,Monsoon,Bhopal City,Kolar Road,23.175,77.445,29.2,262.2,83.5,3.5,0.4,7711.0,8,Chikungunya,63.79,High
2020,7,2020-07-01,Monsoon,Bhopal City,Habibganj,23.23,77.438,26.0,318.6,92.1,1.8,0.38,7294.0,12,Dengue,71.24,High
2020,7,2020-07-01,Monsoon,Bhopal City,Habibganj,23.23,77.438,26.0,318.6,92.1,1.8,0.38,7294.0,10,Malaria,70.38,High
2020,7,2020-07-01,Monsoon,Bhopal City,Habibganj,23.23,77.438,26.0,318.6,92.1,1.8,0.38,7294.0,16,Chikungunya,71.24,High
2020,7,2020-07-01,Monsoon,Bhopal City,Shahpura,23.195,77.435,27.9,298.5,82.4,2.5,0.42,7983.0,12,Dengue,68.71,High
2020,7,2020-07-01,Monsoon,Bhopal City,Shahpura,23.195,77.435,27.9,298.5,82.4,2.5,0.42,7983.0,14,Malaria,68.12,High
2020,7,2020-07-01,Monsoon,Bhopal City,Shahpura,23.195,77.435,27.9,298.5,82.4,2.5,0.42,7983.0,12,Chikungunya,68.28,High
2020,7,2020-07-01,Monsoon,Bhopal City,Ayodhya Nagar,23.21,77.455,29.3,283.1,84.1,4.0,0.3,7523.0,7,Dengue,60.71,High
2020,7,2020-07-01,Monsoon,Bhopal City,Ayodhya Nagar,23.21,77.455,29.3,283.1,84.1,4.0,0.3,7523.0,7,Malaria,59.21,High
2020,7,2020-07-01,Monsoon,Bhopal City,Ayodhya Nagar,23.21,77.455,29.3,283.1,84.1,4.0,0.3,7523.0,2,Chikungunya,59.31,High
2020,7,2020-07-01,Monsoon,Bhopal City,Upper Lake Area,23.25,77.39,30.7,365.7,78.0,0.2,0.75,10865.0,24,Dengue,84.34,Critical
2020,7,2020-07-01,Monsoon,Bhopal City,Upper Lake Area,23.25,77.39,30.7,365.7,78.0,0.2,0.75,10865.0,22,Malaria,83.56,Critical
2020,7,2020-07-01,Monsoon,Bhopal City,Upper Lake Area,23.25,77.39,30.7,365.7,78.0,0.2,0.75,10865.0,20,Chikungunya,82.64,Critical
2020,7,2020-07-01,Monsoon,Bhopal City,Lower Lake Area,23.255,77.405,28.9,201.5,79.0,0.3,0.7,7954.0,23,Dengue,81.7,Critical
2020,7,2020-07-01,Monsoon,Bhopal City,Lower Lake Area,23.255,77.405,28.9,201.5,79.0,0.3,0.7,7954.0,16,Malaria,80.25,Critical
2020,7,2020-07-01,Monsoon,Bhopal City,Lower Lake Area,23.255,77.405,28.9,201.5,79.0,0.3,0.7,7954.0,23,Chikungunya,81.02,Critical
2020,7,2020-07-01,Monsoon,Bhopal City,Arera Colony,23.22,77.43,27.2,321.3,78.7,2.0,0.45,9991.0,15,Dengue,72.76,High
2020,7,2020-07-01,Monsoon,Bhopal City,Arera Colony,23.22,77.43,27.2,321.3,78.7,2.0,0.45,9991.0,12,Malaria,70.84,High
2020,7,2020-07-01,Monsoon,Bhopal City,Arera Colony,23.22,77.43,27.2,321.3,78.7,2.0,0.45,9991.0,11,Chikungunya,71.17,High
2020,7,2020-07-01,Monsoon,Bhopal City,Bairagarh,23.28,77.37,25.0,422.0,75.4,1.2,0.55,11506.0,20,Dengue,55.72,High
2020,7,2020-07-01,Monsoon,Bhopal City,Bairagarh,23.28,77.37,25.0,422.0,75.4,1.2,0.55,11506.0,15,Malaria,53.95,High
2020,7,2020-07-01,Monsoon,Bhopal City,Bairagarh,23.28,77.37,25.0,422.0,75.4,1.2,0.55,11506.0,17,Chikungunya,54.49,High
2020,7,2020-07-01,Monsoon,Bhopal City,Misrod,23.165,77.46,28.6,478.7,80.9,3.0,0.48,4099.0,10,Dengue,50.77,High
2020,7,2020-07-01,Monsoon,Bhopal City,Misrod,23.165,77.46,28.6,478.7,80.9,3.0,0.48,4099.0,13,Malaria,49.83,Medium
2020,7,2020-07-01,Monsoon,Bhopal City,Misrod,23.165,77.46,28.6,478.7,80.9,3.0,0.48,4099.0,12,Chikungunya,52.57,High
2020,7,2020-07-01,Monsoon,Bhopal City,BHEL Area,23.245,77.465,27.5,368.6,85.2,3.8,0.32,10634.0,9,Dengue,64.2,High
2020,7,2020-07-01,Monsoon,Bhopal City,BHEL Area,23.245,77.465,27.5,368.6,85.2,3.8,0.32,10634.0,9,Malaria,62.27,High
2020,7,2020-07-01,Monsoon,Bhopal City,BHEL Area,23.245,77.465,27.5,368.6,85.2,3.8,0.32,10634.0,7,Chikungunya,63.62,High
2020,7,2020-07-01,Monsoon,Ashta,Ashta Town Center,23.015,76.725,28.1,468.7,78.9,1.0,0.55,6035.0,14,Dengue,60.98,High
2020,7,2020-07-01,Monsoon,Ashta,Ashta Town Center,23.015,76.725,28.1,468.7,78.9,1.0,0.55,6035.0,14,Malaria,59.79,High
2020,7,2020-07-01,Monsoon,Ashta,Ashta Town Center,23.015,76.725,28.1,468.7,78.9,1.0,0.55,6035.0,10,Chikungunya,60.24,High
2020,7,2020-07-01,Monsoon,Ashta,Ashta Industrial Area,23.02,76.735,28.3,328.4,78.2,2.5,0.3,3605.0,10,Dengue,63.11,High
2020,7,2020-07-01,Monsoon,Ashta,Ashta Industrial Area,23.02,76.735,28.3,328.4,78.2,2.5,0.3,3605.0,9,Malaria,62.55,High
2020,7,2020-07-01,Monsoon,Ashta,Ashta Industrial Area,23.02,76.735,28.3,328.4,78.2,2.5,0.3,3605.0,10,Chikungunya,62.44,High
2020,7,2020-07-01,Monsoon,Ashta,Ashta Rural East,23.01,76.745,25.3,239.1,83.3,0.8,0.68,1412.0,16,Dengue,73.22,High
2020,7,2020-07-01,Monsoon,Ashta,Ashta Rural East,23.01,76.745,25.3,239.1,83.3,0.8,0.68,1412.0,11,Malaria,73.61,High
2020,7,2020-07-01,Monsoon,Ashta,Ashta Rural East,23.01,76.745,25.3,239.1,83.3,0.8,0.68,1412.0,12,Chikungunya,71.32,High
2020,7,2020-07-01,Monsoon,Ashta,Ashta Nadi Belt,23.008,76.715,28.8,300.4,83.7,0.3,0.72,7071.0,19,Dengue,80.71,Critical
2020,7,2020-07-01,Monsoon,Ashta,Ashta Nadi Belt,23.008,76.715,28.8,300.4,83.7,0.3,0.72,7071.0,15,Malaria,80.33,Critical
2020,7,2020-07-01,Monsoon,Ashta,Ashta Nadi Belt,23.008,76.715,28.8,300.4,83.7,0.3,0.72,7071.0,22,Chikungunya,80.65,Critical
2020,7,2020-07-01,Monsoon,VIT Bhopal University,VIT Main Campus,23.077,76.8512,27.7,304.5,82.8,1.5,0.5,4357.0,14,Dengue,70.73,High
2020,7,2020-07-01,Monsoon,VIT Bhopal University,VIT Main Campus,23.077,76.8512,27.7,304.5,82.8,1.5,0.5,4357.0,11,Malaria,70.36,High
2020,7,2020-07-01,Monsoon,VIT Bhopal University,VIT Main Campus,23.077,76.8512,27.7,304.5,82.8,1.5,0.5,4357.0,11,Chikungunya,69.09,High
2020,7,2020-07-01,Monsoon,VIT Bhopal University,VIT Hostel Area,23.078,76.853,28.7,212.8,85.7,1.8,0.45,4458.0,19,Dengue,70.71,High
2020,7,2020-07-01,Monsoon,VIT Bhopal University,VIT Hostel Area,23.078,76.853,28.7,212.8,85.7,1.8,0.45,4458.0,14,Malaria,69.55,High
2020,7,2020-07-01,Monsoon,VIT Bhopal University,VIT Hostel Area,23.078,76.853,28.7,212.8,85.7,1.8,0.45,4458.0,10,Chikungunya,67.62,High
2020,7,2020-07-01,Monsoon,VIT Bhopal University,VIT Surrounding Village,23.072,76.848,30.0,447.7,79.2,0.6,0.62,3819.0,18,Dengue,62.33,High
2020,7,2020-07-01,Monsoon,VIT Bhopal University,VIT Surrounding Village,23.072,76.848,30.0,447.7,79.2,0.6,0.62,3819.0,13,Malaria,60.73,High
2020,7,2020-07-01,Monsoon,VIT Bhopal University,VIT Surrounding Village,23.072,76.848,30.0,447.7,79.2,0.6,0.62,3819.0,14,Chikungunya,61.65,High
2020,7,2020-07-01,Monsoon,VIT Bhopal University,Kotri-Kalan Area,23.083,76.855,27.7,343.5,83.1,2.0,0.4,11107.0,15,Dengue,72.71,High
2020,7,2020-07-01,Monsoon,VIT Bhopal University,Kotri-Kalan Area,23.083,76.855,27.7,343.5,83.1,2.0,0.4,11107.0,13,Malaria,70.98,High
2020,7,2020-07-01,Monsoon,VIT Bhopal University,Kotri-Kalan Area,23.083,76.855,27.7,343.5,83.1,2.0,0.4,11107.0,11,Chikungunya,70.93,High
2020,8,2020-08-01,Monsoon,Bhopal City,Old Bhopal (Chowk),23.2676,77.412,24.9,324.8,95.4,0.5,0.65,7911.0,20,Dengue,72.57,High
2020,8,2020-08-01,Monsoon,Bhopal City,Old Bhopal (Chowk),23.2676,77.412,24.9,324.8,95.4,0.5,0.65,7911.0,22,Malaria,74.79,High
2020,8,2020-08-01,Monsoon,Bhopal City,Old Bhopal (Chowk),23.2676,77.412,24.9,324.8,95.4,0.5,0.65,7911.0,25,Chikungunya,71.66,High
2020,8,2020-08-01,Monsoon,Bhopal City,New Market,23.235,77.423,25.1,344.4,85.4,2.1,0.35,5604.0,10,Dengue,67.37,High
2020,8,2020-08-01,Monsoon,Bhopal City,New Market,23.235,77.423,25.1,344.4,85.4,2.1,0.35,5604.0,10,Malaria,67.02,High
2020,8,2020-08-01,Monsoon,Bhopal City,New Market,23.235,77.423,25.1,344.4,85.4,2.1,0.35,5604.0,11,Chikungunya,66.7,High
2020,8,2020-08-01,Monsoon,Bhopal City,Kolar Road,23.175,77.445,25.6,363.5,89.8,3.5,0.4,6357.0,7,Dengue,63.14,High
2020,8,2020-08-01,Monsoon,Bhopal City,Kolar Road,23.175,77.445,25.6,363.5,89.8,3.5,0.4,6357.0,11,Malaria,63.19,High
2020,8,2020-08-01,Monsoon,Bhopal City,Kolar Road,23.175,77.445,25.6,363.5,89.8,3.5,0.4,6357.0,7,Chikungunya,62.93,High
2020,8,2020-08-01,Monsoon,Bhopal City,Habibganj,23.23,77.438,27.3,192.6,86.1,1.8,0.38,4615.0,10,Dengue,72.02,High
2020,8,2020-08-01,Monsoon,Bhopal City,Habibganj,23.23,77.438,27.3,192.6,86.1,1.8,0.38,4615.0,12,Malaria,72.86,High
2020,8,2020-08-01,Monsoon,Bhopal City,Habibganj,23.23,77.438,27.3,192.6,86.1,1.8,0.38,4615.0,14,Chikungunya,71.66,High
2020,8,2020-08-01,Monsoon,Bhopal City,Shahpura,23.195,77.435,22.0,321.4,94.0,2.5,0.42,4574.0,14,Dengue,58.82,High
2020,8,2020-08-01,Monsoon,Bhopal City,Shahpura,23.195,77.435,22.0,321.4,94.0,2.5,0.42,4574.0,9,Malaria,59.26,High
2020,8,2020-08-01,Monsoon,Bhopal City,Shahpura,23.195,77.435,22.0,321.4,94.0,2.5,0.42,4574.0,7,Chikungunya,55.08,High
2020,8,2020-08-01,Monsoon,Bhopal City,Ayodhya Nagar,23.21,77.455,28.4,271.2,85.1,4.0,0.3,6209.0,4,Dengue,59.04,High
2020,8,2020-08-01,Monsoon,Bhopal City,Ayodhya Nagar,23.21,77.455,28.4,271.2,85.1,4.0,0.3,6209.0,4,Malaria,57.93,High
2020,8,2020-08-01,Monsoon,Bhopal City,Ayodhya Nagar,23.21,77.455,28.4,271.2,85.1,4.0,0.3,6209.0,7,Chikungunya,59.73,High
2020,8,2020-08-01,Monsoon,Bhopal City,Upper Lake Area,23.25,77.39,26.2,356.9,84.7,0.2,0.75,7101.0,22,Dengue,82.21,Critical
2020,8,2020-08-01,Monsoon,Bhopal City,Upper Lake Area,23.25,77.39,26.2,356.9,84.7,0.2,0.75,7101.0,22,Malaria,82.62,Critical
2020,8,2020-08-01,Monsoon,Bhopal City,Upper Lake Area,23.25,77.39,26.2,356.9,84.7,0.2,0.75,7101.0,18,Chikungunya,80.29,Critical
2020,8,2020-08-01,Monsoon,Bhopal City,Lower Lake Area,23.255,77.405,29.5,348.2,91.0,0.3,0.7,4385.0,19,Dengue,79.09,Critical
2020,8,2020-08-01,Monsoon,Bhopal City,Lower Lake Area,23.255,77.405,29.5,348.2,91.0,0.3,0.7,4385.0,19,Malaria,80.15,Critical
2020,8,2020-08-01,Monsoon,Bhopal City,Lower Lake Area,23.255,77.405,29.5,348.2,91.0,0.3,0.7,4385.0,18,Chikungunya,77.73,Critical
2020,8,2020-08-01,Monsoon,Bhopal City,Arera Colony,23.22,77.43,28.4,290.2,83.0,2.0,0.45,9259.0,13,Dengue,72.13,High
2020,8,2020-08-01,Monsoon,Bhopal City,Arera Colony,23.22,77.43,28.4,290.2,83.0,2.0,0.45,9259.0,14,Malaria,71.32,High
2020,8,2020-08-01,Monsoon,Bhopal City,Arera Colony,23.22,77.43,28.4,290.2,83.0,2.0,0.45,9259.0,9,Chikungunya,70.37,High
2020,8,2020-08-01,Monsoon,Bhopal City,Bairagarh,23.28,77.37,27.2,215.4,79.3,1.2,0.55,4155.0,13,Dengue,71.56,High
2020,8,2020-08-01,Monsoon,Bhopal City,Bairagarh,23.28,77.37,27.2,215.4,79.3,1.2,0.55,4155.0,17,Malaria,72.81,High
2020,8,2020-08-01,Monsoon,Bhopal City,Bairagarh,23.28,77.37,27.2,215.4,79.3,1.2,0.55,4155.0,12,Chikungunya,70.43,High
2020,8,2020-08-01,Monsoon,Bhopal City,Misrod,23.165,77.46,26.7,406.0,78.8,3.0,0.48,4011.0,13,Dengue,51.21,High
2020,8,2020-08-01,Monsoon,Bhopal City,Misrod,23.165,77.46,26.7,406.0,78.8,3.0,0.48,4011.0,8,Malaria,48.52,Medium
2020,8,2020-08-01,Monsoon,Bhopal City,Misrod,23.165,77.46,26.7,406.0,78.8,3.0,0.48,4011.0,13,Chikungunya,52.61,High
2020,8,2020-08-01,Monsoon,Bhopal City,BHEL Area,23.245,77.465,24.3,231.9,81.9,3.8,0.32,5567.0,6,Dengue,50.81,High
2020,8,2020-08-01,Monsoon,Bhopal City,BHEL Area,23.245,77.465,24.3,231.9,81.9,3.8,0.32,5567.0,9,Malaria,52.01,High
2020,8,2020-08-01,Monsoon,Bhopal City,BHEL Area,23.245,77.465,24.3,231.9,81.9,3.8,0.32,5567.0,6,Chikungunya,49.53,Medium
2020,8,2020-08-01,Monsoon,Ashta,Ashta Town Center,23.015,76.725,24.9,300.3,85.2,1.0,0.55,5935.0,16,Dengue,66.21,High
2020,8,2020-08-01,Monsoon,Ashta,Ashta Town Center,23.015,76.725,24.9,300.3,85.2,1.0,0.55,5935.0,16,Malaria,67.98,High
2020,8,2020-08-01,Monsoon,Ashta,Ashta Town Center,23.015,76.725,24.9,300.3,85.2,1.0,0.55,5935.0,19,Chikungunya,64.88,High
2020,8,2020-08-01,Monsoon,Ashta,Ashta Industrial Area,23.02,76.735,27.4,336.4,85.1,2.5,0.3,3515.0,9,Dengue,63.48,High
2020,8,2020-08-01,Monsoon,Ashta,Ashta Industrial Area,23.02,76.735,27.4,336.4,85.1,2.5,0.3,3515.0,10,Malaria,63.52,High
2020,8,2020-08-01,Monsoon,Ashta,Ashta Industrial Area,23.02,76.735,27.4,336.4,85.1,2.5,0.3,3515.0,5,Chikungunya,61.52,High
2020,8,2020-08-01,Monsoon,Ashta,Ashta Rural East,23.01,76.745,27.4,297.1,88.1,0.8,0.68,833.0,16,Dengue,73.24,High
2020,8,2020-08-01,Monsoon,Ashta,Ashta Rural East,23.01,76.745,27.4,297.1,88.1,0.8,0.68,833.0,20,Malaria,75.64,Critical
2020,8,2020-08-01,Monsoon,Ashta,Ashta Rural East,23.01,76.745,27.4,297.1,88.1,0.8,0.68,833.0,17,Chikungunya,72.64,High
2020,8,2020-08-01,Monsoon,Ashta,Ashta Nadi Belt,23.008,76.715,24.6,440.2,83.8,0.3,0.72,4948.0,18,Dengue,56.97,High
2020,8,2020-08-01,Monsoon,Ashta,Ashta Nadi Belt,23.008,76.715,24.6,440.2,83.8,0.3,0.72,4948.0,18,Malaria,58.16,High
2020,8,2020-08-01,Monsoon,Ashta,Ashta Nadi Belt,23.008,76.715,24.6,440.2,83.8,0.3,0.72,4948.0,27,Chikungunya,58.66,High
2020,8,2020-08-01,Monsoon,VIT Bhopal University,VIT Main Campus,23.077,76.8512,28.3,273.3,87.0,1.5,0.5,3717.0,13,Dengue,70.4,High
2020,8,2020-08-01,Monsoon,VIT Bhopal University,VIT Main Campus,23.077,76.8512,28.3,273.3,87.0,1.5,0.5,3717.0,9,Malaria,70.07,High
2020,8,2020-08-01,Monsoon,VIT Bhopal University,VIT Main Campus,23.077,76.8512,28.3,273.3,87.0,1.5,0.5,3717.0,20,Chikungunya,71.44,High
2020,8,2020-08-01,Monsoon,VIT Bhopal University,VIT Hostel Area,23.078,76.853,24.1,302.1,92.6,1.8,0.45,3995.0,12,Dengue,60.55,High
2020,8,2020-08-01,Monsoon,VIT Bhopal University,VIT Hostel Area,23.078,76.853,24.1,302.1,92.6,1.8,0.45,3995.0,15,Malaria,63.1,High
2020,8,2020-08-01,Monsoon,VIT Bhopal University,VIT Hostel Area,23.078,76.853,24.1,302.1,92.6,1.8,0.45,3995.0,11,Chikungunya,58.08,High
2020,8,2020-08-01,Monsoon,VIT Bhopal University,VIT Surrounding Village,23.072,76.848,27.0,279.8,81.6,0.6,0.62,4946.0,12,Dengue,75.04,Critical
2020,8,2020-08-01,Monsoon,VIT Bhopal University,VIT Surrounding Village,23.072,76.848,27.0,279.8,81.6,0.6,0.62,4946.0,22,Malaria,77.8,Critical
2020,8,2020-08-01,Monsoon,VIT Bhopal University,VIT Surrounding Village,23.072,76.848,27.0,279.8,81.6,0.6,0.62,4946.0,20,Chikungunya,76.13,Critical
2020,8,2020-08-01,Monsoon,VIT Bhopal University,Kotri-Kalan Area,23.083,76.855,26.6,350.3,77.5,2.0,0.4,6372.0,15,Dengue,69.25,High
2020,8,2020-08-01,Monsoon,VIT Bhopal University,Kotri-Kalan Area,23.083,76.855,26.6,350.3,77.5,2.0,0.4,6372.0,15,Malaria,68.52,High
2020,8,2020-08-01,Monsoon,VIT Bhopal University,Kotri-Kalan Area,23.083,76.855,26.6,350.3,77.5,2.0,0.4,6372.0,17,Chikungunya,69.26,High
2020,9,2020-09-01,Monsoon,Bhopal City,Old Bhopal (Chowk),23.2676,77.412,26.4,196.4,81.9,0.5,0.65,10537.0,19,Dengue,85.45,Critical
2020,9,2020-09-01,Monsoon,Bhopal City,Old Bhopal (Chowk),23.2676,77.412,26.4,196.4,81.9,0.5,0.65,10537.0,21,Malaria,85.82,Critical
2020,9,2020-09-01,Monsoon,Bhopal City,Old Bhopal (Chowk),23.2676,77.412,26.4,196.4,81.9,0.5,0.65,10537.0,18,Chikungunya,83.89,Critical
2020,9,2020-09-01,Monsoon,Bhopal City,New Market,23.235,77.423,25.0,160.7,69.5,2.1,0.35,9484.0,9,Dengue,63.83,High
2020,9,2020-09-01,Monsoon,Bhopal City,New Market,23.235,77.423,25.0,160.7,69.5,2.1,0.35,9484.0,10,Malaria,64.63,High
2020,9,2020-09-01,Monsoon,Bhopal City,New Market,23.235,77.423,25.0,160.7,69.5,2.1,0.35,9484.0,9,Chikungunya,61.56,High
2020,9,2020-09-01,Monsoon,Bhopal City,Kolar Road,23.175,77.445,24.5,182.8,85.6,3.5,0.4,9636.0,8,Dengue,60.79,High
2020,9,2020-09-01,Monsoon,Bhopal City,Kolar Road,23.175,77.445,24.5,182.8,85.6,3.5,0.4,9636.0,8,Malaria,61.25,High
2020,9,2020-09-01,Monsoon,Bhopal City,Kolar Road,23.175,77.445,24.5,182.8,85.6,3.5,0.4,9636.0,6,Chikungunya,58.53,High
2020,9,2020-09-01,Monsoon,Bhopal City,Habibganj,23.23,77.438,25.6,240.2,84.7,1.8,0.38,9188.0,9,Dengue,71.3,High
2020,9,2020-09-01,Monsoon,Bhopal City,Habibganj,23.23,77.438,25.6,240.2,84.7,1.8,0.38,9188.0,14,Malaria,71.44,High
2020,9,2020-09-01,Monsoon,Bhopal City,Habibganj,23.23,77.438,25.6,240.2,84.7,1.8,0.38,9188.0,14,Chikungunya,71.61,High
2020,9,2020-09-01,Monsoon,Bhopal City,Shahpura,23.195,77.435,26.6,170.8,76.4,2.5,0.42,11661.0,11,Dengue,73.48,High
2020,9,2020-09-01,Monsoon,Bhopal City,Shahpura,23.195,77.435,26.6,170.8,76.4,2.5,0.42,11661.0,11,Malaria,72.4,High
2020,9,2020-09-01,Monsoon,Bhopal City,Shahpura,23.195,77.435,26.6,170.8,76.4,2.5,0.42,11661.0,9,Chikungunya,72.17,High
2020,9,2020-09-01,Monsoon,Bhopal City,Ayodhya Nagar,23.21,77.455,24.1,209.1,73.1,4.0,0.3,4731.0,4,Dengue,47.86,Medium
2020,9,2020-09-01,Monsoon,Bhopal City,Ayodhya Nagar,23.21,77.455,24.1,209.1,73.1,4.0,0.3,4731.0,4,Malaria,48.41,Medium
2020,9,2020-09-01,Monsoon,Bhopal City,Ayodhya Nagar,23.21,77.455,24.1,209.1,73.1,4.0,0.3,4731.0,5,Chikungunya,47.04,Medium
2020,9,2020-09-01,Monsoon,Bhopal City,Upper Lake Area,23.25,77.39,27.1,196.3,71.0,0.2,0.75,8934.0,20,Dengue,85.83,Critical
2020,9,2020-09-01,Monsoon,Bhopal City,Upper Lake Area,23.25,77.39,27.1,196.3,71.0,0.2,0.75,8934.0,19,Malaria,85.88,Critical
2020,9,2020-09-01,Monsoon,Bhopal City,Upper Lake Area,23.25,77.39,27.1,196.3,71.0,0.2,0.75,8934.0,21,Chikungunya,85.11,Critical
2020,9,2020-09-01,Monsoon,Bhopal City,Lower Lake Area,23.255,77.405,26.8,151.7,71.1,0.3,0.7,11163.0,21,Dengue,86.07,Critical
2020,9,2020-09-01,Monsoon,Bhopal City,Lower Lake Area,23.255,77.405,26.8,151.7,71.1,0.3,0.7,11163.0,19,Malaria,85.53,Critical
2020,9,2020-09-01,Monsoon,Bhopal City,Lower Lake Area,23.255,77.405,26.8,151.7,71.1,0.3,0.7,11163.0,17,Chikungunya,83.95,Critical
2020,9,2020-09-01,Monsoon,Bhopal City,Arera Colony,23.22,77.43,24.1,106.7,80.7,2.0,0.45,4512.0,10,Dengue,62.58,High
2020,9,2020-09-01,Monsoon,Bhopal City,Arera Colony,23.22,77.43,24.1,106.7,80.7,2.0,0.45,4512.0,11,Malaria,64.79,High
2020,9,2020-09-01,Monsoon,Bhopal City,Arera Colony,23.22,77.43,24.1,106.7,80.7,2.0,0.45,4512.0,11,Chikungunya,60.54,High
2020,9,2020-09-01,Monsoon,Bhopal City,Bairagarh,23.28,77.37,26.8,199.5,72.8,1.2,0.55,11054.0,15,Dengue,80.06,Critical
2020,9,2020-09-01,Monsoon,Bhopal City,Bairagarh,23.28,77.37,26.8,199.5,72.8,1.2,0.55,11054.0,19,Malaria,80.34,Critical
2020,9,2020-09-01,Monsoon,Bhopal City,Bairagarh,23.28,77.37,26.8,199.5,72.8,1.2,0.55,11054.0,19,Chikungunya,80.14,Critical
2020,9,2020-09-01,Monsoon,Bhopal City,Misrod,23.165,77.46,24.9,206.8,78.6,3.0,0.48,5291.0,6,Dengue,54.73,High
2020,9,2020-09-01,Monsoon,Bhopal City,Misrod,23.165,77.46,24.9,206.8,78.6,3.0,0.48,5291.0,10,Malaria,56.76,High
2020,9,2020-09-01,Monsoon,Bhopal City,Misrod,23.165,77.46,24.9,206.8,78.6,3.0,0.48,5291.0,8,Chikungunya,53.92,High
2020,9,2020-09-01,Monsoon,Bhopal City,BHEL Area,23.245,77.465,29.1,184.1,80.2,3.8,0.32,8455.0,7,Dengue,65.99,High
2020,9,2020-09-01,Monsoon,Bhopal City,BHEL Area,23.245,77.465,29.1,184.1,80.2,3.8,0.32,8455.0,7,Malaria,64.74,High
2020,9,2020-09-01,Monsoon,Bhopal City,BHEL Area,23.245,77.465,29.1,184.1,80.2,3.8,0.32,8455.0,5,Chikungunya,65.02,High
2020,9,2020-09-01,Monsoon,Ashta,Ashta Town Center,23.015,76.725,25.0,203.4,82.3,1.0,0.55,5635.0,12,Dengue,73.52,High
2020,9,2020-09-01,Monsoon,Ashta,Ashta Town Center,23.015,76.725,25.0,203.4,82.3,1.0,0.55,5635.0,14,Malaria,74.26,High
2020,9,2020-09-01,Monsoon,Ashta,Ashta Town Center,23.015,76.725,25.0,203.4,82.3,1.0,0.55,5635.0,20,Chikungunya,74.69,High
2020,9,2020-09-01,Monsoon,Ashta,Ashta Industrial Area,23.02,76.735,26.1,224.5,75.7,2.5,0.3,3804.0,8,Dengue,62.53,High
2020,9,2020-09-01,Monsoon,Ashta,Ashta Industrial Area,23.02,76.735,26.1,224.5,75.7,2.5,0.3,3804.0,9,Malaria,62.37,High
2020,9,2020-09-01,Monsoon,Ashta,Ashta Industrial Area,23.02,76.735,26.1,224.5,75.7,2.5,0.3,3804.0,11,Chikungunya,62.68,High
2020,9,2020-09-01,Monsoon,Ashta,Ashta Rural East,23.01,76.745,24.6,127.0,77.1,0.8,0.68,1196.0,20,Dengue,68.58,High
2020,9,2020-09-01,Monsoon,Ashta,Ashta Rural East,23.01,76.745,24.6,127.0,77.1,0.8,0.68,1196.0,20,Malaria,71.73,High
2020,9,2020-09-01,Monsoon,Ashta,Ashta Rural East,23.01,76.745,24.6,127.0,77.1,0.8,0.68,1196.0,15,Chikungunya,65.08,High
2020,9,2020-09-01,Monsoon,Ashta,Ashta Nadi Belt,23.008,76.715,25.6,172.7,78.0,0.3,0.72,10436.0,23,Dengue,87.44,Critical
2020,9,2020-09-01,Monsoon,Ashta,Ashta Nadi Belt,23.008,76.715,25.6,172.7,78.0,0.3,0.72,10436.0,21,Malaria,87.0,Critical
2020,9,2020-09-01,Monsoon,Ashta,Ashta Nadi Belt,23.008,76.715,25.6,172.7,78.0,0.3,0.72,10436.0,22,Chikungunya,86.14,Critical
2020,9,2020-09-01,Monsoon,VIT Bhopal University,VIT Main Campus,23.077,76.8512,24.8,182.1,83.4,1.5,0.5,4485.0,18,Dengue,67.04,High
2020,9,2020-09-01,Monsoon,VIT Bhopal University,VIT Main Campus,23.077,76.8512,24.8,182.1,83.4,1.5,0.5,4485.0,13,Malaria,68.1,High
2020,9,2020-09-01,Monsoon,VIT Bhopal University,VIT Main Campus,23.077,76.8512,24.8,182.1,83.4,1.5,0.5,4485.0,15,Chikungunya,63.96,High
2020,9,2020-09-01,Monsoon,VIT Bhopal University,VIT Hostel Area,23.078,76.853,28.8,156.3,82.3,1.8,0.45,4385.0,13,Dengue,72.88,High
2020,9,2020-09-01,Monsoon,VIT Bhopal University,VIT Hostel Area,23.078,76.853,28.8,156.3,82.3,1.8,0.45,4385.0,13,Malaria,73.3,High
2020,9,2020-09-01,Monsoon,VIT Bhopal University,VIT Hostel Area,23.078,76.853,28.8,156.3,82.3,1.8,0.45,4385.0,10,Chikungunya,70.89,High
2020,9,2020-09-01,Monsoon,VIT Bhopal University,VIT Surrounding Village,23.072,76.848,27.0,123.7,78.5,0.6,0.62,3646.0,20,Dengue,79.6,Critical
2020,9,2020-09-01,Monsoon,VIT Bhopal University,VIT Surrounding Village,23.072,76.848,27.0,123.7,78.5,0.6,0.62,3646.0,16,Malaria,79.84,Critical
2020,9,2020-09-01,Monsoon,VIT Bhopal University,VIT Surrounding Village,23.072,76.848,27.0,123.7,78.5,0.6,0.62,3646.0,15,Chikungunya,77.03,Critical
2020,9,2020-09-01,Monsoon,VIT Bhopal University,Kotri-Kalan Area,23.083,76.855,26.1,228.1,81.1,2.0,0.4,4312.0,18,Dengue,68.68,High
2020,9,2020-09-01,Monsoon,VIT Bhopal University,Kotri-Kalan Area,23.083,76.855,26.1,228.1,81.1,2.0,0.4,4312.0,18,Malaria,68.32,High
2020,9,2020-09-01,Monsoon,VIT Bhopal University,Kotri-Kalan Area,23.083,76.855,26.1,228.1,81.1,2.0,0.4,4312.0,15,Chikungunya,67.34,High
2020,10,2020-10-01,Post-Monsoon,Bhopal City,Old Bhopal (Chowk),23.2676,77.412,23.9,36.1,64.2,0.5,0.65,5435.0,14,Dengue,58.02,High
2020,10,2020-10-01,Post-Monsoon,Bhopal City,Old Bhopal (Chowk),23.2676,77.412,23.9,36.1,64.2,0.5,0.65,5435.0,19,Malaria,60.16,High
2020,10,2020-10-01,Post-Monsoon,Bhopal City,Old Bhopal (Chowk),23.2676,77.412,23.9,36.1,64.2,0.5,0.65,5435.0,14,Chikungunya,56.9,High
2020,10,2020-10-01,Post-Monsoon,Bhopal City,New Market,23.235,77.423,27.5,39.4,55.7,2.1,0.35,4677.0,12,Dengue,56.14,High
2020,10,2020-10-01,Post-Monsoon,Bhopal City,New Market,23.235,77.423,27.5,39.4,55.7,2.1,0.35,4677.0,9,Malaria,53.89,High
2020,10,2020-10-01,Post-Monsoon,Bhopal City,New Market,23.235,77.423,27.5,39.4,55.7,2.1,0.35,4677.0,10,Chikungunya,56.1,High
2020,10,2020-10-01,Post-Monsoon,Bhopal City,Kolar Road,23.175,77.445,24.2,38.4,57.0,3.5,0.4,4568.0,5,Dengue,41.15,Medium
2020,10,2020-10-01,Post-Monsoon,Bhopal City,Kolar Road,23.175,77.445,24.2,38.4,57.0,3.5,0.4,4568.0,4,Malaria,40.78,Medium
2020,10,2020-10-01,Post-Monsoon,Bhopal City,Kolar Road,23.175,77.445,24.2,38.4,57.0,3.5,0.4,4568.0,4,Chikungunya,40.83,Medium
2020,10,2020-10-01,Post-Monsoon,Bhopal City,Habibganj,23.23,77.438,23.9,39.5,60.4,1.8,0.38,6227.0,9,Dengue,49.7,Medium
2020,10,2020-10-01,Post-Monsoon,Bhopal City,Habibganj,23.23,77.438,23.9,39.5,60.4,1.8,0.38,6227.0,8,Malaria,49.54,Medium
2020,10,2020-10-01,Post-Monsoon,Bhopal City,Habibganj,23.23,77.438,23.9,39.5,60.4,1.8,0.38,6227.0,8,Chikungunya,48.41,Medium
2020,10,2020-10-01,Post-Monsoon,Bhopal City,Shahpura,23.195,77.435,24.4,42.7,62.4,2.5,0.42,5239.0,7,Dengue,46.51,Medium
2020,10,2020-10-01,Post-Monsoon,Bhopal City,Shahpura,23.195,77.435,24.4,42.7,62.4,2.5,0.42,5239.0,9,Malaria,47.07,Medium
2020,10,2020-10-01,Post-Monsoon,Bhopal City,Shahpura,23.195,77.435,24.4,42.7,62.4,2.5,0.42,5239.0,8,Chikungunya,46.16,Medium
2020,10,2020-10-01,Post-Monsoon,Bhopal City,Ayodhya Nagar,23.21,77.455,24.4,39.4,53.8,4.0,0.3,6452.0,2,Dengue,38.82,Medium
2020,10,2020-10-01,Post-Monsoon,Bhopal City,Ayodhya Nagar,23.21,77.455,24.4,39.4,53.8,4.0,0.3,6452.0,5,Malaria,38.53,Medium
2020,10,2020-10-01,Post-Monsoon,Bhopal City,Ayodhya Nagar,23.21,77.455,24.4,39.4,53.8,4.0,0.3,6452.0,8,Chikungunya,40.51,Medium
2020,10,2020-10-01,Post-Monsoon,Bhopal City,Upper Lake Area,23.25,77.39,24.9,28.8,57.7,0.2,0.75,7865.0,17,Dengue,62.13,High
2020,10,2020-10-01,Post-Monsoon,Bhopal City,Upper Lake Area,23.25,77.39,24.9,28.8,57.7,0.2,0.75,7865.0,17,Malaria,62.85,High
2020,10,2020-10-01,Post-Monsoon,Bhopal City,Upper Lake Area,23.25,77.39,24.9,28.8,57.7,0.2,0.75,7865.0,14,Chikungunya,60.43,High
2020,10,2020-10-01,Post-Monsoon,Bhopal City,Lower Lake Area,23.255,77.405,27.6,43.5,55.8,0.3,0.7,6286.0,16,Dengue,68.37,High
2020,10,2020-10-01,Post-Monsoon,Bhopal City,Lower Lake Area,23.255,77.405,27.6,43.5,55.8,0.3,0.7,6286.0,17,Malaria,67.87,High
2020,10,2020-10-01,Post-Monsoon,Bhopal City,Lower Lake Area,23.255,77.405,27.6,43.5,55.8,0.3,0.7,6286.0,10,Chikungunya,67.0,High
2020,10,2020-10-01,Post-Monsoon,Bhopal City,Arera Colony,23.22,77.43,25.4,43.0,64.8,2.0,0.45,5216.0,8,Dengue,57.87,High
2020,10,2020-10-01,Post-Monsoon,Bhopal City,Arera Colony,23.22,77.43,25.4,43.0,64.8,2.0,0.45,5216.0,9,Malaria,56.9,High
2020,10,2020-10-01,Post-Monsoon,Bhopal City,Arera Colony,23.22,77.43,25.4,43.0,64.8,2.0,0.45,5216.0,10,Chikungunya,58.75,High
2020,10,2020-10-01,Post-Monsoon,Bhopal City,Bairagarh,23.28,77.37,26.0,35.1,60.3,1.2,0.55,7898.0,14,Dengue,64.89,High
2020,10,2020-10-01,Post-Monsoon,Bhopal City,Bairagarh,23.28,77.37,26.0,35.1,60.3,1.2,0.55,7898.0,13,Malaria,63.17,High
2020,10,2020-10-01,Post-Monsoon,Bhopal City,Bairagarh,23.28,77.37,26.0,35.1,60.3,1.2,0.55,7898.0,8,Chikungunya,63.58,High
2020,10,2020-10-01,Post-Monsoon,Bhopal City,Misrod,23.165,77.46,21.9,53.8,56.6,3.0,0.48,4200.0,6,Dengue,55.66,High
2020,10,2020-10-01,Post-Monsoon,Bhopal City,Misrod,23.165,77.46,21.9,53.8,56.6,3.0,0.48,4200.0,8,Malaria,57.47,High
2020,10,2020-10-01,Post-Monsoon,Bhopal City,Misrod,23.165,77.46,21.9,53.8,56.6,3.0,0.48,4200.0,8,Chikungunya,54.88,High
2020,10,2020-10-01,Post-Monsoon,Bhopal City,BHEL Area,23.245,77.465,25.4,34.2,61.8,3.8,0.32,9419.0,5,Dengue,52.43,High
2020,10,2020-10-01,Post-Monsoon,Bhopal City,BHEL Area,23.245,77.465,25.4,34.2,61.8,3.8,0.32,9419.0,2,Malaria,48.91,Medium
2020,10,2020-10-01,Post-Monsoon,Bhopal City,BHEL Area,23.245,77.465,25.4,34.2,61.8,3.8,0.32,9419.0,6,Chikungunya,53.8,High
2020,10,2020-10-01,Post-Monsoon,Ashta,Ashta Town Center,23.015,76.725,25.8,41.6,61.5,1.0,0.55,9428.0,16,Dengue,67.43,High
2020,10,2020-10-01,Post-Monsoon,Ashta,Ashta Town Center,23.015,76.725,25.8,41.6,61.5,1.0,0.55,9428.0,14,Malaria,65.23,High
2020,10,2020-10-01,Post-Monsoon,Ashta,Ashta Town Center,23.015,76.725,25.8,41.6,61.5,1.0,0.55,9428.0,13,Chikungunya,66.9,High
2020,10,2020-10-01,Post-Monsoon,Ashta,Ashta Industrial Area,23.02,76.735,22.8,45.1,57.0,2.5,0.3,2124.0,6,Dengue,42.04,Medium
2020,10,2020-10-01,Post-Monsoon,Ashta,Ashta Industrial Area,23.02,76.735,22.8,45.1,57.0,2.5,0.3,2124.0,8,Malaria,42.92,Medium
2020,10,2020-10-01,Post-Monsoon,Ashta,Ashta Industrial Area,23.02,76.735,22.8,45.1,57.0,2.5,0.3,2124.0,7,Chikungunya,41.52,Medium
2020,10,2020-10-01,Post-Monsoon,Ashta,Ashta Rural East,23.01,76.745,26.8,46.2,60.3,0.8,0.68,1857.0,11,Dengue,62.08,High
2020,10,2020-10-01,Post-Monsoon,Ashta,Ashta Rural East,23.01,76.745,26.8,46.2,60.3,0.8,0.68,1857.0,17,Malaria,63.51,High
2020,10,2020-10-01,Post-Monsoon,Ashta,Ashta Rural East,23.01,76.745,26.8,46.2,60.3,0.8,0.68,1857.0,13,Chikungunya,62.91,High
2020,10,2020-10-01,Post-Monsoon,Ashta,Ashta Nadi Belt,23.008,76.715,27.3,41.8,66.6,0.3,0.72,6304.0,14,Dengue,69.18,High
2020,10,2020-10-01,Post-Monsoon,Ashta,Ashta Nadi Belt,23.008,76.715,27.3,41.8,66.6,0.3,0.72,6304.0,21,Malaria,70.21,High
2020,10,2020-10-01,Post-Monsoon,Ashta,Ashta Nadi Belt,23.008,76.715,27.3,41.8,66.6,0.3,0.72,6304.0,16,Chikungunya,69.79,High
2020,10,2020-10-01,Post-Monsoon,VIT Bhopal University,VIT Main Campus,23.077,76.8512,25.2,34.6,60.1,1.5,0.5,3207.0,13,Dengue,59.3,High
2020,10,2020-10-01,Post-Monsoon,VIT Bhopal University,VIT Main Campus,23.077,76.8512,25.2,34.6,60.1,1.5,0.5,3207.0,10,Malaria,57.94,High
2020,10,2020-10-01,Post-Monsoon,VIT Bhopal University,VIT Main Campus,23.077,76.8512,25.2,34.6,60.1,1.5,0.5,3207.0,10,Chikungunya,58.87,High
2020,10,2020-10-01,Post-Monsoon,VIT Bhopal University,VIT Hostel Area,23.078,76.853,28.1,28.7,61.3,1.8,0.45,4155.0,11,Dengue,58.11,High
2020,10,2020-10-01,Post-Monsoon,VIT Bhopal University,VIT Hostel Area,23.078,76.853,28.1,28.7,61.3,1.8,0.45,4155.0,9,Malaria,56.65,High
2020,10,2020-10-01,Post-Monsoon,VIT Bhopal University,VIT Hostel Area,23.078,76.853,28.1,28.7,61.3,1.8,0.45,4155.0,10,Chikungunya,58.23,High
2020,10,2020-10-01,Post-Monsoon,VIT Bhopal University,VIT Surrounding Village,23.072,76.848,25.7,43.7,54.0,0.6,0.62,3607.0,13,Dengue,63.45,High
2020,10,2020-10-01,Post-Monsoon,VIT Bhopal University,VIT Surrounding Village,23.072,76.848,25.7,43.7,54.0,0.6,0.62,3607.0,15,Malaria,63.49,High
2020,10,2020-10-01,Post-Monsoon,VIT Bhopal University,VIT Surrounding Village,23.072,76.848,25.7,43.7,54.0,0.6,0.62,3607.0,13,Chikungunya,63.69,High
2020,10,2020-10-01,Post-Monsoon,VIT Bhopal University,Kotri-Kalan Area,23.083,76.855,21.6,45.7,47.8,2.0,0.4,7226.0,11,Dengue,49.2,Medium
2020,10,2020-10-01,Post-Monsoon,VIT Bhopal University,Kotri-Kalan Area,23.083,76.855,21.6,45.7,47.8,2.0,0.4,7226.0,10,Malaria,48.47,Medium
2020,10,2020-10-01,Post-Monsoon,VIT Bhopal University,Kotri-Kalan Area,23.083,76.855,21.6,45.7,47.8,2.0,0.4,7226.0,8,Chikungunya,47.84,Medium
2020,11,2020-11-01,Post-Monsoon,Bhopal City,Old Bhopal (Chowk),23.2676,77.412,19.2,11.3,50.8,0.5,0.65,5851.0,21,Dengue,49.9,Medium
2020,11,2020-11-01,Post-Monsoon,Bhopal City,Old Bhopal (Chowk),23.2676,77.412,19.2,11.3,50.8,0.5,0.65,5851.0,17,Malaria,51.2,High
2020,11,2020-11-01,Post-Monsoon,Bhopal City,Old Bhopal (Chowk),23.2676,77.412,19.2,11.3,50.8,0.5,0.65,5851.0,16,Chikungunya,46.72,Medium
2020,11,2020-11-01,Post-Monsoon,Bhopal City,New Market,23.235,77.423,22.5,11.8,52.1,2.1,0.35,9827.0,11,Dengue,50.85,High
2020,11,2020-11-01,Post-Monsoon,Bhopal City,New Market,23.235,77.423,22.5,11.8,52.1,2.1,0.35,9827.0,6,Malaria,48.75,Medium
2020,11,2020-11-01,Post-Monsoon,Bhopal City,New Market,23.235,77.423,22.5,11.8,52.1,2.1,0.35,9827.0,8,Chikungunya,49.37,Medium
2020,11,2020-11-01,Post-Monsoon,Bhopal City,Kolar Road,23.175,77.445,19.1,13.4,52.3,3.5,0.4,7338.0,5,Dengue,34.1,Medium
2020,11,2020-11-01,Post-Monsoon,Bhopal City,Kolar Road,23.175,77.445,19.1,13.4,52.3,3.5,0.4,7338.0,6,Malaria,35.07,Medium
2020,11,2020-11-01,Post-Monsoon,Bhopal City,Kolar Road,23.175,77.445,19.1,13.4,52.3,3.5,0.4,7338.0,4,Chikungunya,32.67,Medium
2020,11,2020-11-01,Post-Monsoon,Bhopal City,Habibganj,23.23,77.438,18.2,14.5,58.3,1.8,0.38,5304.0,7,Dengue,39.47,Medium
2020,11,2020-11-01,Post-Monsoon,Bhopal City,Habibganj,23.23,77.438,18.2,14.5,58.3,1.8,0.38,5304.0,9,Malaria,41.74,Medium
2020,11,2020-11-01,Post-Monsoon,Bhopal City,Habibganj,23.23,77.438,18.2,14.5,58.3,1.8,0.38,5304.0,9,Chikungunya,37.79,Medium
2020,11,2020-11-01,Post-Monsoon,Bhopal City,Shahpura,23.195,77.435,21.1,10.8,48.2,2.5,0.42,8666.0,5,Dengue,47.35,Medium
2020,11,2020-11-01,Post-Monsoon,Bhopal City,Shahpura,23.195,77.435,21.1,10.8,48.2,2.5,0.42,8666.0,7,Malaria,47.02,Medium
2020,11,2020-11-01,Post-Monsoon,Bhopal City,Shahpura,23.195,77.435,21.1,10.8,48.2,2.5,0.42,8666.0,11,Chikungunya,48.61,Medium
2020,11,2020-11-01,Post-Monsoon,Bhopal City,Ayodhya Nagar,23.21,77.455,20.9,11.4,53.9,4.0,0.3,8399.0,1,Dengue,40.15,Medium
2020,11,2020-11-01,Post-Monsoon,Bhopal City,Ayodhya Nagar,23.21,77.455,20.9,11.4,53.9,4.0,0.3,8399.0,4,Malaria,39.51,Medium
2020,11,2020-11-01,Post-Monsoon,Bhopal City,Ayodhya Nagar,23.21,77.455,20.9,11.4,53.9,4.0,0.3,8399.0,4,Chikungunya,40.95,Medium
2020,11,2020-11-01,Post-Monsoon,Bhopal City,Upper Lake Area,23.25,77.39,18.0,10.5,53.4,0.2,0.75,4410.0,16,Dengue,49.89,Medium
2020,11,2020-11-01,Post-Monsoon,Bhopal City,Upper Lake Area,23.25,77.39,18.0,10.5,53.4,0.2,0.75,4410.0,14,Malaria,52.45,High
2020,11,2020-11-01,Post-Monsoon,Bhopal City,Upper Lake Area,23.25,77.39,18.0,10.5,53.4,0.2,0.75,4410.0,12,Chikungunya,46.76,Medium
2020,11,2020-11-01,Post-Monsoon,Bhopal City,Lower Lake Area,23.255,77.405,19.8,9.7,53.0,0.3,0.7,9132.0,15,Dengue,47.53,Medium
2020,11,2020-11-01,Post-Monsoon,Bhopal City,Lower Lake Area,23.255,77.405,19.8,9.7,53.0,0.3,0.7,9132.0,18,Malaria,49.54,Medium
2020,11,2020-11-01,Post-Monsoon,Bhopal City,Lower Lake Area,23.255,77.405,19.8,9.7,53.0,0.3,0.7,9132.0,18,Chikungunya,46.79,Medium
2020,11,2020-11-01,Post-Monsoon,Bhopal City,Arera Colony,23.22,77.43,24.4,10.5,42.3,2.0,0.45,6642.0,14,Dengue,49.41,Medium
2020,11,2020-11-01,Post-Monsoon,Bhopal City,Arera Colony,23.22,77.43,24.4,10.5,42.3,2.0,0.45,6642.0,10,Malaria,48.06,Medium
2020,11,2020-11-01,Post-Monsoon,Bhopal City,Arera Colony,23.22,77.43,24.4,10.5,42.3,2.0,0.45,6642.0,10,Chikungunya,48.1,Medium
2020,11,2020-11-01,Post-Monsoon,Bhopal City,Bairagarh,23.28,77.37,18.2,14.2,52.3,1.2,0.55,6595.0,15,Dengue,45.68,Medium
2020,11,2020-11-01,Post-Monsoon,Bhopal City,Bairagarh,23.28,77.37,18.2,14.2,52.3,1.2,0.55,6595.0,12,Malaria,46.83,Medium
2020,11,2020-11-01,Post-Monsoon,Bhopal City,Bairagarh,23.28,77.37,18.2,14.2,52.3,1.2,0.55,6595.0,10,Chikungunya,42.46,Medium
2020,11,2020-11-01,Post-Monsoon,Bhopal City,Misrod,23.165,77.46,19.7,15.0,53.9,3.0,0.48,6656.0,5,Dengue,36.31,Medium
2020,11,2020-11-01,Post-Monsoon,Bhopal City,Misrod,23.165,77.46,19.7,15.0,53.9,3.0,0.48,6656.0,6,Malaria,37.82,Medium
2020,11,2020-11-01,Post-Monsoon,Bhopal City,Misrod,23.165,77.46,19.7,15.0,53.9,3.0,0.48,6656.0,8,Chikungunya,35.84,Medium
2020,11,2020-11-01,Post-Monsoon,Bhopal City,BHEL Area,23.245,77.465,20.9,12.5,50.4,3.8,0.32,4403.0,6,Dengue,38.72,Medium
2020,11,2020-11-01,Post-Monsoon,Bhopal City,BHEL Area,23.245,77.465,20.9,12.5,50.4,3.8,0.32,4403.0,3,Malaria,37.53,Medium
2020,11,2020-11-01,Post-Monsoon,Bhopal City,BHEL Area,23.245,77.465,20.9,12.5,50.4,3.8,0.32,4403.0,5,Chikungunya,38.59,Medium
2020,11,2020-11-01,Post-Monsoon,Ashta,Ashta Town Center,23.015,76.725,19.5,14.5,59.5,1.0,0.55,11202.0,13,Dengue,49.37,Medium
2020,11,2020-11-01,Post-Monsoon,Ashta,Ashta Town Center,23.015,76.725,19.5,14.5,59.5,1.0,0.55,11202.0,13,Malaria,50.74,High
2020,11,2020-11-01,Post-Monsoon,Ashta,Ashta Town Center,23.015,76.725,19.5,14.5,59.5,1.0,0.55,11202.0,13,Chikungunya,47.2,Medium
2020,11,2020-11-01,Post-Monsoon,Ashta,Ashta Industrial Area,23.02,76.735,21.4,12.6,53.2,2.5,0.3,2207.0,8,Dengue,42.21,Medium
2020,11,2020-11-01,Post-Monsoon,Ashta,Ashta Industrial Area,23.02,76.735,21.4,12.6,53.2,2.5,0.3,2207.0,5,Malaria,41.91,Medium
2020,11,2020-11-01,Post-Monsoon,Ashta,Ashta Industrial Area,23.02,76.735,21.4,12.6,53.2,2.5,0.3,2207.0,7,Chikungunya,41.28,Medium
2020,11,2020-11-01,Post-Monsoon,Ashta,Ashta Rural East,23.01,76.745,21.0,11.3,53.0,0.8,0.68,628.0,13,Dengue,52.05,High
2020,11,2020-11-01,Post-Monsoon,Ashta,Ashta Rural East,23.01,76.745,21.0,11.3,53.0,0.8,0.68,628.0,13,Malaria,53.9,High
2020,11,2020-11-01,Post-Monsoon,Ashta,Ashta Rural East,23.01,76.745,21.0,11.3,53.0,0.8,0.68,628.0,18,Chikungunya,52.75,High
2020,11,2020-11-01,Post-Monsoon,Ashta,Ashta Nadi Belt,23.008,76.715,25.1,9.8,51.6,0.3,0.72,8628.0,17,Dengue,65.27,High
2020,11,2020-11-01,Post-Monsoon,Ashta,Ashta Nadi Belt,23.008,76.715,25.1,9.8,51.6,0.3,0.72,8628.0,16,Malaria,63.31,High
2020,11,2020-11-01,Post-Monsoon,Ashta,Ashta Nadi Belt,23.008,76.715,25.1,9.8,51.6,0.3,0.72,8628.0,13,Chikungunya,65.11,High
2020,11,2020-11-01,Post-Monsoon,VIT Bhopal University,VIT Main Campus,23.077,76.8512,21.3,9.8,42.3,1.5,0.5,4276.0,11,Dengue,44.09,Medium
2020,11,2020-11-01,Post-Monsoon,VIT Bhopal University,VIT Main Campus,23.077,76.8512,21.3,9.8,42.3,1.5,0.5,4276.0,15,Malaria,44.74,Medium
2020,11,2020-11-01,Post-Monsoon,VIT Bhopal University,VIT Main Campus,23.077,76.8512,21.3,9.8,42.3,1.5,0.5,4276.0,12,Chikungunya,44.36,Medium
2020,11,2020-11-01,Post-Monsoon,VIT Bhopal University,VIT Hostel Area,23.078,76.853,21.4,11.1,49.2,1.8,0.45,4533.0,12,Dengue,48.65,Medium
2020,11,2020-11-01,Post-Monsoon,VIT Bhopal University,VIT Hostel Area,23.078,76.853,21.4,11.1,49.2,1.8,0.45,4533.0,9,Malaria,48.23,Medium
2020,11,2020-11-01,Post-Monsoon,VIT Bhopal University,VIT Hostel Area,23.078,76.853,21.4,11.1,49.2,1.8,0.45,4533.0,9,Chikungunya,47.28,Medium
2020,11,2020-11-01,Post-Monsoon,VIT Bhopal University,VIT Surrounding Village,23.072,76.848,19.1,12.1,39.7,0.6,0.62,3801.0,14,Dengue,44.81,Medium
2020,11,2020-11-01,Post-Monsoon,VIT Bhopal University,VIT Surrounding Village,23.072,76.848,19.1,12.1,39.7,0.6,0.62,3801.0,14,Malaria,47.28,Medium
2020,11,2020-11-01,Post-Monsoon,VIT Bhopal University,VIT Surrounding Village,23.072,76.848,19.1,12.1,39.7,0.6,0.62,3801.0,13,Chikungunya,42.7,Medium
2020,11,2020-11-01,Post-Monsoon,VIT Bhopal University,Kotri-Kalan Area,23.083,76.855,20.0,13.2,46.4,2.0,0.4,5671.0,8,Dengue,38.29,Medium
2020,11,2020-11-01,Post-Monsoon,VIT Bhopal University,Kotri-Kalan Area,23.083,76.855,20.0,13.2,46.4,2.0,0.4,5671.0,11,Malaria,40.37,Medium
2020,11,2020-11-01,Post-Monsoon,VIT Bhopal University,Kotri-Kalan Area,23.083,76.855,20.0,13.2,46.4,2.0,0.4,5671.0,10,Chikungunya,37.05,Medium
2020,12,2020-12-01,Winter,Bhopal City,Old Bhopal (Chowk),23.2676,77.412,16.7,6.2,48.2,0.5,0.65,11517.0,12,Dengue,45.8,Medium
2020,12,2020-12-01,Winter,Bhopal City,Old Bhopal (Chowk),23.2676,77.412,16.7,6.2,48.2,0.5,0.65,11517.0,13,Malaria,47.09,Medium
2020,12,2020-12-01,Winter,Bhopal City,Old Bhopal (Chowk),23.2676,77.412,16.7,6.2,48.2,0.5,0.65,11517.0,10,Chikungunya,43.66,Medium
2020,12,2020-12-01,Winter,Bhopal City,New Market,23.235,77.423,17.3,8.9,47.9,2.1,0.35,4322.0,6,Dengue,31.03,Medium
2020,12,2020-12-01,Winter,Bhopal City,New Market,23.235,77.423,17.3,8.9,47.9,2.1,0.35,4322.0,8,Malaria,32.65,Medium
2020,12,2020-12-01,Winter,Bhopal City,New Market,23.235,77.423,17.3,8.9,47.9,2.1,0.35,4322.0,7,Chikungunya,29.85,Medium
2020,12,2020-12-01,Winter,Bhopal City,Kolar Road,23.175,77.445,16.1,9.4,51.1,3.5,0.4,9152.0,4,Dengue,30.19,Medium
2020,12,2020-12-01,Winter,Bhopal City,Kolar Road,23.175,77.445,16.1,9.4,51.1,3.5,0.4,9152.0,5,Malaria,30.33,Medium
2020,12,2020-12-01,Winter,Bhopal City,Kolar Road,23.175,77.445,16.1,9.4,51.1,3.5,0.4,9152.0,3,Chikungunya,29.25,Medium
2020,12,2020-12-01,Winter,Bhopal City,Habibganj,23.23,77.438,15.4,7.0,51.6,1.8,0.38,10564.0,8,Dengue,37.8,Medium
2020,12,2020-12-01,Winter,Bhopal City,Habibganj,23.23,77.438,15.4,7.0,51.6,1.8,0.38,10564.0,9,Malaria,38.25,Medium
2020,12,2020-12-01,Winter,Bhopal City,Habibganj,23.23,77.438,15.4,7.0,51.6,1.8,0.38,10564.0,8,Chikungunya,36.23,Medium
2020,12,2020-12-01,Winter,Bhopal City,Shahpura,23.195,77.435,17.1,8.9,45.3,2.5,0.42,9005.0,6,Dengue,33.77,Medium
2020,12,2020-12-01,Winter,Bhopal City,Shahpura,23.195,77.435,17.1,8.9,45.3,2.5,0.42,9005.0,5,Malaria,33.78,Medium
2020,12,2020-12-01,Winter,Bhopal City,Shahpura,23.195,77.435,17.1,8.9,45.3,2.5,0.42,9005.0,7,Chikungunya,33.03,Medium
2020,12,2020-12-01,Winter,Bhopal City,Ayodhya Nagar,23.21,77.455,17.8,9.1,46.3,4.0,0.3,4641.0,2,Dengue,22.82,Low
2020,12,2020-12-01,Winter,Bhopal City,Ayodhya Nagar,23.21,77.455,17.8,9.1,46.3,4.0,0.3,4641.0,1,Malaria,23.04,Low
2020,12,2020-12-01,Winter,Bhopal City,Ayodhya Nagar,23.21,77.455,17.8,9.1,46.3,4.0,0.3,4641.0,1,Chikungunya,22.0,Low
2020,12,2020-12-01,Winter,Bhopal City,Upper Lake Area,23.25,77.39,16.2,7.8,53.4,0.2,0.75,7866.0,11,Dengue,46.46,Medium
2020,12,2020-12-01,Winter,Bhopal City,Upper Lake Area,23.25,77.39,16.2,7.8,53.4,0.2,0.75,7866.0,10,Malaria,48.23,Medium
2020,12,2020-12-01,Winter,Bhopal City,Upper Lake Area,23.25,77.39,16.2,7.8,53.4,0.2,0.75,7866.0,9,Chikungunya,44.19,Medium
2020,12,2020-12-01,Winter,Bhopal City,Lower Lake Area,23.255,77.405,13.3,10.7,61.5,0.3,0.7,11024.0,11,Dengue,53.11,High
2020,12,2020-12-01,Winter,Bhopal City,Lower Lake Area,23.255,77.405,13.3,10.7,61.5,0.3,0.7,11024.0,9,Malaria,54.78,High
2020,12,2020-12-01,Winter,Bhopal City,Lower Lake Area,23.255,77.405,13.3,10.7,61.5,0.3,0.7,11024.0,9,Chikungunya,50.14,High
2020,12,2020-12-01,Winter,Bhopal City,Arera Colony,23.22,77.43,17.3,5.9,49.9,2.0,0.45,11568.0,7,Dengue,37.37,Medium
2020,12,2020-12-01,Winter,Bhopal City,Arera Colony,23.22,77.43,17.3,5.9,49.9,2.0,0.45,11568.0,6,Malaria,37.49,Medium
2020,12,2020-12-01,Winter,Bhopal City,Arera Colony,23.22,77.43,17.3,5.9,49.9,2.0,0.45,11568.0,6,Chikungunya,35.78,Medium
2020,12,2020-12-01,Winter,Bhopal City,Bairagarh,23.28,77.37,17.2,5.4,52.6,1.2,0.55,6865.0,10,Dengue,39.73,Medium
2020,12,2020-12-01,Winter,Bhopal City,Bairagarh,23.28,77.37,17.2,5.4,52.6,1.2,0.55,6865.0,9,Malaria,40.93,Medium
2020,12,2020-12-01,Winter,Bhopal City,Bairagarh,23.28,77.37,17.2,5.4,52.6,1.2,0.55,6865.0,7,Chikungunya,37.36,Medium
2020,12,2020-12-01,Winter,Bhopal City,Misrod,23.165,77.46,18.7,10.2,50.5,3.0,0.48,7324.0,4,Dengue,36.27,Medium
2020,12,2020-12-01,Winter,Bhopal City,Misrod,23.165,77.46,18.7,10.2,50.5,3.0,0.48,7324.0,5,Malaria,37.61,Medium
2020,12,2020-12-01,Winter,Bhopal City,Misrod,23.165,77.46,18.7,10.2,50.5,3.0,0.48,7324.0,4,Chikungunya,34.98,Medium
2020,12,2020-12-01,Winter,Bhopal City,BHEL Area,23.245,77.465,13.1,8.2,54.5,3.8,0.32,9829.0,2,Dengue,28.72,Medium
2020,12,2020-12-01,Winter,Bhopal City,BHEL Area,23.245,77.465,13.1,8.2,54.5,3.8,0.32,9829.0,3,Malaria,28.58,Medium
2020,12,2020-12-01,Winter,Bhopal City,BHEL Area,23.245,77.465,13.1,8.2,54.5,3.8,0.32,9829.0,2,Chikungunya,27.93,Medium
2020,12,2020-12-01,Winter,Ashta,Ashta Town Center,23.015,76.725,17.7,7.1,54.6,1.0,0.55,7801.0,9,Dengue,41.16,Medium
2020,12,2020-12-01,Winter,Ashta,Ashta Town Center,23.015,76.725,17.7,7.1,54.6,1.0,0.55,7801.0,9,Malaria,42.53,Medium
2020,12,2020-12-01,Winter,Ashta,Ashta Town Center,23.015,76.725,17.7,7.1,54.6,1.0,0.55,7801.0,10,Chikungunya,39.71,Medium
2020,12,2020-12-01,Winter,Ashta,Ashta Industrial Area,23.02,76.735,19.9,8.1,52.3,2.5,0.3,2449.0,6,Dengue,28.03,Medium
2020,12,2020-12-01,Winter,Ashta,Ashta Industrial Area,23.02,76.735,19.9,8.1,52.3,2.5,0.3,2449.0,6,Malaria,29.44,Medium
2020,12,2020-12-01,Winter,Ashta,Ashta Industrial Area,23.02,76.735,19.9,8.1,52.3,2.5,0.3,2449.0,6,Chikungunya,26.62,Medium
2020,12,2020-12-01,Winter,Ashta,Ashta Rural East,23.01,76.745,16.2,10.6,58.0,0.8,0.68,1706.0,9,Dengue,43.65,Medium
2020,12,2020-12-01,Winter,Ashta,Ashta Rural East,23.01,76.745,16.2,10.6,58.0,0.8,0.68,1706.0,9,Malaria,47.14,Medium
2020,12,2020-12-01,Winter,Ashta,Ashta Rural East,23.01,76.745,16.2,10.6,58.0,0.8,0.68,1706.0,10,Chikungunya,41.77,Medium
2020,12,2020-12-01,Winter,Ashta,Ashta Nadi Belt,23.008,76.715,17.4,8.3,52.0,0.3,0.72,5082.0,11,Dengue,43.43,Medium
2020,12,2020-12-01,Winter,Ashta,Ashta Nadi Belt,23.008,76.715,17.4,8.3,52.0,0.3,0.72,5082.0,14,Malaria,46.43,Medium
2020,12,2020-12-01,Winter,Ashta,Ashta Nadi Belt,23.008,76.715,17.4,8.3,52.0,0.3,0.72,5082.0,11,Chikungunya,41.75,Medium
2020,12,2020-12-01,Winter,VIT Bhopal University,VIT Main Campus,23.077,76.8512,14.3,6.3,59.5,1.5,0.5,3323.0,9,Dengue,35.77,Medium
2020,12,2020-12-01,Winter,VIT Bhopal University,VIT Main Campus,23.077,76.8512,14.3,6.3,59.5,1.5,0.5,3323.0,7,Malaria,37.43,Medium
2020,12,2020-12-01,Winter,VIT Bhopal University,VIT Main Campus,23.077,76.8512,14.3,6.3,59.5,1.5,0.5,3323.0,8,Chikungunya,33.86,Medium
2020,12,2020-12-01,Winter,VIT Bhopal University,VIT Hostel Area,23.078,76.853,19.8,9.9,48.9,1.8,0.45,4128.0,7,Dengue,33.29,Medium
2020,12,2020-12-01,Winter,VIT Bhopal University,VIT Hostel Area,23.078,76.853,19.8,9.9,48.9,1.8,0.45,4128.0,9,Malaria,35.24,Medium
2020,12,2020-12-01,Winter,VIT Bhopal University,VIT Hostel Area,23.078,76.853,19.8,9.9,48.9,1.8,0.45,4128.0,7,Chikungunya,31.87,Medium
2020,12,2020-12-01,Winter,VIT Bhopal University,VIT Surrounding Village,23.072,76.848,16.2,5.5,53.7,0.6,0.62,3576.0,8,Dengue,39.59,Medium
2020,12,2020-12-01,Winter,VIT Bhopal University,VIT Surrounding Village,23.072,76.848,16.2,5.5,53.7,0.6,0.62,3576.0,9,Malaria,42.33,Medium
2020,12,2020-12-01,Winter,VIT Bhopal University,VIT Surrounding Village,23.072,76.848,16.2,5.5,53.7,0.6,0.62,3576.0,9,Chikungunya,38.02,Medium
2020,12,2020-12-01,Winter,VIT Bhopal University,Kotri-Kalan Area,23.083,76.855,20.8,9.0,52.6,2.0,0.4,5395.0,7,Dengue,42.26,Medium
2020,12,2020-12-01,Winter,VIT Bhopal University,Kotri-Kalan Area,23.083,76.855,20.8,9.0,52.6,2.0,0.4,5395.0,8,Malaria,42.05,Medium
2020,12,2020-12-01,Winter,VIT Bhopal University,Kotri-Kalan Area,23.083,76.855,20.8,9.0,52.6,2.0,0.4,5395.0,8,Chikungunya,42.27,Medium
2021,1,2021-01-01,Winter,Bhopal City,Old Bhopal (Chowk),23.2676,77.412,17.9,12.4,61.3,0.5,0.65,7437.0,12,Dengue,50.06,High
2021,1,2021-01-01,Winter,Bhopal City,Old Bhopal (Chowk),23.2676,77.412,17.9,12.4,61.3,0.5,0.65,7437.0,10,Malaria,52.01,High
2021,1,2021-01-01,Winter,Bhopal City,Old Bhopal (Chowk),23.2676,77.412,17.9,12.4,61.3,0.5,0.65,7437.0,10,Chikungunya,47.15,Medium
2021,1,2021-01-01,Winter,Bhopal City,New Market,23.235,77.423,17.1,17.1,61.7,2.1,0.35,7412.0,6,Dengue,39.88,Medium
2021,1,2021-01-01,Winter,Bhopal City,New Market,23.235,77.423,17.1,17.1,61.7,2.1,0.35,7412.0,5,Malaria,41.05,Medium
2021,1,2021-01-01,Winter,Bhopal City,New Market,23.235,77.423,17.1,17.1,61.7,2.1,0.35,7412.0,5,Chikungunya,37.36,Medium
2021,1,2021-01-01,Winter,Bhopal City,Kolar Road,23.175,77.445,14.3,12.2,51.4,3.5,0.4,10495.0,3,Dengue,35.66,Medium
2021,1,2021-01-01,Winter,Bhopal City,Kolar Road,23.175,77.445,14.3,12.2,51.4,3.5,0.4,10495.0,7,Malaria,36.77,Medium
2021,1,2021-01-01,Winter,Bhopal City,Kolar Road,23.175,77.445,14.3,12.2,51.4,3.5,0.4,10495.0,3,Chikungunya,34.45,Medium
2021,1,2021-01-01,Winter,Bhopal City,Habibganj,23.23,77.438,14.2,11.7,60.0,1.8,0.38,8517.0,10,Dengue,42.93,Medium
2021,1,2021-01-01,Winter,Bhopal City,Habibganj,23.23,77.438,14.2,11.7,60.0,1.8,0.38,8517.0,6,Malaria,43.27,Medium
2021,1,2021-01-01,Winter,Bhopal City,Habibganj,23.23,77.438,14.2,11.7,60.0,1.8,0.38,8517.0,7,Chikungunya,39.93,Medium
2021,1,2021-01-01,Winter,Bhopal City,Shahpura,23.195,77.435,17.0,11.5,50.9,2.5,0.42,5105.0,8,Dengue,36.69,Medium
2021,1,2021-01-01,Winter,Bhopal City,Shahpura,23.195,77.435,17.0,11.5,50.9,2.5,0.42,5105.0,7,Malaria,38.01,Medium
2021,1,2021-01-01,Winter,Bhopal City,Shahpura,23.195,77.435,17.0,11.5,50.9,2.5,0.42,5105.0,6,Chikungunya,34.57,Medium
2021,1,2021-01-01,Winter,Bhopal City,Ayodhya Nagar,23.21,77.455,15.4,12.1,55.6,4.0,0.3,11476.0,1,Dengue,32.8,Medium
2021,1,2021-01-01,Winter,Bhopal City,Ayodhya Nagar,23.21,77.455,15.4,12.1,55.6,4.0,0.3,11476.0,5,Malaria,33.67,Medium
2021,1,2021-01-01,Winter,Bhopal City,Ayodhya Nagar,23.21,77.455,15.4,12.1,55.6,4.0,0.3,11476.0,1,Chikungunya,31.52,Medium
2021,1,2021-01-01,Winter,Bhopal City,Upper Lake Area,23.25,77.39,18.3,14.1,48.1,0.2,0.75,8036.0,11,Dengue,51.06,High
2021,1,2021-01-01,Winter,Bhopal City,Upper Lake Area,23.25,77.39,18.3,14.1,48.1,0.2,0.75,8036.0,11,Malaria,53.4,High
2021,1,2021-01-01,Winter,Bhopal City,Upper Lake Area,23.25,77.39,18.3,14.1,48.1,0.2,0.75,8036.0,10,Chikungunya,48.68,Medium
2021,1,2021-01-01,Winter,Bhopal City,Lower Lake Area,23.255,77.405,17.0,12.3,55.4,0.3,0.7,6962.0,12,Dengue,50.31,High
2021,1,2021-01-01,Winter,Bhopal City,Lower Lake Area,23.255,77.405,17.0,12.3,55.4,0.3,0.7,6962.0,11,Malaria,52.62,High
2021,1,2021-01-01,Winter,Bhopal City,Lower Lake Area,23.255,77.405,17.0,12.3,55.4,0.3,0.7,6962.0,9,Chikungunya,47.22,Medium
2021,1,2021-01-01,Winter,Bhopal City,Arera Colony,23.22,77.43,15.0,11.9,50.9,2.0,0.45,10471.0,8,Dengue,42.71,Medium
2021,1,2021-01-01,Winter,Bhopal City,Arera Colony,23.22,77.43,15.0,11.9,50.9,2.0,0.45,10471.0,8,Malaria,43.51,Medium
2021,1,2021-01-01,Winter,Bhopal City,Arera Colony,23.22,77.43,15.0,11.9,50.9,2.0,0.45,10471.0,9,Chikungunya,41.2,Medium
2021,1,2021-01-01,Winter,Bhopal City,Bairagarh,23.28,77.37,14.8,17.3,55.0,1.2,0.55,8085.0,7,Dengue,45.23,Medium
2021,1,2021-01-01,Winter,Bhopal City,Bairagarh,23.28,77.37,14.8,17.3,55.0,1.2,0.55,8085.0,10,Malaria,47.66,Medium
2021,1,2021-01-01,Winter,Bhopal City,Bairagarh,23.28,77.37,14.8,17.3,55.0,1.2,0.55,8085.0,10,Chikungunya,43.87,Medium
2021,1,2021-01-01,Winter,Bhopal City,Misrod,23.165,77.46,17.7,11.0,57.0,3.0,0.48,9936.0,5,Dengue,39.25,Medium
2021,1,2021-01-01,Winter,Bhopal City,Misrod,23.165,77.46,17.7,11.0,57.0,3.0,0.48,9936.0,5,Malaria,39.96,Medium
2021,1,2021-01-01,Winter,Bhopal City,Misrod,23.165,77.46,17.7,11.0,57.0,3.0,0.48,9936.0,4,Chikungunya,37.59,Medium
2021,1,2021-01-01,Winter,Bhopal City,BHEL Area,23.245,77.465,15.4,11.5,64.0,3.8,0.32,10793.0,3,Dengue,35.04,Medium
2021,1,2021-01-01,Winter,Bhopal City,BHEL Area,23.245,77.465,15.4,11.5,64.0,3.8,0.32,10793.0,4,Malaria,35.52,Medium
2021,1,2021-01-01,Winter,Bhopal City,BHEL Area,23.245,77.465,15.4,11.5,64.0,3.8,0.32,10793.0,4,Chikungunya,33.88,Medium
2021,1,2021-01-01,Winter,Ashta,Ashta Town Center,23.015,76.725,18.4,11.6,57.7,1.0,0.55,4843.0,11,Dengue,44.58,Medium
2021,1,2021-01-01,Winter,Ashta,Ashta Town Center,23.015,76.725,18.4,11.6,57.7,1.0,0.55,4843.0,10,Malaria,46.83,Medium
2021,1,2021-01-01,Winter,Ashta,Ashta Town Center,23.015,76.725,18.4,11.6,57.7,1.0,0.55,4843.0,10,Chikungunya,42.09,Medium
2021,1,2021-01-01,Winter,Ashta,Ashta Industrial Area,23.02,76.735,17.8,12.2,55.9,2.5,0.3,3263.0,5,Dengue,33.8,Medium
2021,1,2021-01-01,Winter,Ashta,Ashta Industrial Area,23.02,76.735,17.8,12.2,55.9,2.5,0.3,3263.0,5,Malaria,35.67,Medium
2021,1,2021-01-01,Winter,Ashta,Ashta Industrial Area,23.02,76.735,17.8,12.2,55.9,2.5,0.3,3263.0,6,Chikungunya,32.07,Medium
2021,1,2021-01-01,Winter,Ashta,Ashta Rural East,23.01,76.745,15.7,15.2,57.1,0.8,0.68,1054.0,9,Dengue,43.03,Medium
2021,1,2021-01-01,Winter,Ashta,Ashta Rural East,23.01,76.745,15.7,15.2,57.1,0.8,0.68,1054.0,11,Malaria,47.05,Medium
2021,1,2021-01-01,Winter,Ashta,Ashta Rural East,23.01,76.745,15.7,15.2,57.1,0.8,0.68,1054.0,9,Chikungunya,40.89,Medium
2021,1,2021-01-01,Winter,Ashta,Ashta Nadi Belt,23.008,76.715,16.6,12.5,52.2,0.3,0.72,8763.0,12,Dengue,51.63,High
2021,1,2021-01-01,Winter,Ashta,Ashta Nadi Belt,23.008,76.715,16.6,12.5,52.2,0.3,0.72,8763.0,12,Malaria,53.76,High
2021,1,2021-01-01,Winter,Ashta,Ashta Nadi Belt,23.008,76.715,16.6,12.5,52.2,0.3,0.72,8763.0,11,Chikungunya,49.21,Medium
2021,1,2021-01-01,Winter,VIT Bhopal University,VIT Main Campus,23.077,76.8512,17.8,8.0,55.0,1.5,0.5,4841.0,8,Dengue,36.29,Medium
2021,1,2021-01-01,Winter,VIT Bhopal University,VIT Main Campus,23.077,76.8512,17.8,8.0,55.0,1.5,0.5,4841.0,7,Malaria,37.8,Medium
2021,1,2021-01-01,Winter,VIT Bhopal University,VIT Main Campus,23.077,76.8512,17.8,8.0,55.0,1.5,0.5,4841.0,8,Chikungunya,34.71,Medium
2021,1,2021-01-01,Winter,VIT Bhopal University,VIT Hostel Area,23.078,76.853,16.5,13.1,58.4,1.8,0.45,3336.0,6,Dengue,38.37,Medium
2021,1,2021-01-01,Winter,VIT Bhopal University,VIT Hostel Area,23.078,76.853,16.5,13.1,58.4,1.8,0.45,3336.0,6,Malaria,40.81,Medium
2021,1,2021-01-01,Winter,VIT Bhopal University,VIT Hostel Area,23.078,76.853,16.5,13.1,58.4,1.8,0.45,3336.0,9,Chikungunya,37.06,Medium
2021,1,2021-01-01,Winter,VIT Bhopal University,VIT Surrounding Village,23.072,76.848,13.2,12.4,62.1,0.6,0.62,4437.0,8,Dengue,46.12,Medium
2021,1,2021-01-01,Winter,VIT Bhopal University,VIT Surrounding Village,23.072,76.848,13.2,12.4,62.1,0.6,0.62,4437.0,8,Malaria,49.16,Medium
2021,1,2021-01-01,Winter,VIT Bhopal University,VIT Surrounding Village,23.072,76.848,13.2,12.4,62.1,0.6,0.62,4437.0,10,Chikungunya,44.16,Medium
2021,1,2021-01-01,Winter,VIT Bhopal University,Kotri-Kalan Area,23.083,76.855,14.3,15.0,52.8,2.0,0.4,6730.0,7,Dengue,39.54,Medium
2021,1,2021-01-01,Winter,VIT Bhopal University,Kotri-Kalan Area,23.083,76.855,14.3,15.0,52.8,2.0,0.4,6730.0,9,Malaria,41.37,Medium
2021,1,2021-01-01,Winter,VIT Bhopal University,Kotri-Kalan Area,23.083,76.855,14.3,15.0,52.8,2.0,0.4,6730.0,9,Chikungunya,38.12,Medium
2021,2,2021-02-01,Winter,Bhopal City,Old Bhopal (Chowk),23.2676,77.412,19.9,5.4,49.4,0.5,0.65,6765.0,9,Dengue,42.62,Medium
2021,2,2021-02-01,Winter,Bhopal City,Old Bhopal (Chowk),23.2676,77.412,19.9,5.4,49.4,0.5,0.65,6765.0,10,Malaria,44.69,Medium
2021,2,2021-02-01,Winter,Bhopal City,Old Bhopal (Chowk),23.2676,77.412,19.9,5.4,49.4,0.5,0.65,6765.0,12,Chikungunya,41.73,Medium
2021,2,2021-02-01,Winter,Bhopal City,New Market,23.235,77.423,18.7,6.3,44.1,2.1,0.35,5869.0,5,Dengue,31.64,Medium
2021,2,2021-02-01,Winter,Bhopal City,New Market,23.235,77.423,18.7,6.3,44.1,2.1,0.35,5869.0,5,Malaria,32.51,Medium
2021,2,2021-02-01,Winter,Bhopal City,New Market,23.235,77.423,18.7,6.3,44.1,2.1,0.35,5869.0,6,Chikungunya,30.5,Medium
2021,2,2021-02-01,Winter,Bhopal City,Kolar Road,23.175,77.445,16.8,6.0,37.6,3.5,0.4,4854.0,4,Dengue,25.41,Medium
2021,2,2021-02-01,Winter,Bhopal City,Kolar Road,23.175,77.445,16.8,6.0,37.6,3.5,0.4,4854.0,3,Malaria,25.73,Medium
2021,2,2021-02-01,Winter,Bhopal City,Kolar Road,23.175,77.445,16.8,6.0,37.6,3.5,0.4,4854.0,3,Chikungunya,24.73,Low
2021,2,2021-02-01,Winter,Bhopal City,Habibganj,23.23,77.438,19.4,6.5,45.5,1.8,0.38,10265.0,6,Dengue,36.71,Medium
2021,2,2021-02-01,Winter,Bhopal City,Habibganj,23.23,77.438,19.4,6.5,45.5,1.8,0.38,10265.0,7,Malaria,37.12,Medium
2021,2,2021-02-01,Winter,Bhopal City,Habibganj,23.23,77.438,19.4,6.5,45.5,1.8,0.38,10265.0,6,Chikungunya,35.18,Medium
2021,2,2021-02-01,Winter,Bhopal City,Shahpura,23.195,77.435,19.8,10.1,50.9,2.5,0.42,5350.0,6,Dengue,36.41,Medium
2021,2,2021-02-01,Winter,Bhopal City,Shahpura,23.195,77.435,19.8,10.1,50.9,2.5,0.42,5350.0,9,Malaria,38.56,Medium
2021,2,2021-02-01,Winter,Bhopal City,Shahpura,23.195,77.435,19.8,10.1,50.9,2.5,0.42,5350.0,6,Chikungunya,34.77,Medium
2021,2,2021-02-01,Winter,Bhopal City,Ayodhya Nagar,23.21,77.455,18.9,6.4,42.9,4.0,0.3,7016.0,2,Dengue,24.39,Low
2021,2,2021-02-01,Winter,Bhopal City,Ayodhya Nagar,23.21,77.455,18.9,6.4,42.9,4.0,0.3,7016.0,1,Malaria,24.06,Low
2021,2,2021-02-01,Winter,Bhopal City,Ayodhya Nagar,23.21,77.455,18.9,6.4,42.9,4.0,0.3,7016.0,2,Chikungunya,23.91,Low
2021,2,2021-02-01,Winter,Bhopal City,Upper Lake Area,23.25,77.39,19.6,4.9,51.3,0.2,0.75,9164.0,10,Dengue,47.04,Medium
2021,2,2021-02-01,Winter,Bhopal City,Upper Lake Area,23.25,77.39,19.6,4.9,51.3,0.2,0.75,9164.0,9,Malaria,48.55,Medium
2021,2,2021-02-01,Winter,Bhopal City,Upper Lake Area,23.25,77.39,19.6,4.9,51.3,0.2,0.75,9164.0,11,Chikungunya,45.61,Medium
2021,2,2021-02-01,Winter,Bhopal City,Lower Lake Area,23.255,77.405,20.7,7.8,50.1,0.3,0.7,4345.0,10,Dengue,51.0,High
2021,2,2021-02-01,Winter,Bhopal City,Lower Lake Area,23.255,77.405,20.7,7.8,50.1,0.3,0.7,4345.0,11,Malaria,52.11,High
2021,2,2021-02-01,Winter,Bhopal City,Lower Lake Area,23.255,77.405,20.7,7.8,50.1,0.3,0.7,4345.0,9,Chikungunya,50.2,High
2021,2,2021-02-01,Winter,Bhopal City,Arera Colony,23.22,77.43,19.4,8.3,44.6,2.0,0.45,9021.0,6,Dengue,35.82,Medium
2021,2,2021-02-01,Winter,Bhopal City,Arera Colony,23.22,77.43,19.4,8.3,44.6,2.0,0.45,9021.0,6,Malaria,36.27,Medium
2021,2,2021-02-01,Winter,Bhopal City,Arera Colony,23.22,77.43,19.4,8.3,44.6,2.0,0.45,9021.0,11,Chikungunya,35.97,Medium
2021,2,2021-02-01,Winter,Bhopal City,Bairagarh,23.28,77.37,21.3,6.0,42.5,1.2,0.55,9085.0,8,Dengue,48.81,Medium
2021,2,2021-02-01,Winter,Bhopal City,Bairagarh,23.28,77.37,21.3,6.0,42.5,1.2,0.55,9085.0,9,Malaria,48.25,Medium
2021,2,2021-02-01,Winter,Bhopal City,Bairagarh,23.28,77.37,21.3,6.0,42.5,1.2,0.55,9085.0,7,Chikungunya,48.32,Medium
2021,2,2021-02-01,Winter,Bhopal City,Misrod,23.165,77.46,18.6,6.9,52.9,3.0,0.48,8808.0,6,Dengue,33.18,Medium
2021,2,2021-02-01,Winter,Bhopal City,Misrod,23.165,77.46,18.6,6.9,52.9,3.0,0.48,8808.0,4,Malaria,33.09,Medium
2021,2,2021-02-01,Winter,Bhopal City,Misrod,23.165,77.46,18.6,6.9,52.9,3.0,0.48,8808.0,6,Chikungunya,32.42,Medium
2021,2,2021-02-01,Winter,Bhopal City,BHEL Area,23.245,77.465,17.4,10.1,42.5,3.8,0.32,4203.0,3,Dengue,28.25,Medium
2021,2,2021-02-01,Winter,Bhopal City,BHEL Area,23.245,77.465,17.4,10.1,42.5,3.8,0.32,4203.0,2,Malaria,29.06,Medium
2021,2,2021-02-01,Winter,Bhopal City,BHEL Area,23.245,77.465,17.4,10.1,42.5,3.8,0.32,4203.0,3,Chikungunya,27.24,Medium
2021,2,2021-02-01,Winter,Ashta,Ashta Town Center,23.015,76.725,18.4,7.7,45.7,1.0,0.55,4718.0,9,Dengue,37.81,Medium
2021,2,2021-02-01,Winter,Ashta,Ashta Town Center,23.015,76.725,18.4,7.7,45.7,1.0,0.55,4718.0,9,Malaria,39.62,Medium
2021,2,2021-02-01,Winter,Ashta,Ashta Town Center,23.015,76.725,18.4,7.7,45.7,1.0,0.55,4718.0,10,Chikungunya,36.53,Medium
2021,2,2021-02-01,Winter,Ashta,Ashta Industrial Area,23.02,76.735,18.3,8.5,56.3,2.5,0.3,3769.0,6,Dengue,29.48,Medium
2021,2,2021-02-01,Winter,Ashta,Ashta Industrial Area,23.02,76.735,18.3,8.5,56.3,2.5,0.3,3769.0,5,Malaria,30.51,Medium
2021,2,2021-02-01,Winter,Ashta,Ashta Industrial Area,23.02,76.735,18.3,8.5,56.3,2.5,0.3,3769.0,5,Chikungunya,27.72,Medium
2021,2,2021-02-01,Winter,Ashta,Ashta Rural East,23.01,76.745,19.1,9.0,54.6,0.8,0.68,1008.0,12,Dengue,38.47,Medium
2021,2,2021-02-01,Winter,Ashta,Ashta Rural East,23.01,76.745,19.1,9.0,54.6,0.8,0.68,1008.0,9,Malaria,40.82,Medium
2021,2,2021-02-01,Winter,Ashta,Ashta Rural East,23.01,76.745,19.1,9.0,54.6,0.8,0.68,1008.0,11,Chikungunya,36.72,Medium
2021,2,2021-02-01,Winter,Ashta,Ashta Nadi Belt,23.008,76.715,18.5,8.5,47.5,0.3,0.72,7559.0,12,Dengue,45.2,Medium
2021,2,2021-02-01,Winter,Ashta,Ashta Nadi Belt,23.008,76.715,18.5,8.5,47.5,0.3,0.72,7559.0,12,Malaria,46.97,Medium
2021,2,2021-02-01,Winter,Ashta,Ashta Nadi Belt,23.008,76.715,18.5,8.5,47.5,0.3,0.72,7559.0,14,Chikungunya,44.21,Medium
2021,2,2021-02-01,Winter,VIT Bhopal University,VIT Main Campus,23.077,76.8512,20.1,8.6,45.2,1.5,0.5,3804.0,10,Dengue,43.76,Medium
2021,2,2021-02-01,Winter,VIT Bhopal University,VIT Main Campus,23.077,76.8512,20.1,8.6,45.2,1.5,0.5,3804.0,8,Malaria,43.41,Medium
2021,2,2021-02-01,Winter,VIT Bhopal University,VIT Main Campus,23.077,76.8512,20.1,8.6,45.2,1.5,0.5,3804.0,9,Chikungunya,43.38,Medium
2021,2,2021-02-01,Winter,VIT Bhopal University,VIT Hostel Area,23.078,76.853,19.3,9.6,43.8,1.8,0.45,3965.0,6,Dengue,32.41,Medium
2021,2,2021-02-01,Winter,VIT Bhopal University,VIT Hostel Area,23.078,76.853,19.3,9.6,43.8,1.8,0.45,3965.0,10,Malaria,34.73,Medium
2021,2,2021-02-01,Winter,VIT Bhopal University,VIT Hostel Area,23.078,76.853,19.3,9.6,43.8,1.8,0.45,3965.0,9,Chikungunya,31.89,Medium
2021,2,2021-02-01,Winter,VIT Bhopal University,VIT Surrounding Village,23.072,76.848,17.9,7.8,51.8,0.6,0.62,4678.0,9,Dengue,40.52,Medium
2021,2,2021-02-01,Winter,VIT Bhopal University,VIT Surrounding Village,23.072,76.848,17.9,7.8,51.8,0.6,0.62,4678.0,13,Malaria,43.56,Medium
2021,2,2021-02-01,Winter,VIT Bhopal University,VIT Surrounding Village,23.072,76.848,17.9,7.8,51.8,0.6,0.62,4678.0,10,Chikungunya,39.02,Medium
2021,2,2021-02-01,Winter,VIT Bhopal University,Kotri-Kalan Area,23.083,76.855,17.7,9.6,45.3,2.0,0.4,8778.0,7,Dengue,35.43,Medium
2021,2,2021-02-01,Winter,VIT Bhopal University,Kotri-Kalan Area,23.083,76.855,17.7,9.6,45.3,2.0,0.4,8778.0,7,Malaria,35.8,Medium
2021,2,2021-02-01,Winter,VIT Bhopal University,Kotri-Kalan Area,23.083,76.855,17.7,9.6,45.3,2.0,0.4,8778.0,7,Chikungunya,34.1,Medium
2021,3,2021-03-01,Summer,Bhopal City,Old Bhopal (Chowk),23.2676,77.412,25.8,5.4,33.6,0.5,0.65,5324.0,13,Dengue,58.44,High
2021,3,2021-03-01,Summer,Bhopal City,Old Bhopal (Chowk),23.2676,77.412,25.8,5.4,33.6,0.5,0.65,5324.0,10,Malaria,56.33,High
2021,3,2021-03-01,Summer,Bhopal City,Old Bhopal (Chowk),23.2676,77.412,25.8,5.4,33.6,0.5,0.65,5324.0,17,Chikungunya,60.71,High
2021,3,2021-03-01,Summer,Bhopal City,New Market,23.235,77.423,23.1,4.6,31.5,2.1,0.35,8260.0,7,Dengue,41.58,Medium
2021,3,2021-03-01,Summer,Bhopal City,New Market,23.235,77.423,23.1,4.6,31.5,2.1,0.35,8260.0,10,Malaria,40.63,Medium
2021,3,2021-03-01,Summer,Bhopal City,New Market,23.235,77.423,23.1,4.6,31.5,2.1,0.35,8260.0,6,Chikungunya,41.41,Medium
2021,3,2021-03-01,Summer,Bhopal City,Kolar Road,23.175,77.445,26.7,6.5,33.8,3.5,0.4,8229.0,5,Dengue,45.56,Medium
2021,3,2021-03-01,Summer,Bhopal City,Kolar Road,23.175,77.445,26.7,6.5,33.8,3.5,0.4,8229.0,5,Malaria,42.09,Medium
2021,3,2021-03-01,Summer,Bhopal City,Kolar Road,23.175,77.445,26.7,6.5,33.8,3.5,0.4,8229.0,6,Chikungunya,47.96,Medium
2021,3,2021-03-01,Summer,Bhopal City,Habibganj,23.23,77.438,28.8,3.0,38.8,1.8,0.38,11463.0,10,Dengue,54.6,High
2021,3,2021-03-01,Summer,Bhopal City,Habibganj,23.23,77.438,28.8,3.0,38.8,1.8,0.38,11463.0,9,Malaria,51.11,High
2021,3,2021-03-01,Summer,Bhopal City,Habibganj,23.23,77.438,28.8,3.0,38.8,1.8,0.38,11463.0,9,Chikungunya,55.48,High
2021,3,2021-03-01,Summer,Bhopal City,Shahpura,23.195,77.435,25.0,5.5,28.2,2.5,0.42,7868.0,6,Dengue,48.75,Medium
2021,3,2021-03-01,Summer,Bhopal City,Shahpura,23.195,77.435,25.0,5.5,28.2,2.5,0.42,7868.0,7,Malaria,45.84,Medium
2021,3,2021-03-01,Summer,Bhopal City,Shahpura,23.195,77.435,25.0,5.5,28.2,2.5,0.42,7868.0,7,Chikungunya,50.75,High
2021,3,2021-03-01,Summer,Bhopal City,Ayodhya Nagar,23.21,77.455,25.9,5.1,31.6,4.0,0.3,4954.0,1,Dengue,38.97,Medium
2021,3,2021-03-01,Summer,Bhopal City,Ayodhya Nagar,23.21,77.455,25.9,5.1,31.6,4.0,0.3,4954.0,1,Malaria,35.87,Medium
2021,3,2021-03-01,Summer,Bhopal City,Ayodhya Nagar,23.21,77.455,25.9,5.1,31.6,4.0,0.3,4954.0,2,Chikungunya,41.35,Medium
2021,3,2021-03-01,Summer,Bhopal City,Upper Lake Area,23.25,77.39,24.9,4.4,32.6,0.2,0.75,7374.0,11,Dengue,52.78,High
2021,3,2021-03-01,Summer,Bhopal City,Upper Lake Area,23.25,77.39,24.9,4.4,32.6,0.2,0.75,7374.0,12,Malaria,53.04,High
2021,3,2021-03-01,Summer,Bhopal City,Upper Lake Area,23.25,77.39,24.9,4.4,32.6,0.2,0.75,7374.0,16,Chikungunya,54.09,High
2021,3,2021-03-01,Summer,Bhopal City,Lower Lake Area,23.255,77.405,26.0,5.9,27.9,0.3,0.7,7645.0,14,Dengue,61.19,High
2021,3,2021-03-01,Summer,Bhopal City,Lower Lake Area,23.255,77.405,26.0,5.9,27.9,0.3,0.7,7645.0,14,Malaria,59.24,High
2021,3,2021-03-01,Summer,Bhopal City,Lower Lake Area,23.255,77.405,26.0,5.9,27.9,0.3,0.7,7645.0,13,Chikungunya,62.19,High
2021,3,2021-03-01,Summer,Bhopal City,Arera Colony,23.22,77.43,24.8,5.4,31.3,2.0,0.45,9465.0,9,Dengue,44.36,Medium
2021,3,2021-03-01,Summer,Bhopal City,Arera Colony,23.22,77.43,24.8,5.4,31.3,2.0,0.45,9465.0,12,Malaria,43.34,Medium
2021,3,2021-03-01,Summer,Bhopal City,Arera Colony,23.22,77.43,24.8,5.4,31.3,2.0,0.45,9465.0,7,Chikungunya,44.14,Medium
2021,3,2021-03-01,Summer,Bhopal City,Bairagarh,23.28,77.37,25.3,5.2,36.5,1.2,0.55,9411.0,10,Dengue,57.76,High
2021,3,2021-03-01,Summer,Bhopal City,Bairagarh,23.28,77.37,25.3,5.2,36.5,1.2,0.55,9411.0,9,Malaria,54.93,High
2021,3,2021-03-01,Summer,Bhopal City,Bairagarh,23.28,77.37,25.3,5.2,36.5,1.2,0.55,9411.0,9,Chikungunya,58.67,High
2021,3,2021-03-01,Summer,Bhopal City,Misrod,23.165,77.46,24.6,4.6,33.0,3.0,0.48,8523.0,4,Dengue,39.27,Medium
2021,3,2021-03-01,Summer,Bhopal City,Misrod,23.165,77.46,24.6,4.6,33.0,3.0,0.48,8523.0,4,Malaria,37.73,Medium
2021,3,2021-03-01,Summer,Bhopal City,Misrod,23.165,77.46,24.6,4.6,33.0,3.0,0.48,8523.0,7,Chikungunya,40.88,Medium
2021,3,2021-03-01,Summer,Bhopal City,BHEL Area,23.245,77.465,27.2,5.9,35.4,3.8,0.32,7104.0,3,Dengue,42.46,Medium
2021,3,2021-03-01,Summer,Bhopal City,BHEL Area,23.245,77.465,27.2,5.9,35.4,3.8,0.32,7104.0,8,Malaria,40.05,Medium
2021,3,2021-03-01,Summer,Bhopal City,BHEL Area,23.245,77.465,27.2,5.9,35.4,3.8,0.32,7104.0,6,Chikungunya,45.33,Medium
2021,3,2021-03-01,Summer,Ashta,Ashta Town Center,23.015,76.725,26.0,5.8,34.2,1.0,0.55,6262.0,15,Dengue,56.93,High
2021,3,2021-03-01,Summer,Ashta,Ashta Town Center,23.015,76.725,26.0,5.8,34.2,1.0,0.55,6262.0,11,Malaria,53.96,High
2021,3,2021-03-01,Summer,Ashta,Ashta Town Center,23.015,76.725,26.0,5.8,34.2,1.0,0.55,6262.0,12,Chikungunya,57.41,High
2021,3,2021-03-01,Summer,Ashta,Ashta Industrial Area,23.02,76.735,24.1,4.2,38.7,2.5,0.3,2117.0,6,Dengue,35.21,Medium
2021,3,2021-03-01,Summer,Ashta,Ashta Industrial Area,23.02,76.735,24.1,4.2,38.7,2.5,0.3,2117.0,6,Malaria,34.82,Medium
2021,3,2021-03-01,Summer,Ashta,Ashta Industrial Area,23.02,76.735,24.1,4.2,38.7,2.5,0.3,2117.0,6,Chikungunya,35.27,Medium
2021,3,2021-03-01,Summer,Ashta,Ashta Rural East,23.01,76.745,26.4,5.2,36.5,0.8,0.68,1497.0,12,Dengue,54.65,High
2021,3,2021-03-01,Summer,Ashta,Ashta Rural East,23.01,76.745,26.4,5.2,36.5,0.8,0.68,1497.0,11,Malaria,53.74,High
2021,3,2021-03-01,Summer,Ashta,Ashta Rural East,23.01,76.745,26.4,5.2,36.5,0.8,0.68,1497.0,17,Chikungunya,57.34,High
2021,3,2021-03-01,Summer,Ashta,Ashta Nadi Belt,23.008,76.715,23.4,5.4,34.5,0.3,0.72,9577.0,12,Dengue,54.31,High
2021,3,2021-03-01,Summer,Ashta,Ashta Nadi Belt,23.008,76.715,23.4,5.4,34.5,0.3,0.72,9577.0,15,Malaria,54.43,High
2021,3,2021-03-01,Summer,Ashta,Ashta Nadi Belt,23.008,76.715,23.4,5.4,34.5,0.3,0.72,9577.0,15,Chikungunya,55.06,High
2021,3,2021-03-01,Summer,VIT Bhopal University,VIT Main Campus,23.077,76.8512,24.4,4.3,34.2,1.5,0.5,3455.0,10,Dengue,42.39,Medium
2021,3,2021-03-01,Summer,VIT Bhopal University,VIT Main Campus,23.077,76.8512,24.4,4.3,34.2,1.5,0.5,3455.0,11,Malaria,42.48,Medium
2021,3,2021-03-01,Summer,VIT Bhopal University,VIT Main Campus,23.077,76.8512,24.4,4.3,34.2,1.5,0.5,3455.0,9,Chikungunya,42.22,Medium
2021,3,2021-03-01,Summer,VIT Bhopal University,VIT Hostel Area,23.078,76.853,27.3,5.3,32.5,1.8,0.45,3564.0,7,Dengue,48.8,Medium
2021,3,2021-03-01,Summer,VIT Bhopal University,VIT Hostel Area,23.078,76.853,27.3,5.3,32.5,1.8,0.45,3564.0,6,Malaria,46.73,Medium
2021,3,2021-03-01,Summer,VIT Bhopal University,VIT Hostel Area,23.078,76.853,27.3,5.3,32.5,1.8,0.45,3564.0,8,Chikungunya,50.39,High
2021,3,2021-03-01,Summer,VIT Bhopal University,VIT Surrounding Village,23.072,76.848,23.0,6.9,34.2,0.6,0.62,4071.0,16,Dengue,48.76,Medium
2021,3,2021-03-01,Summer,VIT Bhopal University,VIT Surrounding Village,23.072,76.848,23.0,6.9,34.2,0.6,0.62,4071.0,11,Malaria,47.89,Medium
2021,3,2021-03-01,Summer,VIT Bhopal University,VIT Surrounding Village,23.072,76.848,23.0,6.9,34.2,0.6,0.62,4071.0,11,Chikungunya,47.41,Medium
2021,3,2021-03-01,Summer,VIT Bhopal University,Kotri-Kalan Area,23.083,76.855,26.4,4.2,35.7,2.0,0.4,5236.0,8,Dengue,49.48,Medium
2021,3,2021-03-01,Summer,VIT Bhopal University,Kotri-Kalan Area,23.083,76.855,26.4,4.2,35.7,2.0,0.4,5236.0,7,Malaria,46.93,Medium
2021,3,2021-03-01,Summer,VIT Bhopal University,Kotri-Kalan Area,23.083,76.855,26.4,4.2,35.7,2.0,0.4,5236.0,10,Chikungunya,51.35,High
2021,4,2021-04-01,Summer,Bhopal City,Old Bhopal (Chowk),23.2676,77.412,30.1,3.3,37.3,0.5,0.65,9865.0,14,Dengue,62.68,High
2021,4,2021-04-01,Summer,Bhopal City,Old Bhopal (Chowk),23.2676,77.412,30.1,3.3,37.3,0.5,0.65,9865.0,16,Malaria,60.69,High
2021,4,2021-04-01,Summer,Bhopal City,Old Bhopal (Chowk),23.2676,77.412,30.1,3.3,37.3,0.5,0.65,9865.0,14,Chikungunya,63.79,High
2021,4,2021-04-01,Summer,Bhopal City,New Market,23.235,77.423,29.3,2.5,18.4,2.1,0.35,10254.0,8,Dengue,50.7,High
2021,4,2021-04-01,Summer,Bhopal City,New Market,23.235,77.423,29.3,2.5,18.4,2.1,0.35,10254.0,7,Malaria,46.71,Medium
2021,4,2021-04-01,Summer,Bhopal City,New Market,23.235,77.423,29.3,2.5,18.4,2.1,0.35,10254.0,7,Chikungunya,52.04,High
2021,4,2021-04-01,Summer,Bhopal City,Kolar Road,23.175,77.445,30.2,4.3,30.5,3.5,0.4,8570.0,5,Dengue,45.5,Medium
2021,4,2021-04-01,Summer,Bhopal City,Kolar Road,23.175,77.445,30.2,4.3,30.5,3.5,0.4,8570.0,7,Malaria,42.3,Medium
2021,4,2021-04-01,Summer,Bhopal City,Kolar Road,23.175,77.445,30.2,4.3,30.5,3.5,0.4,8570.0,6,Chikungunya,47.97,Medium
2021,4,2021-04-01,Summer,Bhopal City,Habibganj,23.23,77.438,29.9,2.5,21.8,1.8,0.38,11164.0,9,Dengue,52.66,High
2021,4,2021-04-01,Summer,Bhopal City,Habibganj,23.23,77.438,29.9,2.5,21.8,1.8,0.38,11164.0,9,Malaria,49.07,Medium
2021,4,2021-04-01,Summer,Bhopal City,Habibganj,23.23,77.438,29.9,2.5,21.8,1.8,0.38,11164.0,6,Chikungunya,53.28,High
2021,4,2021-04-01,Summer,Bhopal City,Shahpura,23.195,77.435,27.6,2.3,27.5,2.5,0.42,6566.0,6,Dengue,47.64,Medium
2021,4,2021-04-01,Summer,Bhopal City,Shahpura,23.195,77.435,27.6,2.3,27.5,2.5,0.42,6566.0,10,Malaria,45.58,Medium
2021,4,2021-04-01,Summer,Bhopal City,Shahpura,23.195,77.435,27.6,2.3,27.5,2.5,0.42,6566.0,8,Chikungunya,49.93,Medium
2021,4,2021-04-01,Summer,Bhopal City,Ayodhya Nagar,23.21,77.455,27.0,2.7,28.9,4.0,0.3,8769.0,2,Dengue,41.99,Medium
2021,4,2021-04-01,Summer,Bhopal City,Ayodhya Nagar,23.21,77.455,27.0,2.7,28.9,4.0,0.3,8769.0,2,Malaria,38.03,Medium
2021,4,2021-04-01,Summer,Bhopal City,Ayodhya Nagar,23.21,77.455,27.0,2.7,28.9,4.0,0.3,8769.0,3,Chikungunya,44.47,Medium
2021,4,2021-04-01,Summer,Bhopal City,Upper Lake Area,23.25,77.39,31.8,2.1,22.7,0.2,0.75,6318.0,13,Dengue,60.23,High
2021,4,2021-04-01,Summer,Bhopal City,Upper Lake Area,23.25,77.39,31.8,2.1,22.7,0.2,0.75,6318.0,15,Malaria,59.02,High
2021,4,2021-04-01,Summer,Bhopal City,Upper Lake Area,23.25,77.39,31.8,2.1,22.7,0.2,0.75,6318.0,15,Chikungunya,62.17,High
2021,4,2021-04-01,Summer,Bhopal City,Lower Lake Area,23.255,77.405,30.2,2.3,33.6,0.3,0.7,4487.0,10,Dengue,58.27,High
2021,4,2021-04-01,Summer,Bhopal City,Lower Lake Area,23.255,77.405,30.2,2.3,33.6,0.3,0.7,4487.0,15,Malaria,58.23,High
2021,4,2021-04-01,Summer,Bhopal City,Lower Lake Area,23.255,77.405,30.2,2.3,33.6,0.3,0.7,4487.0,17,Chikungunya,61.24,High
2021,4,2021-04-01,Summer,Bhopal City,Arera Colony,23.22,77.43,30.6,3.9,27.0,2.0,0.45,6670.0,11,Dengue,50.98,High
2021,4,2021-04-01,Summer,Bhopal City,Arera Colony,23.22,77.43,30.6,3.9,27.0,2.0,0.45,6670.0,8,Malaria,47.54,Medium
2021,4,2021-04-01,Summer,Bhopal City,Arera Colony,23.22,77.43,30.6,3.9,27.0,2.0,0.45,6670.0,8,Chikungunya,51.84,High
2021,4,2021-04-01,Summer,Bhopal City,Bairagarh,23.28,77.37,27.3,2.9,19.6,1.2,0.55,5066.0,13,Dengue,53.32,High
2021,4,2021-04-01,Summer,Bhopal City,Bairagarh,23.28,77.37,27.3,2.9,19.6,1.2,0.55,5066.0,10,Malaria,50.5,High
2021,4,2021-04-01,Summer,Bhopal City,Bairagarh,23.28,77.37,27.3,2.9,19.6,1.2,0.55,5066.0,10,Chikungunya,54.12,High
2021,4,2021-04-01,Summer,Bhopal City,Misrod,23.165,77.46,29.0,3.1,19.3,3.0,0.48,8363.0,7,Dengue,47.3,Medium
2021,4,2021-04-01,Summer,Bhopal City,Misrod,23.165,77.46,29.0,3.1,19.3,3.0,0.48,8363.0,5,Malaria,43.39,Medium
2021,4,2021-04-01,Summer,Bhopal City,Misrod,23.165,77.46,29.0,3.1,19.3,3.0,0.48,8363.0,7,Chikungunya,49.65,Medium
2021,4,2021-04-01,Summer,Bhopal City,BHEL Area,23.245,77.465,29.2,3.5,29.8,3.8,0.32,10625.0,3,Dengue,44.22,Medium
2021,4,2021-04-01,Summer,Bhopal City,BHEL Area,23.245,77.465,29.2,3.5,29.8,3.8,0.32,10625.0,2,Malaria,39.92,Medium
2021,4,2021-04-01,Summer,Bhopal City,BHEL Area,23.245,77.465,29.2,3.5,29.8,3.8,0.32,10625.0,2,Chikungunya,46.08,Medium
2021,4,2021-04-01,Summer,Ashta,Ashta Town Center,23.015,76.725,29.1,2.8,24.6,1.0,0.55,11544.0,12,Dengue,58.24,High
2021,4,2021-04-01,Summer,Ashta,Ashta Town Center,23.015,76.725,29.1,2.8,24.6,1.0,0.55,11544.0,12,Malaria,55.25,High
2021,4,2021-04-01,Summer,Ashta,Ashta Town Center,23.015,76.725,29.1,2.8,24.6,1.0,0.55,11544.0,10,Chikungunya,59.07,High
2021,4,2021-04-01,Summer,Ashta,Ashta Industrial Area,23.02,76.735,27.9,3.6,32.7,2.5,0.3,3673.0,7,Dengue,44.89,Medium
2021,4,2021-04-01,Summer,Ashta,Ashta Industrial Area,23.02,76.735,27.9,3.6,32.7,2.5,0.3,3673.0,8,Malaria,42.63,Medium
2021,4,2021-04-01,Summer,Ashta,Ashta Industrial Area,23.02,76.735,27.9,3.6,32.7,2.5,0.3,3673.0,9,Chikungunya,46.88,Medium
2021,4,2021-04-01,Summer,Ashta,Ashta Rural East,23.01,76.745,31.6,2.7,26.1,0.8,0.68,583.0,14,Dengue,53.36,High
2021,4,2021-04-01,Summer,Ashta,Ashta Rural East,23.01,76.745,31.6,2.7,26.1,0.8,0.68,583.0,15,Malaria,52.75,High
2021,4,2021-04-01,Summer,Ashta,Ashta Rural East,23.01,76.745,31.6,2.7,26.1,0.8,0.68,583.0,11,Chikungunya,54.1,High
2021,4,2021-04-01,Summer,Ashta,Ashta Nadi Belt,23.008,76.715,32.8,3.6,29.3,0.3,0.72,11127.0,12,Dengue,62.93,High
2021,4,2021-04-01,Summer,Ashta,Ashta Nadi Belt,23.008,76.715,32.8,3.6,29.3,0.3,0.72,11127.0,15,Malaria,61.26,High
2021,4,2021-04-01,Summer,Ashta,Ashta Nadi Belt,23.008,76.715,32.8,3.6,29.3,0.3,0.72,11127.0,13,Chikungunya,64.43,High
2021,4,2021-04-01,Summer,VIT Bhopal University,VIT Main Campus,23.077,76.8512,27.1,2.5,23.6,1.5,0.5,4513.0,9,Dengue,50.73,High
2021,4,2021-04-01,Summer,VIT Bhopal University,VIT Main Campus,23.077,76.8512,27.1,2.5,23.6,1.5,0.5,4513.0,8,Malaria,48.44,Medium
2021,4,2021-04-01,Summer,VIT Bhopal University,VIT Main Campus,23.077,76.8512,27.1,2.5,23.6,1.5,0.5,4513.0,9,Chikungunya,52.22,High
2021,4,2021-04-01,Summer,VIT Bhopal University,VIT Hostel Area,23.078,76.853,30.1,3.1,25.0,1.8,0.45,4639.0,9,Dengue,49.39,Medium
2021,4,2021-04-01,Summer,VIT Bhopal University,VIT Hostel Area,23.078,76.853,30.1,3.1,25.0,1.8,0.45,4639.0,6,Malaria,46.49,Medium
2021,4,2021-04-01,Summer,VIT Bhopal University,VIT Hostel Area,23.078,76.853,30.1,3.1,25.0,1.8,0.45,4639.0,11,Chikungunya,51.49,High
2021,4,2021-04-01,Summer,VIT Bhopal University,VIT Surrounding Village,23.072,76.848,28.7,2.8,29.9,0.6,0.62,4717.0,11,Dengue,56.45,High
2021,4,2021-04-01,Summer,VIT Bhopal University,VIT Surrounding Village,23.072,76.848,28.7,2.8,29.9,0.6,0.62,4717.0,14,Malaria,55.56,High
2021,4,2021-04-01,Summer,VIT Bhopal University,VIT Surrounding Village,23.072,76.848,28.7,2.8,29.9,0.6,0.62,4717.0,14,Chikungunya,58.43,High
2021,4,2021-04-01,Summer,VIT Bhopal University,Kotri-Kalan Area,23.083,76.855,28.8,2.3,29.4,2.0,0.4,9698.0,7,Dengue,52.18,High
2021,4,2021-04-01,Summer,VIT Bhopal University,Kotri-Kalan Area,23.083,76.855,28.8,2.3,29.4,2.0,0.4,9698.0,9,Malaria,49.25,Medium
2021,4,2021-04-01,Summer,VIT Bhopal University,Kotri-Kalan Area,23.083,76.855,28.8,2.3,29.4,2.0,0.4,9698.0,9,Chikungunya,54.13,High
2021,5,2021-05-01,Summer,Bhopal City,Old Bhopal (Chowk),23.2676,77.412,32.1,11.4,32.4,0.5,0.65,8749.0,14,Dengue,66.3,High
2021,5,2021-05-01,Summer,Bhopal City,Old Bhopal (Chowk),23.2676,77.412,32.1,11.4,32.4,0.5,0.65,8749.0,12,Malaria,64.13,High
2021,5,2021-05-01,Summer,Bhopal City,Old Bhopal (Chowk),23.2676,77.412,32.1,11.4,32.4,0.5,0.65,8749.0,13,Chikungunya,66.73,High
2021,5,2021-05-01,Summer,Bhopal City,New Market,23.235,77.423,32.7,9.9,32.4,2.1,0.35,11566.0,7,Dengue,51.86,High
2021,5,2021-05-01,Summer,Bhopal City,New Market,23.235,77.423,32.7,9.9,32.4,2.1,0.35,11566.0,6,Malaria,48.19,Medium
2021,5,2021-05-01,Summer,Bhopal City,New Market,23.235,77.423,32.7,9.9,32.4,2.1,0.35,11566.0,6,Chikungunya,52.88,High
2021,5,2021-05-01,Summer,Bhopal City,Kolar Road,23.175,77.445,36.0,9.3,24.3,3.5,0.4,4781.0,6,Dengue,33.29,Medium
2021,5,2021-05-01,Summer,Bhopal City,Kolar Road,23.175,77.445,36.0,9.3,24.3,3.5,0.4,4781.0,8,Malaria,32.28,Medium
2021,5,2021-05-01,Summer,Bhopal City,Kolar Road,23.175,77.445,36.0,9.3,24.3,3.5,0.4,4781.0,3,Chikungunya,33.61,Medium
2021,5,2021-05-01,Summer,Bhopal City,Habibganj,23.23,77.438,34.8,11.9,29.4,1.8,0.38,8556.0,9,Dengue,57.27,High
2021,5,2021-05-01,Summer,Bhopal City,Habibganj,23.23,77.438,34.8,11.9,29.4,1.8,0.38,8556.0,11,Malaria,55.03,High
2021,5,2021-05-01,Summer,Bhopal City,Habibganj,23.23,77.438,34.8,11.9,29.4,1.8,0.38,8556.0,7,Chikungunya,57.52,High
2021,5,2021-05-01,Summer,Bhopal City,Shahpura,23.195,77.435,33.7,11.5,24.8,2.5,0.42,7502.0,9,Dengue,53.84,High
2021,5,2021-05-01,Summer,Bhopal City,Shahpura,23.195,77.435,33.7,11.5,24.8,2.5,0.42,7502.0,8,Malaria,50.92,High
2021,5,2021-05-01,Summer,Bhopal City,Shahpura,23.195,77.435,33.7,11.5,24.8,2.5,0.42,7502.0,9,Chikungunya,55.25,High
2021,5,2021-05-01,Summer,Bhopal City,Ayodhya Nagar,23.21,77.455,36.9,12.9,22.9,4.0,0.3,5169.0,3,Dengue,34.94,Medium
2021,5,2021-05-01,Summer,Bhopal City,Ayodhya Nagar,23.21,77.455,36.9,12.9,22.9,4.0,0.3,5169.0,3,Malaria,33.65,Medium
2021,5,2021-05-01,Summer,Bhopal City,Ayodhya Nagar,23.21,77.455,36.9,12.9,22.9,4.0,0.3,5169.0,1,Chikungunya,35.04,Medium
2021,5,2021-05-01,Summer,Bhopal City,Upper Lake Area,23.25,77.39,33.6,10.9,26.6,0.2,0.75,9303.0,16,Dengue,68.72,High
2021,5,2021-05-01,Summer,Bhopal City,Upper Lake Area,23.25,77.39,33.6,10.9,26.6,0.2,0.75,9303.0,11,Malaria,65.97,High
2021,5,2021-05-01,Summer,Bhopal City,Upper Lake Area,23.25,77.39,33.6,10.9,26.6,0.2,0.75,9303.0,12,Chikungunya,68.53,High
2021,5,2021-05-01,Summer,Bhopal City,Lower Lake Area,23.255,77.405,32.7,10.1,30.5,0.3,0.7,7329.0,13,Dengue,65.96,High
2021,5,2021-05-01,Summer,Bhopal City,Lower Lake Area,23.255,77.405,32.7,10.1,30.5,0.3,0.7,7329.0,10,Malaria,64.06,High
2021,5,2021-05-01,Summer,Bhopal City,Lower Lake Area,23.255,77.405,32.7,10.1,30.5,0.3,0.7,7329.0,16,Chikungunya,67.49,High
2021,5,2021-05-01,Summer,Bhopal City,Arera Colony,23.22,77.43,36.0,7.2,29.0,2.0,0.45,8278.0,13,Dengue,44.14,Medium
2021,5,2021-05-01,Summer,Bhopal City,Arera Colony,23.22,77.43,36.0,7.2,29.0,2.0,0.45,8278.0,9,Malaria,41.75,Medium
2021,5,2021-05-01,Summer,Bhopal City,Arera Colony,23.22,77.43,36.0,7.2,29.0,2.0,0.45,8278.0,7,Chikungunya,43.0,Medium
2021,5,2021-05-01,Summer,Bhopal City,Bairagarh,23.28,77.37,33.1,9.3,32.4,1.2,0.55,5692.0,10,Dengue,54.38,High
2021,5,2021-05-01,Summer,Bhopal City,Bairagarh,23.28,77.37,33.1,9.3,32.4,1.2,0.55,5692.0,12,Malaria,52.81,High
2021,5,2021-05-01,Summer,Bhopal City,Bairagarh,23.28,77.37,33.1,9.3,32.4,1.2,0.55,5692.0,7,Chikungunya,54.81,High
2021,5,2021-05-01,Summer,Bhopal City,Misrod,23.165,77.46,34.1,9.4,35.7,3.0,0.48,4060.0,8,Dengue,45.74,Medium
2021,5,2021-05-01,Summer,Bhopal City,Misrod,23.165,77.46,34.1,9.4,35.7,3.0,0.48,4060.0,7,Malaria,43.18,Medium
2021,5,2021-05-01,Summer,Bhopal City,Misrod,23.165,77.46,34.1,9.4,35.7,3.0,0.48,4060.0,7,Chikungunya,47.53,Medium
2021,5,2021-05-01,Summer,Bhopal City,BHEL Area,23.245,77.465,29.7,10.8,34.2,3.8,0.32,7585.0,3,Dengue,47.73,Medium
2021,5,2021-05-01,Summer,Bhopal City,BHEL Area,23.245,77.465,29.7,10.8,34.2,3.8,0.32,7585.0,5,Malaria,45.09,Medium
2021,5,2021-05-01,Summer,Bhopal City,BHEL Area,23.245,77.465,29.7,10.8,34.2,3.8,0.32,7585.0,6,Chikungunya,50.12,High
2021,5,2021-05-01,Summer,Ashta,Ashta Town Center,23.015,76.725,35.0,13.2,23.0,1.0,0.55,7711.0,13,Dengue,61.49,High
2021,5,2021-05-01,Summer,Ashta,Ashta Town Center,23.015,76.725,35.0,13.2,23.0,1.0,0.55,7711.0,10,Malaria,58.79,High
2021,5,2021-05-01,Summer,Ashta,Ashta Town Center,23.015,76.725,35.0,13.2,23.0,1.0,0.55,7711.0,10,Chikungunya,61.61,High
2021,5,2021-05-01,Summer,Ashta,Ashta Industrial Area,23.02,76.735,33.9,8.6,33.4,2.5,0.3,2329.0,8,Dengue,44.13,Medium
2021,5,2021-05-01,Summer,Ashta,Ashta Industrial Area,23.02,76.735,33.9,8.6,33.4,2.5,0.3,2329.0,6,Malaria,41.51,Medium
2021,5,2021-05-01,Summer,Ashta,Ashta Industrial Area,23.02,76.735,33.9,8.6,33.4,2.5,0.3,2329.0,8,Chikungunya,45.58,Medium
2021,5,2021-05-01,Summer,Ashta,Ashta Rural East,23.01,76.745,34.7,7.9,34.1,0.8,0.68,1665.0,12,Dengue,54.54,High
2021,5,2021-05-01,Summer,Ashta,Ashta Rural East,23.01,76.745,34.7,7.9,34.1,0.8,0.68,1665.0,13,Malaria,53.95,High
2021,5,2021-05-01,Summer,Ashta,Ashta Rural East,23.01,76.745,34.7,7.9,34.1,0.8,0.68,1665.0,11,Chikungunya,55.6,High
2021,5,2021-05-01,Summer,Ashta,Ashta Nadi Belt,23.008,76.715,32.6,9.8,31.2,0.3,0.72,6708.0,9,Dengue,59.77,High
2021,5,2021-05-01,Summer,Ashta,Ashta Nadi Belt,23.008,76.715,32.6,9.8,31.2,0.3,0.72,6708.0,12,Malaria,58.91,High
2021,5,2021-05-01,Summer,Ashta,Ashta Nadi Belt,23.008,76.715,32.6,9.8,31.2,0.3,0.72,6708.0,13,Chikungunya,61.94,High
2021,5,2021-05-01,Summer,VIT Bhopal University,VIT Main Campus,23.077,76.8512,35.9,8.7,28.0,1.5,0.5,4894.0,12,Dengue,43.4,Medium
2021,5,2021-05-01,Summer,VIT Bhopal University,VIT Main Campus,23.077,76.8512,35.9,8.7,28.0,1.5,0.5,4894.0,13,Malaria,43.0,Medium
2021,5,2021-05-01,Summer,VIT Bhopal University,VIT Main Campus,23.077,76.8512,35.9,8.7,28.0,1.5,0.5,4894.0,8,Chikungunya,42.6,Medium
2021,5,2021-05-01,Summer,VIT Bhopal University,VIT Hostel Area,23.078,76.853,35.9,10.3,24.1,1.8,0.45,4152.0,7,Dengue,44.63,Medium
2021,5,2021-05-01,Summer,VIT Bhopal University,VIT Hostel Area,23.078,76.853,35.9,10.3,24.1,1.8,0.45,4152.0,7,Malaria,44.58,Medium
2021,5,2021-05-01,Summer,VIT Bhopal University,VIT Hostel Area,23.078,76.853,35.9,10.3,24.1,1.8,0.45,4152.0,7,Chikungunya,44.41,Medium
2021,5,2021-05-01,Summer,VIT Bhopal University,VIT Surrounding Village,23.072,76.848,35.1,10.2,35.0,0.6,0.62,3027.0,11,Dengue,51.8,High
2021,5,2021-05-01,Summer,VIT Bhopal University,VIT Surrounding Village,23.072,76.848,35.1,10.2,35.0,0.6,0.62,3027.0,12,Malaria,53.06,High
2021,5,2021-05-01,Summer,VIT Bhopal University,VIT Surrounding Village,23.072,76.848,35.1,10.2,35.0,0.6,0.62,3027.0,12,Chikungunya,51.42,High
2021,5,2021-05-01,Summer,VIT Bhopal University,Kotri-Kalan Area,23.083,76.855,34.8,10.0,32.8,2.0,0.4,4583.0,11,Dengue,54.38,High
2021,5,2021-05-01,Summer,VIT Bhopal University,Kotri-Kalan Area,23.083,76.855,34.8,10.0,32.8,2.0,0.4,4583.0,8,Malaria,51.88,High
2021,5,2021-05-01,Summer,VIT Bhopal University,Kotri-Kalan Area,23.083,76.855,34.8,10.0,32.8,2.0,0.4,4583.0,8,Chikungunya,54.53,High
2021,6,2021-06-01,Monsoon,Bhopal City,Old Bhopal (Chowk),23.2676,77.412,33.7,123.3,58.8,0.5,0.65,10998.0,17,Dengue,82.66,Critical
2021,6,2021-06-01,Monsoon,Bhopal City,Old Bhopal (Chowk),23.2676,77.412,33.7,123.3,58.8,0.5,0.65,10998.0,19,Malaria,82.66,Critical
2021,6,2021-06-01,Monsoon,Bhopal City,Old Bhopal (Chowk),23.2676,77.412,33.7,123.3,58.8,0.5,0.65,10998.0,26,Chikungunya,84.29,Critical
2021,6,2021-06-01,Monsoon,Bhopal City,New Market,23.235,77.423,31.4,128.3,67.3,2.1,0.35,6672.0,9,Dengue,70.17,High
2021,6,2021-06-01,Monsoon,Bhopal City,New Market,23.235,77.423,31.4,128.3,67.3,2.1,0.35,6672.0,7,Malaria,69.28,High
2021,6,2021-06-01,Monsoon,Bhopal City,New Market,23.235,77.423,31.4,128.3,67.3,2.1,0.35,6672.0,12,Chikungunya,69.98,High
2021,6,2021-06-01,Monsoon,Bhopal City,Kolar Road,23.175,77.445,31.6,88.5,56.3,3.5,0.4,9674.0,6,Dengue,66.21,High
2021,6,2021-06-01,Monsoon,Bhopal City,Kolar Road,23.175,77.445,31.6,88.5,56.3,3.5,0.4,9674.0,8,Malaria,64.96,High
2021,6,2021-06-01,Monsoon,Bhopal City,Kolar Road,23.175,77.445,31.6,88.5,56.3,3.5,0.4,9674.0,9,Chikungunya,67.06,High
2021,6,2021-06-01,Monsoon,Bhopal City,Habibganj,23.23,77.438,33.0,108.0,59.9,1.8,0.38,5568.0,17,Dengue,71.85,High
2021,6,2021-06-01,Monsoon,Bhopal City,Habibganj,23.23,77.438,33.0,108.0,59.9,1.8,0.38,5568.0,7,Malaria,69.29,High
2021,6,2021-06-01,Monsoon,Bhopal City,Habibganj,23.23,77.438,33.0,108.0,59.9,1.8,0.38,5568.0,13,Chikungunya,70.05,High
2021,6,2021-06-01,Monsoon,Bhopal City,Shahpura,23.195,77.435,32.4,171.6,59.0,2.5,0.42,11466.0,12,Dengue,71.98,High
2021,6,2021-06-01,Monsoon,Bhopal City,Shahpura,23.195,77.435,32.4,171.6,59.0,2.5,0.42,11466.0,12,Malaria,70.52,High
2021,6,2021-06-01,Monsoon,Bhopal City,Shahpura,23.195,77.435,32.4,171.6,59.0,2.5,0.42,11466.0,9,Chikungunya,70.78,High
2021,6,2021-06-01,Monsoon,Bhopal City,Ayodhya Nagar,23.21,77.455,30.7,122.8,61.3,4.0,0.3,6409.0,5,Dengue,61.06,High
2021,6,2021-06-01,Monsoon,Bhopal City,Ayodhya Nagar,23.21,77.455,30.7,122.8,61.3,4.0,0.3,6409.0,3,Malaria,59.41,High
2021,6,2021-06-01,Monsoon,Bhopal City,Ayodhya Nagar,23.21,77.455,30.7,122.8,61.3,4.0,0.3,6409.0,3,Chikungunya,60.48,High
2021,6,2021-06-01,Monsoon,Bhopal City,Upper Lake Area,23.25,77.39,32.1,162.7,73.0,0.2,0.75,5367.0,17,Dengue,82.45,Critical
2021,6,2021-06-01,Monsoon,Bhopal City,Upper Lake Area,23.25,77.39,32.1,162.7,73.0,0.2,0.75,5367.0,21,Malaria,84.38,Critical
2021,6,2021-06-01,Monsoon,Bhopal City,Upper Lake Area,23.25,77.39,32.1,162.7,73.0,0.2,0.75,5367.0,23,Chikungunya,82.97,Critical
2021,6,2021-06-01,Monsoon,Bhopal City,Lower Lake Area,23.255,77.405,33.7,155.8,66.9,0.3,0.7,10262.0,26,Dengue,86.85,Critical
2021,6,2021-06-01,Monsoon,Bhopal City,Lower Lake Area,23.255,77.405,33.7,155.8,66.9,0.3,0.7,10262.0,16,Malaria,84.42,Critical
2021,6,2021-06-01,Monsoon,Bhopal City,Lower Lake Area,23.255,77.405,33.7,155.8,66.9,0.3,0.7,10262.0,23,Chikungunya,85.29,Critical
2021,6,2021-06-01,Monsoon,Bhopal City,Arera Colony,23.22,77.43,32.3,119.0,63.7,2.0,0.45,9202.0,11,Dengue,73.68,High
2021,6,2021-06-01,Monsoon,Bhopal City,Arera Colony,23.22,77.43,32.3,119.0,63.7,2.0,0.45,9202.0,12,Malaria,72.97,High
2021,6,2021-06-01,Monsoon,Bhopal City,Arera Colony,23.22,77.43,32.3,119.0,63.7,2.0,0.45,9202.0,12,Chikungunya,73.22,High
2021,6,2021-06-01,Monsoon,Bhopal City,Bairagarh,23.28,77.37,31.7,137.0,55.9,1.2,0.55,4971.0,21,Dengue,75.79,Critical
2021,6,2021-06-01,Monsoon,Bhopal City,Bairagarh,23.28,77.37,31.7,137.0,55.9,1.2,0.55,4971.0,16,Malaria,74.69,High
2021,6,2021-06-01,Monsoon,Bhopal City,Bairagarh,23.28,77.37,31.7,137.0,55.9,1.2,0.55,4971.0,14,Chikungunya,73.37,High
2021,6,2021-06-01,Monsoon,Bhopal City,Misrod,23.165,77.46,32.0,162.0,64.9,3.0,0.48,6800.0,12,Dengue,68.81,High
2021,6,2021-06-01,Monsoon,Bhopal City,Misrod,23.165,77.46,32.0,162.0,64.9,3.0,0.48,6800.0,14,Malaria,68.43,High
2021,6,2021-06-01,Monsoon,Bhopal City,Misrod,23.165,77.46,32.0,162.0,64.9,3.0,0.48,6800.0,12,Chikungunya,68.75,High
2021,6,2021-06-01,Monsoon,Bhopal City,BHEL Area,23.245,77.465,29.9,122.3,67.3,3.8,0.32,7882.0,8,Dengue,64.47,High
2021,6,2021-06-01,Monsoon,Bhopal City,BHEL Area,23.245,77.465,29.9,122.3,67.3,3.8,0.32,7882.0,8,Malaria,63.04,High
2021,6,2021-06-01,Monsoon,Bhopal City,BHEL Area,23.245,77.465,29.9,122.3,67.3,3.8,0.32,7882.0,5,Chikungunya,63.53,High
2021,6,2021-06-01,Monsoon,Ashta,Ashta Town Center,23.015,76.725,36.5,146.3,56.7,1.0,0.55,5547.0,13,Dengue,66.32,High
2021,6,2021-06-01,Monsoon,Ashta,Ashta Town Center,23.015,76.725,36.5,146.3,56.7,1.0,0.55,5547.0,15,Malaria,68.53,High
2021,6,2021-06-01,Monsoon,Ashta,Ashta Town Center,23.015,76.725,36.5,146.3,56.7,1.0,0.55,5547.0,18,Chikungunya,65.61,High
2021,6,2021-06-01,Monsoon,Ashta,Ashta Industrial Area,23.02,76.735,31.7,115.6,60.1,2.5,0.3,3138.0,11,Dengue,65.16,High
2021,6,2021-06-01,Monsoon,Ashta,Ashta Industrial Area,23.02,76.735,31.7,115.6,60.1,2.5,0.3,3138.0,10,Malaria,64.7,High
2021,6,2021-06-01,Monsoon,Ashta,Ashta Industrial Area,23.02,76.735,31.7,115.6,60.1,2.5,0.3,3138.0,12,Chikungunya,64.78,High
2021,6,2021-06-01,Monsoon,Ashta,Ashta Rural East,23.01,76.745,32.3,153.4,57.7,0.8,0.68,870.0,18,Dengue,74.7,High
2021,6,2021-06-01,Monsoon,Ashta,Ashta Rural East,23.01,76.745,32.3,153.4,57.7,0.8,0.68,870.0,19,Malaria,76.2,Critical
2021,6,2021-06-01,Monsoon,Ashta,Ashta Rural East,23.01,76.745,32.3,153.4,57.7,0.8,0.68,870.0,16,Chikungunya,73.55,High
2021,6,2021-06-01,Monsoon,Ashta,Ashta Nadi Belt,23.008,76.715,32.0,125.6,55.9,0.3,0.72,10001.0,17,Dengue,83.79,Critical
2021,6,2021-06-01,Monsoon,Ashta,Ashta Nadi Belt,23.008,76.715,32.0,125.6,55.9,0.3,0.72,10001.0,18,Malaria,83.75,Critical
2021,6,2021-06-01,Monsoon,Ashta,Ashta Nadi Belt,23.008,76.715,32.0,125.6,55.9,0.3,0.72,10001.0,24,Chikungunya,84.93,Critical
2021,6,2021-06-01,Monsoon,VIT Bhopal University,VIT Main Campus,23.077,76.8512,31.5,149.3,60.6,1.5,0.5,4881.0,12,Dengue,72.45,High
2021,6,2021-06-01,Monsoon,VIT Bhopal University,VIT Main Campus,23.077,76.8512,31.5,149.3,60.6,1.5,0.5,4881.0,15,Malaria,73.21,High
2021,6,2021-06-01,Monsoon,VIT Bhopal University,VIT Main Campus,23.077,76.8512,31.5,149.3,60.6,1.5,0.5,4881.0,19,Chikungunya,73.58,High
2021,6,2021-06-01,Monsoon,VIT Bhopal University,VIT Hostel Area,23.078,76.853,29.0,132.2,54.7,1.8,0.45,3538.0,8,Dengue,68.24,High
2021,6,2021-06-01,Monsoon,VIT Bhopal University,VIT Hostel Area,23.078,76.853,29.0,132.2,54.7,1.8,0.45,3538.0,15,Malaria,69.88,High
2021,6,2021-06-01,Monsoon,VIT Bhopal University,VIT Hostel Area,23.078,76.853,29.0,132.2,54.7,1.8,0.45,3538.0,11,Chikungunya,68.28,High
2021,6,2021-06-01,Monsoon,VIT Bhopal University,VIT Surrounding Village,23.072,76.848,33.3,100.8,56.2,0.6,0.62,4868.0,22,Dengue,78.83,Critical
2021,6,2021-06-01,Monsoon,VIT Bhopal University,VIT Surrounding Village,23.072,76.848,33.3,100.8,56.2,0.6,0.62,4868.0,19,Malaria,78.5,Critical
2021,6,2021-06-01,Monsoon,VIT Bhopal University,VIT Surrounding Village,23.072,76.848,33.3,100.8,56.2,0.6,0.62,4868.0,13,Chikungunya,75.67,Critical
2021,6,2021-06-01,Monsoon,VIT Bhopal University,Kotri-Kalan Area,23.083,76.855,32.1,122.9,59.9,2.0,0.4,4678.0,16,Dengue,70.38,High
2021,6,2021-06-01,Monsoon,VIT Bhopal University,Kotri-Kalan Area,23.083,76.855,32.1,122.9,59.9,2.0,0.4,4678.0,13,Malaria,69.4,High
2021,6,2021-06-01,Monsoon,VIT Bhopal University,Kotri-Kalan Area,23.083,76.855,32.1,122.9,59.9,2.0,0.4,4678.0,8,Chikungunya,67.58,High
2021,7,2021-07-01,Monsoon,Bhopal City,Old Bhopal (Chowk),23.2676,77.412,27.4,424.1,83.0,0.5,0.65,11213.0,15,Dengue,67.6,High
2021,7,2021-07-01,Monsoon,Bhopal City,Old Bhopal (Chowk),23.2676,77.412,27.4,424.1,83.0,0.5,0.65,11213.0,18,Malaria,66.65,High
2021,7,2021-07-01,Monsoon,Bhopal City,Old Bhopal (Chowk),23.2676,77.412,27.4,424.1,83.0,0.5,0.65,11213.0,17,Chikungunya,68.4,High
2021,7,2021-07-01,Monsoon,Bhopal City,New Market,23.235,77.423,29.8,296.4,76.4,2.1,0.35,5471.0,10,Dengue,66.35,High
2021,7,2021-07-01,Monsoon,Bhopal City,New Market,23.235,77.423,29.8,296.4,76.4,2.1,0.35,5471.0,7,Malaria,65.25,High
2021,7,2021-07-01,Monsoon,Bhopal City,New Market,23.235,77.423,29.8,296.4,76.4,2.1,0.35,5471.0,8,Chikungunya,65.03,High
2021,7,2021-07-01,Monsoon,Bhopal City,Kolar Road,23.175,77.445,27.7,375.7,87.2,3.5,0.4,11054.0,9,Dengue,66.28,High
2021,7,2021-07-01,Monsoon,Bhopal City,Kolar Road,23.175,77.445,27.7,375.7,87.2,3.5,0.4,11054.0,10,Malaria,64.86,High
2021,7,2021-07-01,Monsoon,Bhopal City,Kolar Road,23.175,77.445,27.7,375.7,87.2,3.5,0.4,11054.0,9,Chikungunya,66.2,High
2021,7,2021-07-01,Monsoon,Bhopal City,Habibganj,23.23,77.438,25.1,357.4,88.9,1.8,0.38,4934.0,12,Dengue,69.04,High
2021,7,2021-07-01,Monsoon,Bhopal City,Habibganj,23.23,77.438,25.1,357.4,88.9,1.8,0.38,4934.0,8,Malaria,68.19,High
2021,7,2021-07-01,Monsoon,Bhopal City,Habibganj,23.23,77.438,25.1,357.4,88.9,1.8,0.38,4934.0,10,Chikungunya,67.42,High
2021,7,2021-07-01,Monsoon,Bhopal City,Shahpura,23.195,77.435,27.4,171.7,88.6,2.5,0.42,5373.0,14,Dengue,71.72,High
2021,7,2021-07-01,Monsoon,Bhopal City,Shahpura,23.195,77.435,27.4,171.7,88.6,2.5,0.42,5373.0,13,Malaria,71.5,High
2021,7,2021-07-01,Monsoon,Bhopal City,Shahpura,23.195,77.435,27.4,171.7,88.6,2.5,0.42,5373.0,13,Chikungunya,70.57,High
2021,7,2021-07-01,Monsoon,Bhopal City,Ayodhya Nagar,23.21,77.455,28.3,317.3,74.6,4.0,0.3,6010.0,4,Dengue,57.83,High
2021,7,2021-07-01,Monsoon,Bhopal City,Ayodhya Nagar,23.21,77.455,28.3,317.3,74.6,4.0,0.3,6010.0,8,Malaria,57.36,High
2021,7,2021-07-01,Monsoon,Bhopal City,Ayodhya Nagar,23.21,77.455,28.3,317.3,74.6,4.0,0.3,6010.0,4,Chikungunya,57.89,High
2021,7,2021-07-01,Monsoon,Bhopal City,Upper Lake Area,23.25,77.39,28.5,417.8,83.8,0.2,0.75,8221.0,22,Dengue,70.02,High
2021,7,2021-07-01,Monsoon,Bhopal City,Upper Lake Area,23.25,77.39,28.5,417.8,83.8,0.2,0.75,8221.0,25,Malaria,69.49,High
2021,7,2021-07-01,Monsoon,Bhopal City,Upper Lake Area,23.25,77.39,28.5,417.8,83.8,0.2,0.75,8221.0,22,Chikungunya,70.54,High
2021,7,2021-07-01,Monsoon,Bhopal City,Lower Lake Area,23.255,77.405,25.6,247.1,75.7,0.3,0.7,8348.0,14,Dengue,79.53,Critical
2021,7,2021-07-01,Monsoon,Bhopal City,Lower Lake Area,23.255,77.405,25.6,247.1,75.7,0.3,0.7,8348.0,16,Malaria,80.09,Critical
2021,7,2021-07-01,Monsoon,Bhopal City,Lower Lake Area,23.255,77.405,25.6,247.1,75.7,0.3,0.7,8348.0,23,Chikungunya,81.07,Critical
2021,7,2021-07-01,Monsoon,Bhopal City,Arera Colony,23.22,77.43,29.2,435.7,87.6,2.0,0.45,6358.0,16,Dengue,57.99,High
2021,7,2021-07-01,Monsoon,Bhopal City,Arera Colony,23.22,77.43,29.2,435.7,87.6,2.0,0.45,6358.0,13,Malaria,55.63,High
2021,7,2021-07-01,Monsoon,Bhopal City,Arera Colony,23.22,77.43,29.2,435.7,87.6,2.0,0.45,6358.0,12,Chikungunya,57.55,High
2021,7,2021-07-01,Monsoon,Bhopal City,Bairagarh,23.28,77.37,27.2,304.0,80.7,1.2,0.55,11692.0,15,Dengue,76.85,Critical
2021,7,2021-07-01,Monsoon,Bhopal City,Bairagarh,23.28,77.37,27.2,304.0,80.7,1.2,0.55,11692.0,16,Malaria,76.28,Critical
2021,7,2021-07-01,Monsoon,Bhopal City,Bairagarh,23.28,77.37,27.2,304.0,80.7,1.2,0.55,11692.0,13,Chikungunya,75.5,Critical
2021,7,2021-07-01,Monsoon,Bhopal City,Misrod,23.165,77.46,29.8,337.2,77.0,3.0,0.48,5278.0,12,Dengue,64.8,High
2021,7,2021-07-01,Monsoon,Bhopal City,Misrod,23.165,77.46,29.8,337.2,77.0,3.0,0.48,5278.0,12,Malaria,64.16,High
2021,7,2021-07-01,Monsoon,Bhopal City,Misrod,23.165,77.46,29.8,337.2,77.0,3.0,0.48,5278.0,16,Chikungunya,66.02,High
2021,7,2021-07-01,Monsoon,Bhopal City,BHEL Area,23.245,77.465,26.5,325.6,72.2,3.8,0.32,6285.0,6,Dengue,59.21,High
2021,7,2021-07-01,Monsoon,Bhopal City,BHEL Area,23.245,77.465,26.5,325.6,72.2,3.8,0.32,6285.0,5,Malaria,57.68,High
2021,7,2021-07-01,Monsoon,Bhopal City,BHEL Area,23.245,77.465,26.5,325.6,72.2,3.8,0.32,6285.0,8,Chikungunya,59.88,High
2021,7,2021-07-01,Monsoon,Ashta,Ashta Town Center,23.015,76.725,26.4,345.2,84.2,1.0,0.55,7858.0,18,Dengue,76.92,Critical
2021,7,2021-07-01,Monsoon,Ashta,Ashta Town Center,23.015,76.725,26.4,345.2,84.2,1.0,0.55,7858.0,18,Malaria,76.61,Critical
2021,7,2021-07-01,Monsoon,Ashta,Ashta Town Center,23.015,76.725,26.4,345.2,84.2,1.0,0.55,7858.0,14,Chikungunya,74.94,High
2021,7,2021-07-01,Monsoon,Ashta,Ashta Industrial Area,23.02,76.735,29.1,357.2,82.7,2.5,0.3,2039.0,10,Dengue,62.31,High
2021,7,2021-07-01,Monsoon,Ashta,Ashta Industrial Area,23.02,76.735,29.1,357.2,82.7,2.5,0.3,2039.0,9,Malaria,62.15,High
2021,7,2021-07-01,Monsoon,Ashta,Ashta Industrial Area,23.02,76.735,29.1,357.2,82.7,2.5,0.3,2039.0,10,Chikungunya,61.55,High
2021,7,2021-07-01,Monsoon,Ashta,Ashta Rural East,23.01,76.745,25.7,430.5,81.0,0.8,0.68,789.0,15,Dengue,59.25,High
2021,7,2021-07-01,Monsoon,Ashta,Ashta Rural East,23.01,76.745,25.7,430.5,81.0,0.8,0.68,789.0,16,Malaria,59.65,High
2021,7,2021-07-01,Monsoon,Ashta,Ashta Rural East,23.01,76.745,25.7,430.5,81.0,0.8,0.68,789.0,15,Chikungunya,59.77,High
2021,7,2021-07-01,Monsoon,Ashta,Ashta Nadi Belt,23.008,76.715,29.7,397.9,81.7,0.3,0.72,11454.0,17,Dengue,82.37,Critical
2021,7,2021-07-01,Monsoon,Ashta,Ashta Nadi Belt,23.008,76.715,29.7,397.9,81.7,0.3,0.72,11454.0,16,Malaria,82.05,Critical
2021,7,2021-07-01,Monsoon,Ashta,Ashta Nadi Belt,23.008,76.715,29.7,397.9,81.7,0.3,0.72,11454.0,19,Chikungunya,82.0,Critical
2021,7,2021-07-01,Monsoon,VIT Bhopal University,VIT Main Campus,23.077,76.8512,27.7,395.9,86.8,1.5,0.5,4613.0,9,Dengue,70.13,High
2021,7,2021-07-01,Monsoon,VIT Bhopal University,VIT Main Campus,23.077,76.8512,27.7,395.9,86.8,1.5,0.5,4613.0,11,Malaria,70.99,High
2021,7,2021-07-01,Monsoon,VIT Bhopal University,VIT Main Campus,23.077,76.8512,27.7,395.9,86.8,1.5,0.5,4613.0,14,Chikungunya,70.46,High
2021,7,2021-07-01,Monsoon,VIT Bhopal University,VIT Hostel Area,23.078,76.853,28.0,301.2,77.2,1.8,0.45,3346.0,12,Dengue,67.3,High
2021,7,2021-07-01,Monsoon,VIT Bhopal University,VIT Hostel Area,23.078,76.853,28.0,301.2,77.2,1.8,0.45,3346.0,13,Malaria,67.67,High
2021,7,2021-07-01,Monsoon,VIT Bhopal University,VIT Hostel Area,23.078,76.853,28.0,301.2,77.2,1.8,0.45,3346.0,11,Chikungunya,66.33,High
2021,7,2021-07-01,Monsoon,VIT Bhopal University,VIT Surrounding Village,23.072,76.848,28.0,461.1,86.8,0.6,0.62,4734.0,15,Dengue,63.11,High
2021,7,2021-07-01,Monsoon,VIT Bhopal University,VIT Surrounding Village,23.072,76.848,28.0,461.1,86.8,0.6,0.62,4734.0,16,Malaria,62.79,High
2021,7,2021-07-01,Monsoon,VIT Bhopal University,VIT Surrounding Village,23.072,76.848,28.0,461.1,86.8,0.6,0.62,4734.0,19,Chikungunya,64.39,High
2021,7,2021-07-01,Monsoon,VIT Bhopal University,Kotri-Kalan Area,23.083,76.855,27.1,306.2,82.7,2.0,0.4,7307.0,12,Dengue,69.8,High
2021,7,2021-07-01,Monsoon,VIT Bhopal University,Kotri-Kalan Area,23.083,76.855,27.1,306.2,82.7,2.0,0.4,7307.0,14,Malaria,69.51,High
2021,7,2021-07-01,Monsoon,VIT Bhopal University,Kotri-Kalan Area,23.083,76.855,27.1,306.2,82.7,2.0,0.4,7307.0,11,Chikungunya,68.74,High
2021,8,2021-08-01,Monsoon,Bhopal City,Old Bhopal (Chowk),23.2676,77.412,27.5,326.0,91.0,0.5,0.65,4310.0,15,Dengue,76.85,Critical
2021,8,2021-08-01,Monsoon,Bhopal City,Old Bhopal (Chowk),23.2676,77.412,27.5,326.0,91.0,0.5,0.65,4310.0,17,Malaria,78.3,Critical
2021,8,2021-08-01,Monsoon,Bhopal City,Old Bhopal (Chowk),23.2676,77.412,27.5,326.0,91.0,0.5,0.65,4310.0,20,Chikungunya,77.03,Critical
2021,8,2021-08-01,Monsoon,Bhopal City,New Market,23.235,77.423,24.2,337.3,80.4,2.1,0.35,6274.0,13,Dengue,59.32,High
2021,8,2021-08-01,Monsoon,Bhopal City,New Market,23.235,77.423,24.2,337.3,80.4,2.1,0.35,6274.0,11,Malaria,59.81,High
2021,8,2021-08-01,Monsoon,Bhopal City,New Market,23.235,77.423,24.2,337.3,80.4,2.1,0.35,6274.0,12,Chikungunya,57.11,High
2021,8,2021-08-01,Monsoon,Bhopal City,Kolar Road,23.175,77.445,25.6,356.3,85.2,3.5,0.4,9417.0,6,Dengue,64.89,High
2021,8,2021-08-01,Monsoon,Bhopal City,Kolar Road,23.175,77.445,25.6,356.3,85.2,3.5,0.4,9417.0,7,Malaria,63.67,High
2021,8,2021-08-01,Monsoon,Bhopal City,Kolar Road,23.175,77.445,25.6,356.3,85.2,3.5,0.4,9417.0,7,Chikungunya,65.01,High
2021,8,2021-08-01,Monsoon,Bhopal City,Habibganj,23.23,77.438,27.5,362.1,95.2,1.8,0.38,9906.0,11,Dengue,73.4,High
2021,8,2021-08-01,Monsoon,Bhopal City,Habibganj,23.23,77.438,27.5,362.1,95.2,1.8,0.38,9906.0,10,Malaria,72.33,High
2021,8,2021-08-01,Monsoon,Bhopal City,Habibganj,23.23,77.438,27.5,362.1,95.2,1.8,0.38,9906.0,12,Chikungunya,72.46,High
2021,8,2021-08-01,Monsoon,Bhopal City,Shahpura,23.195,77.435,27.1,292.8,85.6,2.5,0.42,6093.0,7,Dengue,66.31,High
2021,8,2021-08-01,Monsoon,Bhopal City,Shahpura,23.195,77.435,27.1,292.8,85.6,2.5,0.42,6093.0,14,Malaria,67.36,High
2021,8,2021-08-01,Monsoon,Bhopal City,Shahpura,23.195,77.435,27.1,292.8,85.6,2.5,0.42,6093.0,13,Chikungunya,67.3,High
2021,8,2021-08-01,Monsoon,Bhopal City,Ayodhya Nagar,23.21,77.455,27.2,251.9,79.1,4.0,0.3,11561.0,5,Dengue,61.71,High
2021,8,2021-08-01,Monsoon,Bhopal City,Ayodhya Nagar,23.21,77.455,27.2,251.9,79.1,4.0,0.3,11561.0,7,Malaria,60.09,High
2021,8,2021-08-01,Monsoon,Bhopal City,Ayodhya Nagar,23.21,77.455,27.2,251.9,79.1,4.0,0.3,11561.0,7,Chikungunya,62.29,High
2021,8,2021-08-01,Monsoon,Bhopal City,Upper Lake Area,23.25,77.39,28.5,346.1,83.4,0.2,0.75,10582.0,20,Dengue,83.92,Critical
2021,8,2021-08-01,Monsoon,Bhopal City,Upper Lake Area,23.25,77.39,28.5,346.1,83.4,0.2,0.75,10582.0,18,Malaria,83.41,Critical
2021,8,2021-08-01,Monsoon,Bhopal City,Upper Lake Area,23.25,77.39,28.5,346.1,83.4,0.2,0.75,10582.0,23,Chikungunya,83.91,Critical
2021,8,2021-08-01,Monsoon,Bhopal City,Lower Lake Area,23.255,77.405,27.3,399.8,89.7,0.3,0.7,9689.0,19,Dengue,83.2,Critical
2021,8,2021-08-01,Monsoon,Bhopal City,Lower Lake Area,23.255,77.405,27.3,399.8,89.7,0.3,0.7,9689.0,17,Malaria,82.78,Critical
2021,8,2021-08-01,Monsoon,Bhopal City,Lower Lake Area,23.255,77.405,27.3,399.8,89.7,0.3,0.7,9689.0,24,Chikungunya,83.55,Critical
2021,8,2021-08-01,Monsoon,Bhopal City,Arera Colony,23.22,77.43,25.9,325.0,86.2,2.0,0.45,10164.0,14,Dengue,73.28,High
2021,8,2021-08-01,Monsoon,Bhopal City,Arera Colony,23.22,77.43,25.9,325.0,86.2,2.0,0.45,10164.0,15,Malaria,72.35,High
2021,8,2021-08-01,Monsoon,Bhopal City,Arera Colony,23.22,77.43,25.9,325.0,86.2,2.0,0.45,10164.0,14,Chikungunya,72.62,High
2021,8,2021-08-01,Monsoon,Bhopal City,Bairagarh,23.28,77.37,26.5,275.0,77.5,1.2,0.55,7065.0,18,Dengue,74.91,High
2021,8,2021-08-01,Monsoon,Bhopal City,Bairagarh,23.28,77.37,26.5,275.0,77.5,1.2,0.55,7065.0,16,Malaria,74.14,High
2021,8,2021-08-01,Monsoon,Bhopal City,Bairagarh,23.28,77.37,26.5,275.0,77.5,1.2,0.55,7065.0,16,Chikungunya,73.73,High
2021,8,2021-08-01,Monsoon,Bhopal City,Misrod,23.165,77.46,23.8,326.6,85.6,3.0,0.48,10902.0,12,Dengue,60.64,High
2021,8,2021-08-01,Monsoon,Bhopal City,Misrod,23.165,77.46,23.8,326.6,85.6,3.0,0.48,10902.0,8,Malaria,60.04,High
2021,8,2021-08-01,Monsoon,Bhopal City,Misrod,23.165,77.46,23.8,326.6,85.6,3.0,0.48,10902.0,5,Chikungunya,57.41,High
2021,8,2021-08-01,Monsoon,Bhopal City,BHEL Area,23.245,77.465,26.0,282.2,78.9,3.8,0.32,7879.0,6,Dengue,61.16,High
2021,8,2021-08-01,Monsoon,Bhopal City,BHEL Area,23.245,77.465,26.0,282.2,78.9,3.8,0.32,7879.0,6,Malaria,59.64,High
2021,8,2021-08-01,Monsoon,Bhopal City,BHEL Area,23.245,77.465,26.0,282.2,78.9,3.8,0.32,7879.0,5,Chikungunya,60.86,High
2021,8,2021-08-01,Monsoon,Ashta,Ashta Town Center,23.015,76.725,24.6,342.4,100.0,1.0,0.55,6268.0,16,Dengue,67.95,High
2021,8,2021-08-01,Monsoon,Ashta,Ashta Town Center,23.015,76.725,24.6,342.4,100.0,1.0,0.55,6268.0,15,Malaria,69.76,High
2021,8,2021-08-01,Monsoon,Ashta,Ashta Town Center,23.015,76.725,24.6,342.4,100.0,1.0,0.55,6268.0,17,Chikungunya,65.77,High
2021,8,2021-08-01,Monsoon,Ashta,Ashta Industrial Area,23.02,76.735,26.9,264.7,94.9,2.5,0.3,3898.0,9,Dengue,64.77,High
2021,8,2021-08-01,Monsoon,Ashta,Ashta Industrial Area,23.02,76.735,26.9,264.7,94.9,2.5,0.3,3898.0,8,Malaria,64.52,High
2021,8,2021-08-01,Monsoon,Ashta,Ashta Industrial Area,23.02,76.735,26.9,264.7,94.9,2.5,0.3,3898.0,11,Chikungunya,64.29,High
2021,8,2021-08-01,Monsoon,Ashta,Ashta Rural East,23.01,76.745,27.2,440.1,84.3,0.8,0.68,1541.0,18,Dengue,60.9,High
2021,8,2021-08-01,Monsoon,Ashta,Ashta Rural East,23.01,76.745,27.2,440.1,84.3,0.8,0.68,1541.0,16,Malaria,60.5,High
2021,8,2021-08-01,Monsoon,Ashta,Ashta Rural East,23.01,76.745,27.2,440.1,84.3,0.8,0.68,1541.0,18,Chikungunya,61.48,High
2021,8,2021-08-01,Monsoon,Ashta,Ashta Nadi Belt,23.008,76.715,27.4,299.4,87.2,0.3,0.72,4338.0,20,Dengue,79.11,Critical
2021,8,2021-08-01,Monsoon,Ashta,Ashta Nadi Belt,23.008,76.715,27.4,299.4,87.2,0.3,0.72,4338.0,16,Malaria,79.31,Critical
2021,8,2021-08-01,Monsoon,Ashta,Ashta Nadi Belt,23.008,76.715,27.4,299.4,87.2,0.3,0.72,4338.0,22,Chikungunya,78.75,Critical
2021,8,2021-08-01,Monsoon,VIT Bhopal University,VIT Main Campus,23.077,76.8512,28.3,318.5,73.5,1.5,0.5,3986.0,14,Dengue,69.5,High
2021,8,2021-08-01,Monsoon,VIT Bhopal University,VIT Main Campus,23.077,76.8512,28.3,318.5,73.5,1.5,0.5,3986.0,12,Malaria,69.21,High
2021,8,2021-08-01,Monsoon,VIT Bhopal University,VIT Main Campus,23.077,76.8512,28.3,318.5,73.5,1.5,0.5,3986.0,15,Chikungunya,69.17,High
2021,8,2021-08-01,Monsoon,VIT Bhopal University,VIT Hostel Area,23.078,76.853,26.0,303.2,85.2,1.8,0.45,4621.0,11,Dengue,68.87,High
2021,8,2021-08-01,Monsoon,VIT Bhopal University,VIT Hostel Area,23.078,76.853,26.0,303.2,85.2,1.8,0.45,4621.0,11,Malaria,68.99,High
2021,8,2021-08-01,Monsoon,VIT Bhopal University,VIT Hostel Area,23.078,76.853,26.0,303.2,85.2,1.8,0.45,4621.0,13,Chikungunya,68.55,High
2021,8,2021-08-01,Monsoon,VIT Bhopal University,VIT Surrounding Village,23.072,76.848,26.4,391.2,75.7,0.6,0.62,3364.0,16,Dengue,74.14,High
2021,8,2021-08-01,Monsoon,VIT Bhopal University,VIT Surrounding Village,23.072,76.848,26.4,391.2,75.7,0.6,0.62,3364.0,15,Malaria,74.74,High
2021,8,2021-08-01,Monsoon,VIT Bhopal University,VIT Surrounding Village,23.072,76.848,26.4,391.2,75.7,0.6,0.62,3364.0,14,Chikungunya,72.7,High
2021,8,2021-08-01,Monsoon,VIT Bhopal University,Kotri-Kalan Area,23.083,76.855,27.1,332.3,80.4,2.0,0.4,6717.0,12,Dengue,69.1,High
2021,8,2021-08-01,Monsoon,VIT Bhopal University,Kotri-Kalan Area,23.083,76.855,27.1,332.3,80.4,2.0,0.4,6717.0,13,Malaria,68.68,High
2021,8,2021-08-01,Monsoon,VIT Bhopal University,Kotri-Kalan Area,23.083,76.855,27.1,332.3,80.4,2.0,0.4,6717.0,15,Chikungunya,69.21,High
2021,9,2021-09-01,Monsoon,Bhopal City,Old Bhopal (Chowk),23.2676,77.412,26.6,219.3,77.6,0.5,0.65,9339.0,15,Dengue,79.54,Critical
2021,9,2021-09-01,Monsoon,Bhopal City,Old Bhopal (Chowk),23.2676,77.412,26.6,219.3,77.6,0.5,0.65,9339.0,20,Malaria,80.32,Critical
2021,9,2021-09-01,Monsoon,Bhopal City,Old Bhopal (Chowk),23.2676,77.412,26.6,219.3,77.6,0.5,0.65,9339.0,17,Chikungunya,79.14,Critical
2021,9,2021-09-01,Monsoon,Bhopal City,New Market,23.235,77.423,22.7,175.8,81.0,2.1,0.35,6616.0,10,Dengue,62.94,High
2021,9,2021-09-01,Monsoon,Bhopal City,New Market,23.235,77.423,22.7,175.8,81.0,2.1,0.35,6616.0,10,Malaria,64.29,High
2021,9,2021-09-01,Monsoon,Bhopal City,New Market,23.235,77.423,22.7,175.8,81.0,2.1,0.35,6616.0,13,Chikungunya,61.32,High
2021,9,2021-09-01,Monsoon,Bhopal City,Kolar Road,23.175,77.445,26.0,172.7,76.5,3.5,0.4,8002.0,10,Dengue,67.86,High
2021,9,2021-09-01,Monsoon,Bhopal City,Kolar Road,23.175,77.445,26.0,172.7,76.5,3.5,0.4,8002.0,8,Malaria,66.39,High
2021,9,2021-09-01,Monsoon,Bhopal City,Kolar Road,23.175,77.445,26.0,172.7,76.5,3.5,0.4,8002.0,12,Chikungunya,68.18,High
2021,9,2021-09-01,Monsoon,Bhopal City,Habibganj,23.23,77.438,25.9,229.3,78.6,1.8,0.38,9884.0,12,Dengue,71.97,High
2021,9,2021-09-01,Monsoon,Bhopal City,Habibganj,23.23,77.438,25.9,229.3,78.6,1.8,0.38,9884.0,10,Malaria,70.33,High
2021,9,2021-09-01,Monsoon,Bhopal City,Habibganj,23.23,77.438,25.9,229.3,78.6,1.8,0.38,9884.0,8,Chikungunya,70.0,High
2021,9,2021-09-01,Monsoon,Bhopal City,Shahpura,23.195,77.435,29.0,202.4,79.2,2.5,0.42,9374.0,6,Dengue,68.06,High
2021,9,2021-09-01,Monsoon,Bhopal City,Shahpura,23.195,77.435,29.0,202.4,79.2,2.5,0.42,9374.0,11,Malaria,67.97,High
2021,9,2021-09-01,Monsoon,Bhopal City,Shahpura,23.195,77.435,29.0,202.4,79.2,2.5,0.42,9374.0,12,Chikungunya,69.14,High
2021,9,2021-09-01,Monsoon,Bhopal City,Ayodhya Nagar,23.21,77.455,27.2,144.1,80.6,4.0,0.3,8642.0,6,Dengue,65.01,High
2021,9,2021-09-01,Monsoon,Bhopal City,Ayodhya Nagar,23.21,77.455,27.2,144.1,80.6,4.0,0.3,8642.0,4,Malaria,63.26,High
2021,9,2021-09-01,Monsoon,Bhopal City,Ayodhya Nagar,23.21,77.455,27.2,144.1,80.6,4.0,0.3,8642.0,5,Chikungunya,64.36,High
2021,9,2021-09-01,Monsoon,Bhopal City,Upper Lake Area,23.25,77.39,26.4,196.1,79.0,0.2,0.75,5258.0,22,Dengue,84.17,Critical
2021,9,2021-09-01,Monsoon,Bhopal City,Upper Lake Area,23.25,77.39,26.4,196.1,79.0,0.2,0.75,5258.0,20,Malaria,84.83,Critical
2021,9,2021-09-01,Monsoon,Bhopal City,Upper Lake Area,23.25,77.39,26.4,196.1,79.0,0.2,0.75,5258.0,23,Chikungunya,83.37,Critical
2021,9,2021-09-01,Monsoon,Bhopal City,Lower Lake Area,23.255,77.405,28.1,121.1,82.8,0.3,0.7,11869.0,21,Dengue,87.24,Critical
2021,9,2021-09-01,Monsoon,Bhopal City,Lower Lake Area,23.255,77.405,28.1,121.1,82.8,0.3,0.7,11869.0,18,Malaria,86.74,Critical
2021,9,2021-09-01,Monsoon,Bhopal City,Lower Lake Area,23.255,77.405,28.1,121.1,82.8,0.3,0.7,11869.0,13,Chikungunya,83.77,Critical
2021,9,2021-09-01,Monsoon,Bhopal City,Arera Colony,23.22,77.43,23.6,158.9,69.8,2.0,0.45,5318.0,11,Dengue,62.38,High
2021,9,2021-09-01,Monsoon,Bhopal City,Arera Colony,23.22,77.43,23.6,158.9,69.8,2.0,0.45,5318.0,13,Malaria,64.37,High
2021,9,2021-09-01,Monsoon,Bhopal City,Arera Colony,23.22,77.43,23.6,158.9,69.8,2.0,0.45,5318.0,12,Chikungunya,60.6,High
2021,9,2021-09-01,Monsoon,Bhopal City,Bairagarh,23.28,77.37,25.9,229.6,83.1,1.2,0.55,10968.0,17,Dengue,77.57,Critical
2021,9,2021-09-01,Monsoon,Bhopal City,Bairagarh,23.28,77.37,25.9,229.6,83.1,1.2,0.55,10968.0,17,Malaria,76.77,Critical
2021,9,2021-09-01,Monsoon,Bhopal City,Bairagarh,23.28,77.37,25.9,229.6,83.1,1.2,0.55,10968.0,20,Chikungunya,77.65,Critical
2021,9,2021-09-01,Monsoon,Bhopal City,Misrod,23.165,77.46,26.6,162.8,79.1,3.0,0.48,10726.0,8,Dengue,71.83,High
2021,9,2021-09-01,Monsoon,Bhopal City,Misrod,23.165,77.46,26.6,162.8,79.1,3.0,0.48,10726.0,11,Malaria,71.46,High
2021,9,2021-09-01,Monsoon,Bhopal City,Misrod,23.165,77.46,26.6,162.8,79.1,3.0,0.48,10726.0,12,Chikungunya,72.45,High
2021,9,2021-09-01,Monsoon,Bhopal City,BHEL Area,23.245,77.465,28.9,188.4,74.4,3.8,0.32,11317.0,5,Dengue,66.16,High
2021,9,2021-09-01,Monsoon,Bhopal City,BHEL Area,23.245,77.465,28.9,188.4,74.4,3.8,0.32,11317.0,7,Malaria,64.97,High
2021,9,2021-09-01,Monsoon,Bhopal City,BHEL Area,23.245,77.465,28.9,188.4,74.4,3.8,0.32,11317.0,7,Chikungunya,66.35,High
2021,9,2021-09-01,Monsoon,Ashta,Ashta Town Center,23.015,76.725,24.2,163.7,73.8,1.0,0.55,11054.0,17,Dengue,72.56,High
2021,9,2021-09-01,Monsoon,Ashta,Ashta Town Center,23.015,76.725,24.2,163.7,73.8,1.0,0.55,11054.0,15,Malaria,73.25,High
2021,9,2021-09-01,Monsoon,Ashta,Ashta Town Center,23.015,76.725,24.2,163.7,73.8,1.0,0.55,11054.0,15,Chikungunya,69.7,High
2021,9,2021-09-01,Monsoon,Ashta,Ashta Industrial Area,23.02,76.735,27.8,179.4,81.4,2.5,0.3,2684.0,8,Dengue,66.21,High
2021,9,2021-09-01,Monsoon,Ashta,Ashta Industrial Area,23.02,76.735,27.8,179.4,81.4,2.5,0.3,2684.0,9,Malaria,66.78,High
2021,9,2021-09-01,Monsoon,Ashta,Ashta Industrial Area,23.02,76.735,27.8,179.4,81.4,2.5,0.3,2684.0,8,Chikungunya,65.0,High
2021,9,2021-09-01,Monsoon,Ashta,Ashta Rural East,23.01,76.745,27.6,196.1,77.2,0.8,0.68,845.0,18,Dengue,76.64,Critical
2021,9,2021-09-01,Monsoon,Ashta,Ashta Rural East,23.01,76.745,27.6,196.1,77.2,0.8,0.68,845.0,19,Malaria,78.53,Critical
2021,9,2021-09-01,Monsoon,Ashta,Ashta Rural East,23.01,76.745,27.6,196.1,77.2,0.8,0.68,845.0,17,Chikungunya,75.37,Critical
2021,9,2021-09-01,Monsoon,Ashta,Ashta Nadi Belt,23.008,76.715,25.1,166.9,86.6,0.3,0.72,10854.0,27,Dengue,89.26,Critical
2021,9,2021-09-01,Monsoon,Ashta,Ashta Nadi Belt,23.008,76.715,25.1,166.9,86.6,0.3,0.72,10854.0,20,Malaria,87.83,Critical
2021,9,2021-09-01,Monsoon,Ashta,Ashta Nadi Belt,23.008,76.715,25.1,166.9,86.6,0.3,0.72,10854.0,16,Chikungunya,85.14,Critical
2021,9,2021-09-01,Monsoon,VIT Bhopal University,VIT Main Campus,23.077,76.8512,27.0,170.5,77.2,1.5,0.5,4211.0,17,Dengue,74.77,High
2021,9,2021-09-01,Monsoon,VIT Bhopal University,VIT Main Campus,23.077,76.8512,27.0,170.5,77.2,1.5,0.5,4211.0,9,Malaria,73.59,High
2021,9,2021-09-01,Monsoon,VIT Bhopal University,VIT Main Campus,23.077,76.8512,27.0,170.5,77.2,1.5,0.5,4211.0,14,Chikungunya,72.97,High
2021,9,2021-09-01,Monsoon,VIT Bhopal University,VIT Hostel Area,23.078,76.853,24.7,126.9,83.1,1.8,0.45,4946.0,9,Dengue,63.65,High
2021,9,2021-09-01,Monsoon,VIT Bhopal University,VIT Hostel Area,23.078,76.853,24.7,126.9,83.1,1.8,0.45,4946.0,14,Malaria,66.74,High
2021,9,2021-09-01,Monsoon,VIT Bhopal University,VIT Hostel Area,23.078,76.853,24.7,126.9,83.1,1.8,0.45,4946.0,8,Chikungunya,60.85,High
2021,9,2021-09-01,Monsoon,VIT Bhopal University,VIT Surrounding Village,23.072,76.848,28.0,184.5,75.6,0.6,0.62,3633.0,20,Dengue,79.31,Critical
2021,9,2021-09-01,Monsoon,VIT Bhopal University,VIT Surrounding Village,23.072,76.848,28.0,184.5,75.6,0.6,0.62,3633.0,17,Malaria,79.69,Critical
2021,9,2021-09-01,Monsoon,VIT Bhopal University,VIT Surrounding Village,23.072,76.848,28.0,184.5,75.6,0.6,0.62,3633.0,10,Chikungunya,75.4,Critical
2021,9,2021-09-01,Monsoon,VIT Bhopal University,Kotri-Kalan Area,23.083,76.855,24.5,208.5,72.4,2.0,0.4,4970.0,11,Dengue,57.86,High
2021,9,2021-09-01,Monsoon,VIT Bhopal University,Kotri-Kalan Area,23.083,76.855,24.5,208.5,72.4,2.0,0.4,4970.0,16,Malaria,60.07,High
2021,9,2021-09-01,Monsoon,VIT Bhopal University,Kotri-Kalan Area,23.083,76.855,24.5,208.5,72.4,2.0,0.4,4970.0,11,Chikungunya,56.05,High
2021,10,2021-10-01,Post-Monsoon,Bhopal City,Old Bhopal (Chowk),23.2676,77.412,26.1,42.1,56.1,0.5,0.65,5127.0,16,Dengue,66.25,High
2021,10,2021-10-01,Post-Monsoon,Bhopal City,Old Bhopal (Chowk),23.2676,77.412,26.1,42.1,56.1,0.5,0.65,5127.0,14,Malaria,65.2,High
2021,10,2021-10-01,Post-Monsoon,Bhopal City,Old Bhopal (Chowk),23.2676,77.412,26.1,42.1,56.1,0.5,0.65,5127.0,14,Chikungunya,66.01,High
2021,10,2021-10-01,Post-Monsoon,Bhopal City,New Market,23.235,77.423,23.4,47.3,57.1,2.1,0.35,11861.0,9,Dengue,51.01,High
2021,10,2021-10-01,Post-Monsoon,Bhopal City,New Market,23.235,77.423,23.4,47.3,57.1,2.1,0.35,11861.0,10,Malaria,50.25,High
2021,10,2021-10-01,Post-Monsoon,Bhopal City,New Market,23.235,77.423,23.4,47.3,57.1,2.1,0.35,11861.0,9,Chikungunya,50.19,High
2021,10,2021-10-01,Post-Monsoon,Bhopal City,Kolar Road,23.175,77.445,27.1,38.2,60.3,3.5,0.4,5827.0,5,Dengue,51.29,High
2021,10,2021-10-01,Post-Monsoon,Bhopal City,Kolar Road,23.175,77.445,27.1,38.2,60.3,3.5,0.4,5827.0,5,Malaria,49.33,Medium
2021,10,2021-10-01,Post-Monsoon,Bhopal City,Kolar Road,23.175,77.445,27.1,38.2,60.3,3.5,0.4,5827.0,7,Chikungunya,52.94,High
2021,10,2021-10-01,Post-Monsoon,Bhopal City,Habibganj,23.23,77.438,26.5,41.0,61.9,1.8,0.38,6910.0,9,Dengue,59.2,High
2021,10,2021-10-01,Post-Monsoon,Bhopal City,Habibganj,23.23,77.438,26.5,41.0,61.9,1.8,0.38,6910.0,11,Malaria,57.93,High
2021,10,2021-10-01,Post-Monsoon,Bhopal City,Habibganj,23.23,77.438,26.5,41.0,61.9,1.8,0.38,6910.0,13,Chikungunya,60.48,High
2021,10,2021-10-01,Post-Monsoon,Bhopal City,Shahpura,23.195,77.435,24.3,28.7,55.4,2.5,0.42,8195.0,9,Dengue,48.66,Medium
2021,10,2021-10-01,Post-Monsoon,Bhopal City,Shahpura,23.195,77.435,24.3,28.7,55.4,2.5,0.42,8195.0,7,Malaria,47.61,Medium
2021,10,2021-10-01,Post-Monsoon,Bhopal City,Shahpura,23.195,77.435,24.3,28.7,55.4,2.5,0.42,8195.0,10,Chikungunya,48.53,Medium
2021,10,2021-10-01,Post-Monsoon,Bhopal City,Ayodhya Nagar,23.21,77.455,25.9,36.5,67.0,4.0,0.3,4806.0,2,Dengue,47.63,Medium
2021,10,2021-10-01,Post-Monsoon,Bhopal City,Ayodhya Nagar,23.21,77.455,25.9,36.5,67.0,4.0,0.3,4806.0,3,Malaria,45.93,Medium
2021,10,2021-10-01,Post-Monsoon,Bhopal City,Ayodhya Nagar,23.21,77.455,25.9,36.5,67.0,4.0,0.3,4806.0,5,Chikungunya,49.41,Medium
2021,10,2021-10-01,Post-Monsoon,Bhopal City,Upper Lake Area,23.25,77.39,23.2,34.2,71.9,0.2,0.75,9054.0,13,Dengue,63.53,High
2021,10,2021-10-01,Post-Monsoon,Bhopal City,Upper Lake Area,23.25,77.39,23.2,34.2,71.9,0.2,0.75,9054.0,18,Malaria,65.46,High
2021,10,2021-10-01,Post-Monsoon,Bhopal City,Upper Lake Area,23.25,77.39,23.2,34.2,71.9,0.2,0.75,9054.0,15,Chikungunya,62.8,High
2021,10,2021-10-01,Post-Monsoon,Bhopal City,Lower Lake Area,23.255,77.405,23.4,42.5,54.6,0.3,0.7,9286.0,19,Dengue,62.57,High
2021,10,2021-10-01,Post-Monsoon,Bhopal City,Lower Lake Area,23.255,77.405,23.4,42.5,54.6,0.3,0.7,9286.0,15,Malaria,61.92,High
2021,10,2021-10-01,Post-Monsoon,Bhopal City,Lower Lake Area,23.255,77.405,23.4,42.5,54.6,0.3,0.7,9286.0,19,Chikungunya,61.82,High
2021,10,2021-10-01,Post-Monsoon,Bhopal City,Arera Colony,23.22,77.43,26.5,32.6,54.7,2.0,0.45,8239.0,9,Dengue,59.52,High
2021,10,2021-10-01,Post-Monsoon,Bhopal City,Arera Colony,23.22,77.43,26.5,32.6,54.7,2.0,0.45,8239.0,7,Malaria,57.1,High
2021,10,2021-10-01,Post-Monsoon,Bhopal City,Arera Colony,23.22,77.43,26.5,32.6,54.7,2.0,0.45,8239.0,11,Chikungunya,60.64,High
2021,10,2021-10-01,Post-Monsoon,Bhopal City,Bairagarh,23.28,77.37,24.2,39.3,59.5,1.2,0.55,9452.0,11,Dengue,56.53,High
2021,10,2021-10-01,Post-Monsoon,Bhopal City,Bairagarh,23.28,77.37,24.2,39.3,59.5,1.2,0.55,9452.0,12,Malaria,56.61,High
2021,10,2021-10-01,Post-Monsoon,Bhopal City,Bairagarh,23.28,77.37,24.2,39.3,59.5,1.2,0.55,9452.0,13,Chikungunya,56.16,High
2021,10,2021-10-01,Post-Monsoon,Bhopal City,Misrod,23.165,77.46,25.9,33.1,50.9,3.0,0.48,10266.0,8,Dengue,57.01,High
2021,10,2021-10-01,Post-Monsoon,Bhopal City,Misrod,23.165,77.46,25.9,33.1,50.9,3.0,0.48,10266.0,6,Malaria,53.87,High
2021,10,2021-10-01,Post-Monsoon,Bhopal City,Misrod,23.165,77.46,25.9,33.1,50.9,3.0,0.48,10266.0,9,Chikungunya,58.55,High
2021,10,2021-10-01,Post-Monsoon,Bhopal City,BHEL Area,23.245,77.465,22.5,28.9,62.5,3.8,0.32,5888.0,3,Dengue,40.4,Medium
2021,10,2021-10-01,Post-Monsoon,Bhopal City,BHEL Area,23.245,77.465,22.5,28.9,62.5,3.8,0.32,5888.0,3,Malaria,39.87,Medium
2021,10,2021-10-01,Post-Monsoon,Bhopal City,BHEL Area,23.245,77.465,22.5,28.9,62.5,3.8,0.32,5888.0,3,Chikungunya,40.19,Medium
2021,10,2021-10-01,Post-Monsoon,Ashta,Ashta Town Center,23.015,76.725,24.3,35.2,58.2,1.0,0.55,6919.0,13,Dengue,55.57,High
2021,10,2021-10-01,Post-Monsoon,Ashta,Ashta Town Center,23.015,76.725,24.3,35.2,58.2,1.0,0.55,6919.0,12,Malaria,55.73,High
2021,10,2021-10-01,Post-Monsoon,Ashta,Ashta Town Center,23.015,76.725,24.3,35.2,58.2,1.0,0.55,6919.0,13,Chikungunya,54.63,High
2021,10,2021-10-01,Post-Monsoon,Ashta,Ashta Industrial Area,23.02,76.735,26.1,38.8,56.3,2.5,0.3,2315.0,7,Dengue,51.16,High
2021,10,2021-10-01,Post-Monsoon,Ashta,Ashta Industrial Area,23.02,76.735,26.1,38.8,56.3,2.5,0.3,2315.0,8,Malaria,50.14,High
2021,10,2021-10-01,Post-Monsoon,Ashta,Ashta Industrial Area,23.02,76.735,26.1,38.8,56.3,2.5,0.3,2315.0,8,Chikungunya,51.89,High
2021,10,2021-10-01,Post-Monsoon,Ashta,Ashta Rural East,23.01,76.745,24.6,46.0,47.7,0.8,0.68,689.0,14,Dengue,51.8,High
2021,10,2021-10-01,Post-Monsoon,Ashta,Ashta Rural East,23.01,76.745,24.6,46.0,47.7,0.8,0.68,689.0,15,Malaria,53.69,High
2021,10,2021-10-01,Post-Monsoon,Ashta,Ashta Rural East,23.01,76.745,24.6,46.0,47.7,0.8,0.68,689.0,17,Chikungunya,52.09,High
2021,10,2021-10-01,Post-Monsoon,Ashta,Ashta Nadi Belt,23.008,76.715,26.1,29.9,66.9,0.3,0.72,10879.0,15,Dengue,72.41,High
2021,10,2021-10-01,Post-Monsoon,Ashta,Ashta Nadi Belt,23.008,76.715,26.1,29.9,66.9,0.3,0.72,10879.0,11,Malaria,70.47,High
2021,10,2021-10-01,Post-Monsoon,Ashta,Ashta Nadi Belt,23.008,76.715,26.1,29.9,66.9,0.3,0.72,10879.0,15,Chikungunya,72.49,High
2021,10,2021-10-01,Post-Monsoon,VIT Bhopal University,VIT Main Campus,23.077,76.8512,25.9,60.3,58.3,1.5,0.5,3845.0,8,Dengue,70.43,High
2021,10,2021-10-01,Post-Monsoon,VIT Bhopal University,VIT Main Campus,23.077,76.8512,25.9,60.3,58.3,1.5,0.5,3845.0,14,Malaria,72.11,High
2021,10,2021-10-01,Post-Monsoon,VIT Bhopal University,VIT Main Campus,23.077,76.8512,25.9,60.3,58.3,1.5,0.5,3845.0,11,Chikungunya,70.32,High
2021,10,2021-10-01,Post-Monsoon,VIT Bhopal University,VIT Hostel Area,23.078,76.853,27.6,44.6,54.7,1.8,0.45,4683.0,8,Dengue,57.16,High
2021,10,2021-10-01,Post-Monsoon,VIT Bhopal University,VIT Hostel Area,23.078,76.853,27.6,44.6,54.7,1.8,0.45,4683.0,11,Malaria,56.57,High
2021,10,2021-10-01,Post-Monsoon,VIT Bhopal University,VIT Hostel Area,23.078,76.853,27.6,44.6,54.7,1.8,0.45,4683.0,8,Chikungunya,57.56,High
2021,10,2021-10-01,Post-Monsoon,VIT Bhopal University,VIT Surrounding Village,23.072,76.848,25.4,18.6,49.2,0.6,0.62,3058.0,15,Dengue,63.01,High
2021,10,2021-10-01,Post-Monsoon,VIT Bhopal University,VIT Surrounding Village,23.072,76.848,25.4,18.6,49.2,0.6,0.62,3058.0,12,Malaria,61.98,High
2021,10,2021-10-01,Post-Monsoon,VIT Bhopal University,VIT Surrounding Village,23.072,76.848,25.4,18.6,49.2,0.6,0.62,3058.0,17,Chikungunya,63.99,High
2021,10,2021-10-01,Post-Monsoon,VIT Bhopal University,Kotri-Kalan Area,23.083,76.855,24.7,39.8,61.5,2.0,0.4,7701.0,12,Dengue,51.19,High
2021,10,2021-10-01,Post-Monsoon,VIT Bhopal University,Kotri-Kalan Area,23.083,76.855,24.7,39.8,61.5,2.0,0.4,7701.0,7,Malaria,49.8,Medium
2021,10,2021-10-01,Post-Monsoon,VIT Bhopal University,Kotri-Kalan Area,23.083,76.855,24.7,39.8,61.5,2.0,0.4,7701.0,9,Chikungunya,49.6,Medium
2021,11,2021-11-01,Post-Monsoon,Bhopal City,Old Bhopal (Chowk),23.2676,77.412,21.2,14.8,47.0,0.5,0.65,6255.0,13,Dengue,56.72,High
2021,11,2021-11-01,Post-Monsoon,Bhopal City,Old Bhopal (Chowk),23.2676,77.412,21.2,14.8,47.0,0.5,0.65,6255.0,16,Malaria,57.99,High
2021,11,2021-11-01,Post-Monsoon,Bhopal City,Old Bhopal (Chowk),23.2676,77.412,21.2,14.8,47.0,0.5,0.65,6255.0,15,Chikungunya,56.46,High
2021,11,2021-11-01,Post-Monsoon,Bhopal City,New Market,23.235,77.423,19.5,13.0,42.7,2.1,0.35,7388.0,9,Dengue,38.68,Medium
2021,11,2021-11-01,Post-Monsoon,Bhopal City,New Market,23.235,77.423,19.5,13.0,42.7,2.1,0.35,7388.0,9,Malaria,39.56,Medium
2021,11,2021-11-01,Post-Monsoon,Bhopal City,New Market,23.235,77.423,19.5,13.0,42.7,2.1,0.35,7388.0,8,Chikungunya,36.67,Medium
2021,11,2021-11-01,Post-Monsoon,Bhopal City,Kolar Road,23.175,77.445,22.0,14.3,43.9,3.5,0.4,10867.0,9,Dengue,45.15,Medium
2021,11,2021-11-01,Post-Monsoon,Bhopal City,Kolar Road,23.175,77.445,22.0,14.3,43.9,3.5,0.4,10867.0,3,Malaria,42.26,Medium
2021,11,2021-11-01,Post-Monsoon,Bhopal City,Kolar Road,23.175,77.445,22.0,14.3,43.9,3.5,0.4,10867.0,6,Chikungunya,44.69,Medium
2021,11,2021-11-01,Post-Monsoon,Bhopal City,Habibganj,23.23,77.438,24.3,9.4,49.3,1.8,0.38,4384.0,10,Dengue,42.36,Medium
2021,11,2021-11-01,Post-Monsoon,Bhopal City,Habibganj,23.23,77.438,24.3,9.4,49.3,1.8,0.38,4384.0,8,Malaria,41.6,Medium
2021,11,2021-11-01,Post-Monsoon,Bhopal City,Habibganj,23.23,77.438,24.3,9.4,49.3,1.8,0.38,4384.0,8,Chikungunya,41.55,Medium
2021,11,2021-11-01,Post-Monsoon,Bhopal City,Shahpura,23.195,77.435,20.6,11.2,46.6,2.5,0.42,10899.0,8,Dengue,48.98,Medium
2021,11,2021-11-01,Post-Monsoon,Bhopal City,Shahpura,23.195,77.435,20.6,11.2,46.6,2.5,0.42,10899.0,8,Malaria,47.84,Medium
2021,11,2021-11-01,Post-Monsoon,Bhopal City,Shahpura,23.195,77.435,20.6,11.2,46.6,2.5,0.42,10899.0,9,Chikungunya,48.99,Medium
2021,11,2021-11-01,Post-Monsoon,Bhopal City,Ayodhya Nagar,23.21,77.455,21.2,13.6,55.4,4.0,0.3,4920.0,4,Dengue,38.24,Medium
2021,11,2021-11-01,Post-Monsoon,Bhopal City,Ayodhya Nagar,23.21,77.455,21.2,13.6,55.4,4.0,0.3,4920.0,7,Malaria,38.2,Medium
2021,11,2021-11-01,Post-Monsoon,Bhopal City,Ayodhya Nagar,23.21,77.455,21.2,13.6,55.4,4.0,0.3,4920.0,5,Chikungunya,38.57,Medium
2021,11,2021-11-01,Post-Monsoon,Bhopal City,Upper Lake Area,23.25,77.39,19.9,9.8,43.7,0.2,0.75,10986.0,14,Dengue,47.91,Medium
2021,11,2021-11-01,Post-Monsoon,Bhopal City,Upper Lake Area,23.25,77.39,19.9,9.8,43.7,0.2,0.75,10986.0,17,Malaria,49.75,Medium
2021,11,2021-11-01,Post-Monsoon,Bhopal City,Upper Lake Area,23.25,77.39,19.9,9.8,43.7,0.2,0.75,10986.0,17,Chikungunya,47.36,Medium
2021,11,2021-11-01,Post-Monsoon,Bhopal City,Lower Lake Area,23.255,77.405,20.7,10.2,41.1,0.3,0.7,6475.0,13,Dengue,57.53,High
2021,11,2021-11-01,Post-Monsoon,Bhopal City,Lower Lake Area,23.255,77.405,20.7,10.2,41.1,0.3,0.7,6475.0,17,Malaria,59.02,High
2021,11,2021-11-01,Post-Monsoon,Bhopal City,Lower Lake Area,23.255,77.405,20.7,10.2,41.1,0.3,0.7,6475.0,18,Chikungunya,58.21,High
2021,11,2021-11-01,Post-Monsoon,Bhopal City,Arera Colony,23.22,77.43,23.2,11.3,55.4,2.0,0.45,11276.0,7,Dengue,51.72,High
2021,11,2021-11-01,Post-Monsoon,Bhopal City,Arera Colony,23.22,77.43,23.2,11.3,55.4,2.0,0.45,11276.0,10,Malaria,51.64,High
2021,11,2021-11-01,Post-Monsoon,Bhopal City,Arera Colony,23.22,77.43,23.2,11.3,55.4,2.0,0.45,11276.0,14,Chikungunya,52.95,High
2021,11,2021-11-01,Post-Monsoon,Bhopal City,Bairagarh,23.28,77.37,23.1,8.7,42.2,1.2,0.55,4766.0,12,Dengue,46.29,Medium
2021,11,2021-11-01,Post-Monsoon,Bhopal City,Bairagarh,23.28,77.37,23.1,8.7,42.2,1.2,0.55,4766.0,11,Malaria,46.02,Medium
2021,11,2021-11-01,Post-Monsoon,Bhopal City,Bairagarh,23.28,77.37,23.1,8.7,42.2,1.2,0.55,4766.0,16,Chikungunya,47.37,Medium
2021,11,2021-11-01,Post-Monsoon,Bhopal City,Misrod,23.165,77.46,18.7,10.1,53.3,3.0,0.48,4559.0,7,Dengue,35.06,Medium
2021,11,2021-11-01,Post-Monsoon,Bhopal City,Misrod,23.165,77.46,18.7,10.1,53.3,3.0,0.48,4559.0,9,Malaria,37.09,Medium
2021,11,2021-11-01,Post-Monsoon,Bhopal City,Misrod,23.165,77.46,18.7,10.1,53.3,3.0,0.48,4559.0,9,Chikungunya,34.39,Medium
2021,11,2021-11-01,Post-Monsoon,Bhopal City,BHEL Area,23.245,77.465,20.4,14.0,49.0,3.8,0.32,9923.0,5,Dengue,42.76,Medium
2021,11,2021-11-01,Post-Monsoon,Bhopal City,BHEL Area,23.245,77.465,20.4,14.0,49.0,3.8,0.32,9923.0,6,Malaria,41.28,Medium
2021,11,2021-11-01,Post-Monsoon,Bhopal City,BHEL Area,23.245,77.465,20.4,14.0,49.0,3.8,0.32,9923.0,5,Chikungunya,42.9,Medium
2021,11,2021-11-01,Post-Monsoon,Ashta,Ashta Town Center,23.015,76.725,22.3,12.8,54.1,1.0,0.55,11945.0,12,Dengue,57.39,High
2021,11,2021-11-01,Post-Monsoon,Ashta,Ashta Town Center,23.015,76.725,22.3,12.8,54.1,1.0,0.55,11945.0,9,Malaria,56.49,High
2021,11,2021-11-01,Post-Monsoon,Ashta,Ashta Town Center,23.015,76.725,22.3,12.8,54.1,1.0,0.55,11945.0,12,Chikungunya,56.49,High
2021,11,2021-11-01,Post-Monsoon,Ashta,Ashta Industrial Area,23.02,76.735,20.8,8.3,53.6,2.5,0.3,3725.0,8,Dengue,38.46,Medium
2021,11,2021-11-01,Post-Monsoon,Ashta,Ashta Industrial Area,23.02,76.735,20.8,8.3,53.6,2.5,0.3,3725.0,5,Malaria,37.36,Medium
2021,11,2021-11-01,Post-Monsoon,Ashta,Ashta Industrial Area,23.02,76.735,20.8,8.3,53.6,2.5,0.3,3725.0,9,Chikungunya,38.59,Medium
2021,11,2021-11-01,Post-Monsoon,Ashta,Ashta Rural East,23.01,76.745,23.3,15.8,48.6,0.8,0.68,913.0,13,Dengue,51.83,High
2021,11,2021-11-01,Post-Monsoon,Ashta,Ashta Rural East,23.01,76.745,23.3,15.8,48.6,0.8,0.68,913.0,13,Malaria,53.54,High
2021,11,2021-11-01,Post-Monsoon,Ashta,Ashta Rural East,23.01,76.745,23.3,15.8,48.6,0.8,0.68,913.0,14,Chikungunya,51.5,High
2021,11,2021-11-01,Post-Monsoon,Ashta,Ashta Nadi Belt,23.008,76.715,22.8,12.0,47.3,0.3,0.72,8433.0,16,Dengue,60.63,High
2021,11,2021-11-01,Post-Monsoon,Ashta,Ashta Nadi Belt,23.008,76.715,22.8,12.0,47.3,0.3,0.72,8433.0,12,Malaria,60.17,High
2021,11,2021-11-01,Post-Monsoon,Ashta,Ashta Nadi Belt,23.008,76.715,22.8,12.0,47.3,0.3,0.72,8433.0,12,Chikungunya,58.83,High
2021,11,2021-11-01,Post-Monsoon,VIT Bhopal University,VIT Main Campus,23.077,76.8512,20.3,13.1,41.9,1.5,0.5,4171.0,9,Dengue,48.48,Medium
2021,11,2021-11-01,Post-Monsoon,VIT Bhopal University,VIT Main Campus,23.077,76.8512,20.3,13.1,41.9,1.5,0.5,4171.0,11,Malaria,49.33,Medium
2021,11,2021-11-01,Post-Monsoon,VIT Bhopal University,VIT Main Campus,23.077,76.8512,20.3,13.1,41.9,1.5,0.5,4171.0,16,Chikungunya,49.87,Medium
2021,11,2021-11-01,Post-Monsoon,VIT Bhopal University,VIT Hostel Area,23.078,76.853,22.6,12.1,41.4,1.8,0.45,4488.0,10,Dengue,47.35,Medium
2021,11,2021-11-01,Post-Monsoon,VIT Bhopal University,VIT Hostel Area,23.078,76.853,22.6,12.1,41.4,1.8,0.45,4488.0,14,Malaria,48.26,Medium
2021,11,2021-11-01,Post-Monsoon,VIT Bhopal University,VIT Hostel Area,23.078,76.853,22.6,12.1,41.4,1.8,0.45,4488.0,11,Chikungunya,47.18,Medium
2021,11,2021-11-01,Post-Monsoon,VIT Bhopal University,VIT Surrounding Village,23.072,76.848,20.1,9.1,45.8,0.6,0.62,4487.0,13,Dengue,49.53,Medium
2021,11,2021-11-01,Post-Monsoon,VIT Bhopal University,VIT Surrounding Village,23.072,76.848,20.1,9.1,45.8,0.6,0.62,4487.0,13,Malaria,49.93,Medium
2021,11,2021-11-01,Post-Monsoon,VIT Bhopal University,VIT Surrounding Village,23.072,76.848,20.1,9.1,45.8,0.6,0.62,4487.0,12,Chikungunya,48.96,Medium
2021,11,2021-11-01,Post-Monsoon,VIT Bhopal University,Kotri-Kalan Area,23.083,76.855,20.2,12.6,45.8,2.0,0.4,5572.0,10,Dengue,47.44,Medium
2021,11,2021-11-01,Post-Monsoon,VIT Bhopal University,Kotri-Kalan Area,23.083,76.855,20.2,12.6,45.8,2.0,0.4,5572.0,9,Malaria,47.04,Medium
2021,11,2021-11-01,Post-Monsoon,VIT Bhopal University,Kotri-Kalan Area,23.083,76.855,20.2,12.6,45.8,2.0,0.4,5572.0,12,Chikungunya,47.48,Medium
2021,12,2021-12-01,Winter,Bhopal City,Old Bhopal (Chowk),23.2676,77.412,15.3,7.4,47.7,0.5,0.65,8450.0,11,Dengue,44.27,Medium
2021,12,2021-12-01,Winter,Bhopal City,Old Bhopal (Chowk),23.2676,77.412,15.3,7.4,47.7,0.5,0.65,8450.0,12,Malaria,45.89,Medium
2021,12,2021-12-01,Winter,Bhopal City,Old Bhopal (Chowk),23.2676,77.412,15.3,7.4,47.7,0.5,0.65,8450.0,10,Chikungunya,42.38,Medium
2021,12,2021-12-01,Winter,Bhopal City,New Market,23.235,77.423,15.7,9.7,45.6,2.1,0.35,8532.0,6,Dengue,34.16,Medium
2021,12,2021-12-01,Winter,Bhopal City,New Market,23.235,77.423,15.7,9.7,45.6,2.1,0.35,8532.0,6,Malaria,34.49,Medium
2021,12,2021-12-01,Winter,Bhopal City,New Market,23.235,77.423,15.7,9.7,45.6,2.1,0.35,8532.0,7,Chikungunya,33.03,Medium
2021,12,2021-12-01,Winter,Bhopal City,Kolar Road,23.175,77.445,17.6,6.9,41.8,3.5,0.4,5096.0,4,Dengue,26.02,Medium
2021,12,2021-12-01,Winter,Bhopal City,Kolar Road,23.175,77.445,17.6,6.9,41.8,3.5,0.4,5096.0,5,Malaria,26.78,Medium
2021,12,2021-12-01,Winter,Bhopal City,Kolar Road,23.175,77.445,17.6,6.9,41.8,3.5,0.4,5096.0,6,Chikungunya,26.1,Medium
2021,12,2021-12-01,Winter,Bhopal City,Habibganj,23.23,77.438,15.0,10.3,49.7,1.8,0.38,4324.0,6,Dengue,37.59,Medium
2021,12,2021-12-01,Winter,Bhopal City,Habibganj,23.23,77.438,15.0,10.3,49.7,1.8,0.38,4324.0,6,Malaria,39.52,Medium
2021,12,2021-12-01,Winter,Bhopal City,Habibganj,23.23,77.438,15.0,10.3,49.7,1.8,0.38,4324.0,8,Chikungunya,36.04,Medium
2021,12,2021-12-01,Winter,Bhopal City,Shahpura,23.195,77.435,18.9,9.5,43.0,2.5,0.42,8616.0,6,Dengue,33.24,Medium
2021,12,2021-12-01,Winter,Bhopal City,Shahpura,23.195,77.435,18.9,9.5,43.0,2.5,0.42,8616.0,6,Malaria,33.47,Medium
2021,12,2021-12-01,Winter,Bhopal City,Shahpura,23.195,77.435,18.9,9.5,43.0,2.5,0.42,8616.0,5,Chikungunya,31.98,Medium
2021,12,2021-12-01,Winter,Bhopal City,Ayodhya Nagar,23.21,77.455,18.6,7.4,55.5,4.0,0.3,9202.0,1,Dengue,27.15,Medium
2021,12,2021-12-01,Winter,Bhopal City,Ayodhya Nagar,23.21,77.455,18.6,7.4,55.5,4.0,0.3,9202.0,2,Malaria,27.08,Medium
2021,12,2021-12-01,Winter,Bhopal City,Ayodhya Nagar,23.21,77.455,18.6,7.4,55.5,4.0,0.3,9202.0,1,Chikungunya,26.38,Medium
2021,12,2021-12-01,Winter,Bhopal City,Upper Lake Area,23.25,77.39,19.4,7.0,55.5,0.2,0.75,4335.0,12,Dengue,44.07,Medium
2021,12,2021-12-01,Winter,Bhopal City,Upper Lake Area,23.25,77.39,19.4,7.0,55.5,0.2,0.75,4335.0,12,Malaria,46.76,Medium
2021,12,2021-12-01,Winter,Bhopal City,Upper Lake Area,23.25,77.39,19.4,7.0,55.5,0.2,0.75,4335.0,9,Chikungunya,41.52,Medium
2021,12,2021-12-01,Winter,Bhopal City,Lower Lake Area,23.255,77.405,17.0,8.4,52.6,0.3,0.7,9258.0,10,Dengue,46.39,Medium
2021,12,2021-12-01,Winter,Bhopal City,Lower Lake Area,23.255,77.405,17.0,8.4,52.6,0.3,0.7,9258.0,11,Malaria,48.17,Medium
2021,12,2021-12-01,Winter,Bhopal City,Lower Lake Area,23.255,77.405,17.0,8.4,52.6,0.3,0.7,9258.0,11,Chikungunya,44.9,Medium
2021,12,2021-12-01,Winter,Bhopal City,Arera Colony,23.22,77.43,19.9,9.9,58.7,2.0,0.45,10888.0,7,Dengue,38.25,Medium
2021,12,2021-12-01,Winter,Bhopal City,Arera Colony,23.22,77.43,19.9,9.9,58.7,2.0,0.45,10888.0,8,Malaria,38.95,Medium
2021,12,2021-12-01,Winter,Bhopal City,Arera Colony,23.22,77.43,19.9,9.9,58.7,2.0,0.45,10888.0,7,Chikungunya,36.76,Medium
2021,12,2021-12-01,Winter,Bhopal City,Bairagarh,23.28,77.37,17.0,7.6,48.6,1.2,0.55,6989.0,8,Dengue,38.95,Medium
2021,12,2021-12-01,Winter,Bhopal City,Bairagarh,23.28,77.37,17.0,7.6,48.6,1.2,0.55,6989.0,8,Malaria,40.33,Medium
2021,12,2021-12-01,Winter,Bhopal City,Bairagarh,23.28,77.37,17.0,7.6,48.6,1.2,0.55,6989.0,9,Chikungunya,37.7,Medium
2021,12,2021-12-01,Winter,Bhopal City,Misrod,23.165,77.46,18.4,9.7,48.8,3.0,0.48,6180.0,7,Dengue,30.91,Medium
2021,12,2021-12-01,Winter,Bhopal City,Misrod,23.165,77.46,18.4,9.7,48.8,3.0,0.48,6180.0,4,Malaria,31.03,Medium
2021,12,2021-12-01,Winter,Bhopal City,Misrod,23.165,77.46,18.4,9.7,48.8,3.0,0.48,6180.0,5,Chikungunya,29.71,Medium
2021,12,2021-12-01,Winter,Bhopal City,BHEL Area,23.245,77.465,16.6,9.1,50.8,3.8,0.32,10244.0,4,Dengue,28.96,Medium
2021,12,2021-12-01,Winter,Bhopal City,BHEL Area,23.245,77.465,16.6,9.1,50.8,3.8,0.32,10244.0,4,Malaria,28.44,Medium
2021,12,2021-12-01,Winter,Bhopal City,BHEL Area,23.245,77.465,16.6,9.1,50.8,3.8,0.32,10244.0,6,Chikungunya,28.89,Medium
2021,12,2021-12-01,Winter,Ashta,Ashta Town Center,23.015,76.725,16.9,6.6,58.5,1.0,0.55,7550.0,10,Dengue,41.59,Medium
2021,12,2021-12-01,Winter,Ashta,Ashta Town Center,23.015,76.725,16.9,6.6,58.5,1.0,0.55,7550.0,10,Malaria,43.04,Medium
2021,12,2021-12-01,Winter,Ashta,Ashta Town Center,23.015,76.725,16.9,6.6,58.5,1.0,0.55,7550.0,10,Chikungunya,39.82,Medium
2021,12,2021-12-01,Winter,Ashta,Ashta Industrial Area,23.02,76.735,17.1,5.8,49.3,2.5,0.3,2343.0,7,Dengue,27.89,Medium
2021,12,2021-12-01,Winter,Ashta,Ashta Industrial Area,23.02,76.735,17.1,5.8,49.3,2.5,0.3,2343.0,5,Malaria,28.83,Medium
2021,12,2021-12-01,Winter,Ashta,Ashta Industrial Area,23.02,76.735,17.1,5.8,49.3,2.5,0.3,2343.0,6,Chikungunya,26.3,Medium
2021,12,2021-12-01,Winter,Ashta,Ashta Rural East,23.01,76.745,16.4,4.9,57.0,0.8,0.68,1894.0,12,Dengue,39.42,Medium
2021,12,2021-12-01,Winter,Ashta,Ashta Rural East,23.01,76.745,16.4,4.9,57.0,0.8,0.68,1894.0,11,Malaria,42.04,Medium
2021,12,2021-12-01,Winter,Ashta,Ashta Rural East,23.01,76.745,16.4,4.9,57.0,0.8,0.68,1894.0,10,Chikungunya,37.34,Medium
2021,12,2021-12-01,Winter,Ashta,Ashta Nadi Belt,23.008,76.715,16.5,9.5,54.0,0.3,0.72,8874.0,12,Dengue,46.9,Medium
2021,12,2021-12-01,Winter,Ashta,Ashta Nadi Belt,23.008,76.715,16.5,9.5,54.0,0.3,0.72,8874.0,9,Malaria,47.94,Medium
2021,12,2021-12-01,Winter,Ashta,Ashta Nadi Belt,23.008,76.715,16.5,9.5,54.0,0.3,0.72,8874.0,13,Chikungunya,45.5,Medium
2021,12,2021-12-01,Winter,VIT Bhopal University,VIT Main Campus,23.077,76.8512,14.7,9.1,51.3,1.5,0.5,4109.0,9,Dengue,35.58,Medium
2021,12,2021-12-01,Winter,VIT Bhopal University,VIT Main Campus,23.077,76.8512,14.7,9.1,51.3,1.5,0.5,4109.0,9,Malaria,37.33,Medium
2021,12,2021-12-01,Winter,VIT Bhopal University,VIT Main Campus,23.077,76.8512,14.7,9.1,51.3,1.5,0.5,4109.0,9,Chikungunya,34.11,Medium
2021,12,2021-12-01,Winter,VIT Bhopal University,VIT Hostel Area,23.078,76.853,15.8,6.5,59.4,1.8,0.45,4885.0,8,Dengue,35.19,Medium
2021,12,2021-12-01,Winter,VIT Bhopal University,VIT Hostel Area,23.078,76.853,15.8,6.5,59.4,1.8,0.45,4885.0,6,Malaria,36.36,Medium
2021,12,2021-12-01,Winter,VIT Bhopal University,VIT Hostel Area,23.078,76.853,15.8,6.5,59.4,1.8,0.45,4885.0,7,Chikungunya,33.32,Medium
2021,12,2021-12-01,Winter,VIT Bhopal University,VIT Surrounding Village,23.072,76.848,17.2,5.0,52.3,0.6,0.62,4450.0,10,Dengue,40.63,Medium
2021,12,2021-12-01,Winter,VIT Bhopal University,VIT Surrounding Village,23.072,76.848,17.2,5.0,52.3,0.6,0.62,4450.0,10,Malaria,42.88,Medium
2021,12,2021-12-01,Winter,VIT Bhopal University,VIT Surrounding Village,23.072,76.848,17.2,5.0,52.3,0.6,0.62,4450.0,10,Chikungunya,38.88,Medium
2021,12,2021-12-01,Winter,VIT Bhopal University,Kotri-Kalan Area,23.083,76.855,18.3,7.6,51.4,2.0,0.4,4830.0,7,Dengue,32.88,Medium
2021,12,2021-12-01,Winter,VIT Bhopal University,Kotri-Kalan Area,23.083,76.855,18.3,7.6,51.4,2.0,0.4,4830.0,7,Malaria,34.16,Medium
2021,12,2021-12-01,Winter,VIT Bhopal University,Kotri-Kalan Area,23.083,76.855,18.3,7.6,51.4,2.0,0.4,4830.0,8,Chikungunya,31.71,Medium
2022,1,2022-01-01,Winter,Bhopal City,Old Bhopal (Chowk),23.2676,77.412,12.9,12.8,50.1,0.5,0.65,11976.0,11,Dengue,50.75,High
2022,1,2022-01-01,Winter,Bhopal City,Old Bhopal (Chowk),23.2676,77.412,12.9,12.8,50.1,0.5,0.65,11976.0,11,Malaria,52.41,High
2022,1,2022-01-01,Winter,Bhopal City,Old Bhopal (Chowk),23.2676,77.412,12.9,12.8,50.1,0.5,0.65,11976.0,10,Chikungunya,48.31,Medium
2022,1,2022-01-01,Winter,Bhopal City,New Market,23.235,77.423,16.7,13.1,58.5,2.1,0.35,5694.0,5,Dengue,37.94,Medium
2022,1,2022-01-01,Winter,Bhopal City,New Market,23.235,77.423,16.7,13.1,58.5,2.1,0.35,5694.0,5,Malaria,39.63,Medium
2022,1,2022-01-01,Winter,Bhopal City,New Market,23.235,77.423,16.7,13.1,58.5,2.1,0.35,5694.0,6,Chikungunya,36.01,Medium
2022,1,2022-01-01,Winter,Bhopal City,Kolar Road,23.175,77.445,15.8,11.9,61.7,3.5,0.4,11625.0,5,Dengue,37.17,Medium
2022,1,2022-01-01,Winter,Bhopal City,Kolar Road,23.175,77.445,15.8,11.9,61.7,3.5,0.4,11625.0,3,Malaria,37.21,Medium
2022,1,2022-01-01,Winter,Bhopal City,Kolar Road,23.175,77.445,15.8,11.9,61.7,3.5,0.4,11625.0,4,Chikungunya,35.56,Medium
2022,1,2022-01-01,Winter,Bhopal City,Habibganj,23.23,77.438,13.6,10.3,51.5,1.8,0.38,5609.0,9,Dengue,39.52,Medium
2022,1,2022-01-01,Winter,Bhopal City,Habibganj,23.23,77.438,13.6,10.3,51.5,1.8,0.38,5609.0,7,Malaria,40.71,Medium
2022,1,2022-01-01,Winter,Bhopal City,Habibganj,23.23,77.438,13.6,10.3,51.5,1.8,0.38,5609.0,6,Chikungunya,36.65,Medium
2022,1,2022-01-01,Winter,Bhopal City,Shahpura,23.195,77.435,15.7,12.0,52.7,2.5,0.42,8137.0,6,Dengue,38.82,Medium
2022,1,2022-01-01,Winter,Bhopal City,Shahpura,23.195,77.435,15.7,12.0,52.7,2.5,0.42,8137.0,8,Malaria,40.24,Medium
2022,1,2022-01-01,Winter,Bhopal City,Shahpura,23.195,77.435,15.7,12.0,52.7,2.5,0.42,8137.0,6,Chikungunya,37.14,Medium
2022,1,2022-01-01,Winter,Bhopal City,Ayodhya Nagar,23.21,77.455,18.8,14.8,51.1,4.0,0.3,6635.0,1,Dengue,29.66,Medium
2022,1,2022-01-01,Winter,Bhopal City,Ayodhya Nagar,23.21,77.455,18.8,14.8,51.1,4.0,0.3,6635.0,3,Malaria,30.72,Medium
2022,1,2022-01-01,Winter,Bhopal City,Ayodhya Nagar,23.21,77.455,18.8,14.8,51.1,4.0,0.3,6635.0,2,Chikungunya,28.76,Medium
2022,1,2022-01-01,Winter,Bhopal City,Upper Lake Area,23.25,77.39,16.5,10.1,55.6,0.2,0.75,10977.0,10,Dengue,53.14,High
2022,1,2022-01-01,Winter,Bhopal City,Upper Lake Area,23.25,77.39,16.5,10.1,55.6,0.2,0.75,10977.0,13,Malaria,55.87,High
2022,1,2022-01-01,Winter,Bhopal City,Upper Lake Area,23.25,77.39,16.5,10.1,55.6,0.2,0.75,10977.0,10,Chikungunya,50.85,High
2022,1,2022-01-01,Winter,Bhopal City,Lower Lake Area,23.255,77.405,19.3,10.2,52.8,0.3,0.7,10490.0,12,Dengue,52.48,High
2022,1,2022-01-01,Winter,Bhopal City,Lower Lake Area,23.255,77.405,19.3,10.2,52.8,0.3,0.7,10490.0,11,Malaria,54.13,High
2022,1,2022-01-01,Winter,Bhopal City,Lower Lake Area,23.255,77.405,19.3,10.2,52.8,0.3,0.7,10490.0,15,Chikungunya,51.12,High
2022,1,2022-01-01,Winter,Bhopal City,Arera Colony,23.22,77.43,17.6,12.7,57.3,2.0,0.45,7326.0,9,Dengue,41.45,Medium
2022,1,2022-01-01,Winter,Bhopal City,Arera Colony,23.22,77.43,17.6,12.7,57.3,2.0,0.45,7326.0,8,Malaria,42.67,Medium
2022,1,2022-01-01,Winter,Bhopal City,Arera Colony,23.22,77.43,17.6,12.7,57.3,2.0,0.45,7326.0,9,Chikungunya,39.56,Medium
2022,1,2022-01-01,Winter,Bhopal City,Bairagarh,23.28,77.37,16.3,17.7,53.1,1.2,0.55,7239.0,8,Dengue,44.6,Medium
2022,1,2022-01-01,Winter,Bhopal City,Bairagarh,23.28,77.37,16.3,17.7,53.1,1.2,0.55,7239.0,9,Malaria,46.72,Medium
2022,1,2022-01-01,Winter,Bhopal City,Bairagarh,23.28,77.37,16.3,17.7,53.1,1.2,0.55,7239.0,8,Chikungunya,42.48,Medium
2022,1,2022-01-01,Winter,Bhopal City,Misrod,23.165,77.46,18.2,6.5,54.0,3.0,0.48,5078.0,5,Dengue,30.06,Medium
2022,1,2022-01-01,Winter,Bhopal City,Misrod,23.165,77.46,18.2,6.5,54.0,3.0,0.48,5078.0,4,Malaria,30.98,Medium
2022,1,2022-01-01,Winter,Bhopal City,Misrod,23.165,77.46,18.2,6.5,54.0,3.0,0.48,5078.0,7,Chikungunya,29.8,Medium
2022,1,2022-01-01,Winter,Bhopal City,BHEL Area,23.245,77.465,21.2,12.6,58.6,3.8,0.32,10153.0,3,Dengue,43.3,Medium
2022,1,2022-01-01,Winter,Bhopal City,BHEL Area,23.245,77.465,21.2,12.6,58.6,3.8,0.32,10153.0,4,Malaria,42.08,Medium
2022,1,2022-01-01,Winter,Bhopal City,BHEL Area,23.245,77.465,21.2,12.6,58.6,3.8,0.32,10153.0,2,Chikungunya,42.89,Medium
2022,1,2022-01-01,Winter,Ashta,Ashta Town Center,23.015,76.725,15.0,9.8,54.1,1.0,0.55,5599.0,9,Dengue,39.35,Medium
2022,1,2022-01-01,Winter,Ashta,Ashta Town Center,23.015,76.725,15.0,9.8,54.1,1.0,0.55,5599.0,9,Malaria,41.15,Medium
2022,1,2022-01-01,Winter,Ashta,Ashta Town Center,23.015,76.725,15.0,9.8,54.1,1.0,0.55,5599.0,9,Chikungunya,37.62,Medium
2022,1,2022-01-01,Winter,Ashta,Ashta Industrial Area,23.02,76.735,16.0,12.8,51.3,2.5,0.3,3404.0,7,Dengue,33.93,Medium
2022,1,2022-01-01,Winter,Ashta,Ashta Industrial Area,23.02,76.735,16.0,12.8,51.3,2.5,0.3,3404.0,8,Malaria,35.8,Medium
2022,1,2022-01-01,Winter,Ashta,Ashta Industrial Area,23.02,76.735,16.0,12.8,51.3,2.5,0.3,3404.0,8,Chikungunya,32.37,Medium
2022,1,2022-01-01,Winter,Ashta,Ashta Rural East,23.01,76.745,17.6,16.4,54.6,0.8,0.68,1399.0,10,Dengue,43.3,Medium
2022,1,2022-01-01,Winter,Ashta,Ashta Rural East,23.01,76.745,17.6,16.4,54.6,0.8,0.68,1399.0,14,Malaria,47.55,Medium
2022,1,2022-01-01,Winter,Ashta,Ashta Rural East,23.01,76.745,17.6,16.4,54.6,0.8,0.68,1399.0,9,Chikungunya,40.97,Medium
2022,1,2022-01-01,Winter,Ashta,Ashta Nadi Belt,23.008,76.715,17.5,13.0,45.0,0.3,0.72,11286.0,10,Dengue,51.42,High
2022,1,2022-01-01,Winter,Ashta,Ashta Nadi Belt,23.008,76.715,17.5,13.0,45.0,0.3,0.72,11286.0,9,Malaria,53.04,High
2022,1,2022-01-01,Winter,Ashta,Ashta Nadi Belt,23.008,76.715,17.5,13.0,45.0,0.3,0.72,11286.0,11,Chikungunya,49.62,Medium
2022,1,2022-01-01,Winter,VIT Bhopal University,VIT Main Campus,23.077,76.8512,17.9,11.5,62.2,1.5,0.5,3952.0,7,Dengue,41.06,Medium
2022,1,2022-01-01,Winter,VIT Bhopal University,VIT Main Campus,23.077,76.8512,17.9,11.5,62.2,1.5,0.5,3952.0,10,Malaria,44.23,Medium
2022,1,2022-01-01,Winter,VIT Bhopal University,VIT Main Campus,23.077,76.8512,17.9,11.5,62.2,1.5,0.5,3952.0,7,Chikungunya,38.8,Medium
2022,1,2022-01-01,Winter,VIT Bhopal University,VIT Hostel Area,23.078,76.853,15.4,12.0,50.3,1.8,0.45,4380.0,7,Dengue,38.63,Medium
2022,1,2022-01-01,Winter,VIT Bhopal University,VIT Hostel Area,23.078,76.853,15.4,12.0,50.3,1.8,0.45,4380.0,8,Malaria,40.86,Medium
2022,1,2022-01-01,Winter,VIT Bhopal University,VIT Hostel Area,23.078,76.853,15.4,12.0,50.3,1.8,0.45,4380.0,8,Chikungunya,36.96,Medium
2022,1,2022-01-01,Winter,VIT Bhopal University,VIT Surrounding Village,23.072,76.848,15.6,9.7,55.6,0.6,0.62,3497.0,10,Dengue,40.2,Medium
2022,1,2022-01-01,Winter,VIT Bhopal University,VIT Surrounding Village,23.072,76.848,15.6,9.7,55.6,0.6,0.62,3497.0,9,Malaria,42.51,Medium
2022,1,2022-01-01,Winter,VIT Bhopal University,VIT Surrounding Village,23.072,76.848,15.6,9.7,55.6,0.6,0.62,3497.0,9,Chikungunya,38.11,Medium
2022,1,2022-01-01,Winter,VIT Bhopal University,Kotri-Kalan Area,23.083,76.855,15.9,13.1,39.8,2.0,0.4,9499.0,8,Dengue,40.7,Medium
2022,1,2022-01-01,Winter,VIT Bhopal University,Kotri-Kalan Area,23.083,76.855,15.9,13.1,39.8,2.0,0.4,9499.0,6,Malaria,40.87,Medium
2022,1,2022-01-01,Winter,VIT Bhopal University,Kotri-Kalan Area,23.083,76.855,15.9,13.1,39.8,2.0,0.4,9499.0,6,Chikungunya,38.46,Medium
2022,2,2022-02-01,Winter,Bhopal City,Old Bhopal (Chowk),23.2676,77.412,18.8,6.8,49.1,0.5,0.65,9310.0,11,Dengue,45.1,Medium
2022,2,2022-02-01,Winter,Bhopal City,Old Bhopal (Chowk),23.2676,77.412,18.8,6.8,49.1,0.5,0.65,9310.0,11,Malaria,46.38,Medium
2022,2,2022-02-01,Winter,Bhopal City,Old Bhopal (Chowk),23.2676,77.412,18.8,6.8,49.1,0.5,0.65,9310.0,9,Chikungunya,42.9,Medium
2022,2,2022-02-01,Winter,Bhopal City,New Market,23.235,77.423,16.6,9.0,47.4,2.1,0.35,9772.0,5,Dengue,35.1,Medium
2022,2,2022-02-01,Winter,Bhopal City,New Market,23.235,77.423,16.6,9.0,47.4,2.1,0.35,9772.0,8,Malaria,35.85,Medium
2022,2,2022-02-01,Winter,Bhopal City,New Market,23.235,77.423,16.6,9.0,47.4,2.1,0.35,9772.0,6,Chikungunya,33.89,Medium
2022,2,2022-02-01,Winter,Bhopal City,Kolar Road,23.175,77.445,23.9,9.2,59.8,3.5,0.4,11590.0,7,Dengue,41.26,Medium
2022,2,2022-02-01,Winter,Bhopal City,Kolar Road,23.175,77.445,23.9,9.2,59.8,3.5,0.4,11590.0,3,Malaria,38.68,Medium
2022,2,2022-02-01,Winter,Bhopal City,Kolar Road,23.175,77.445,23.9,9.2,59.8,3.5,0.4,11590.0,5,Chikungunya,41.19,Medium
2022,2,2022-02-01,Winter,Bhopal City,Habibganj,23.23,77.438,21.6,7.0,50.1,1.8,0.38,6019.0,7,Dengue,43.02,Medium
2022,2,2022-02-01,Winter,Bhopal City,Habibganj,23.23,77.438,21.6,7.0,50.1,1.8,0.38,6019.0,7,Malaria,42.48,Medium
2022,2,2022-02-01,Winter,Bhopal City,Habibganj,23.23,77.438,21.6,7.0,50.1,1.8,0.38,6019.0,7,Chikungunya,42.64,Medium
2022,2,2022-02-01,Winter,Bhopal City,Shahpura,23.195,77.435,20.8,4.7,55.3,2.5,0.42,9803.0,5,Dengue,43.97,Medium
2022,2,2022-02-01,Winter,Bhopal City,Shahpura,23.195,77.435,20.8,4.7,55.3,2.5,0.42,9803.0,7,Malaria,43.05,Medium
2022,2,2022-02-01,Winter,Bhopal City,Shahpura,23.195,77.435,20.8,4.7,55.3,2.5,0.42,9803.0,5,Chikungunya,43.9,Medium
2022,2,2022-02-01,Winter,Bhopal City,Ayodhya Nagar,23.21,77.455,17.6,7.0,42.4,4.0,0.3,10477.0,3,Dengue,26.96,Medium
2022,2,2022-02-01,Winter,Bhopal City,Ayodhya Nagar,23.21,77.455,17.6,7.0,42.4,4.0,0.3,10477.0,2,Malaria,25.99,Medium
2022,2,2022-02-01,Winter,Bhopal City,Ayodhya Nagar,23.21,77.455,17.6,7.0,42.4,4.0,0.3,10477.0,1,Chikungunya,25.98,Medium
2022,2,2022-02-01,Winter,Bhopal City,Upper Lake Area,23.25,77.39,19.8,8.1,46.0,0.2,0.75,9392.0,12,Dengue,47.18,Medium
2022,2,2022-02-01,Winter,Bhopal City,Upper Lake Area,23.25,77.39,19.8,8.1,46.0,0.2,0.75,9392.0,14,Malaria,49.06,Medium
2022,2,2022-02-01,Winter,Bhopal City,Upper Lake Area,23.25,77.39,19.8,8.1,46.0,0.2,0.75,9392.0,11,Chikungunya,45.38,Medium
2022,2,2022-02-01,Winter,Bhopal City,Lower Lake Area,23.255,77.405,16.6,7.5,49.6,0.3,0.7,10835.0,13,Dengue,47.4,Medium
2022,2,2022-02-01,Winter,Bhopal City,Lower Lake Area,23.255,77.405,16.6,7.5,49.6,0.3,0.7,10835.0,11,Malaria,48.25,Medium
2022,2,2022-02-01,Winter,Bhopal City,Lower Lake Area,23.255,77.405,16.6,7.5,49.6,0.3,0.7,10835.0,13,Chikungunya,45.81,Medium
2022,2,2022-02-01,Winter,Bhopal City,Arera Colony,23.22,77.43,19.3,7.7,44.1,2.0,0.45,11011.0,7,Dengue,36.79,Medium
2022,2,2022-02-01,Winter,Bhopal City,Arera Colony,23.22,77.43,19.3,7.7,44.1,2.0,0.45,11011.0,7,Malaria,37.0,Medium
2022,2,2022-02-01,Winter,Bhopal City,Arera Colony,23.22,77.43,19.3,7.7,44.1,2.0,0.45,11011.0,7,Chikungunya,35.59,Medium
2022,2,2022-02-01,Winter,Bhopal City,Bairagarh,23.28,77.37,22.0,7.6,39.5,1.2,0.55,8393.0,10,Dengue,48.44,Medium
2022,2,2022-02-01,Winter,Bhopal City,Bairagarh,23.28,77.37,22.0,7.6,39.5,1.2,0.55,8393.0,8,Malaria,47.27,Medium
2022,2,2022-02-01,Winter,Bhopal City,Bairagarh,23.28,77.37,22.0,7.6,39.5,1.2,0.55,8393.0,7,Chikungunya,47.53,Medium
2022,2,2022-02-01,Winter,Bhopal City,Misrod,23.165,77.46,18.2,3.2,50.6,3.0,0.48,6407.0,4,Dengue,30.54,Medium
2022,2,2022-02-01,Winter,Bhopal City,Misrod,23.165,77.46,18.2,3.2,50.6,3.0,0.48,6407.0,5,Malaria,31.57,Medium
2022,2,2022-02-01,Winter,Bhopal City,Misrod,23.165,77.46,18.2,3.2,50.6,3.0,0.48,6407.0,5,Chikungunya,30.03,Medium
2022,2,2022-02-01,Winter,Bhopal City,BHEL Area,23.245,77.465,16.9,6.0,48.2,3.8,0.32,9368.0,3,Dengue,27.95,Medium
2022,2,2022-02-01,Winter,Bhopal City,BHEL Area,23.245,77.465,16.9,6.0,48.2,3.8,0.32,9368.0,3,Malaria,27.54,Medium
2022,2,2022-02-01,Winter,Bhopal City,BHEL Area,23.245,77.465,16.9,6.0,48.2,3.8,0.32,9368.0,3,Chikungunya,27.33,Medium
2022,2,2022-02-01,Winter,Ashta,Ashta Town Center,23.015,76.725,22.1,12.5,48.5,1.0,0.55,8664.0,11,Dengue,55.52,High
2022,2,2022-02-01,Winter,Ashta,Ashta Town Center,23.015,76.725,22.1,12.5,48.5,1.0,0.55,8664.0,12,Malaria,55.61,High
2022,2,2022-02-01,Winter,Ashta,Ashta Town Center,23.015,76.725,22.1,12.5,48.5,1.0,0.55,8664.0,10,Chikungunya,54.41,High
2022,2,2022-02-01,Winter,Ashta,Ashta Industrial Area,23.02,76.735,20.7,9.7,43.3,2.5,0.3,2460.0,5,Dengue,35.69,Medium
2022,2,2022-02-01,Winter,Ashta,Ashta Industrial Area,23.02,76.735,20.7,9.7,43.3,2.5,0.3,2460.0,6,Malaria,35.57,Medium
2022,2,2022-02-01,Winter,Ashta,Ashta Industrial Area,23.02,76.735,20.7,9.7,43.3,2.5,0.3,2460.0,5,Chikungunya,35.63,Medium
2022,2,2022-02-01,Winter,Ashta,Ashta Rural East,23.01,76.745,18.6,5.8,45.0,0.8,0.68,1956.0,10,Dengue,37.78,Medium
2022,2,2022-02-01,Winter,Ashta,Ashta Rural East,23.01,76.745,18.6,5.8,45.0,0.8,0.68,1956.0,10,Malaria,40.43,Medium
2022,2,2022-02-01,Winter,Ashta,Ashta Rural East,23.01,76.745,18.6,5.8,45.0,0.8,0.68,1956.0,10,Chikungunya,36.42,Medium
2022,2,2022-02-01,Winter,Ashta,Ashta Nadi Belt,23.008,76.715,19.5,9.5,46.5,0.3,0.72,9305.0,11,Dengue,46.25,Medium
2022,2,2022-02-01,Winter,Ashta,Ashta Nadi Belt,23.008,76.715,19.5,9.5,46.5,0.3,0.72,9305.0,16,Malaria,48.7,Medium
2022,2,2022-02-01,Winter,Ashta,Ashta Nadi Belt,23.008,76.715,19.5,9.5,46.5,0.3,0.72,9305.0,12,Chikungunya,44.96,Medium
2022,2,2022-02-01,Winter,VIT Bhopal University,VIT Main Campus,23.077,76.8512,18.7,7.5,46.3,1.5,0.5,4228.0,10,Dengue,35.41,Medium
2022,2,2022-02-01,Winter,VIT Bhopal University,VIT Main Campus,23.077,76.8512,18.7,7.5,46.3,1.5,0.5,4228.0,7,Malaria,36.39,Medium
2022,2,2022-02-01,Winter,VIT Bhopal University,VIT Main Campus,23.077,76.8512,18.7,7.5,46.3,1.5,0.5,4228.0,7,Chikungunya,33.25,Medium
2022,2,2022-02-01,Winter,VIT Bhopal University,VIT Hostel Area,23.078,76.853,18.6,8.0,36.6,1.8,0.45,3087.0,7,Dengue,31.23,Medium
2022,2,2022-02-01,Winter,VIT Bhopal University,VIT Hostel Area,23.078,76.853,18.6,8.0,36.6,1.8,0.45,3087.0,8,Malaria,32.95,Medium
2022,2,2022-02-01,Winter,VIT Bhopal University,VIT Hostel Area,23.078,76.853,18.6,8.0,36.6,1.8,0.45,3087.0,8,Chikungunya,30.34,Medium
2022,2,2022-02-01,Winter,VIT Bhopal University,VIT Surrounding Village,23.072,76.848,22.1,8.2,51.8,0.6,0.62,3756.0,9,Dengue,48.58,Medium
2022,2,2022-02-01,Winter,VIT Bhopal University,VIT Surrounding Village,23.072,76.848,22.1,8.2,51.8,0.6,0.62,3756.0,10,Malaria,49.61,Medium
2022,2,2022-02-01,Winter,VIT Bhopal University,VIT Surrounding Village,23.072,76.848,22.1,8.2,51.8,0.6,0.62,3756.0,10,Chikungunya,48.29,Medium
2022,2,2022-02-01,Winter,VIT Bhopal University,Kotri-Kalan Area,23.083,76.855,19.6,9.5,55.4,2.0,0.4,5512.0,8,Dengue,34.07,Medium
2022,2,2022-02-01,Winter,VIT Bhopal University,Kotri-Kalan Area,23.083,76.855,19.6,9.5,55.4,2.0,0.4,5512.0,7,Malaria,35.05,Medium
2022,2,2022-02-01,Winter,VIT Bhopal University,Kotri-Kalan Area,23.083,76.855,19.6,9.5,55.4,2.0,0.4,5512.0,9,Chikungunya,32.86,Medium
2022,3,2022-03-01,Summer,Bhopal City,Old Bhopal (Chowk),23.2676,77.412,26.5,4.9,34.1,0.5,0.65,10758.0,13,Dengue,62.23,High
2022,3,2022-03-01,Summer,Bhopal City,Old Bhopal (Chowk),23.2676,77.412,26.5,4.9,34.1,0.5,0.65,10758.0,12,Malaria,59.59,High
2022,3,2022-03-01,Summer,Bhopal City,Old Bhopal (Chowk),23.2676,77.412,26.5,4.9,34.1,0.5,0.65,10758.0,11,Chikungunya,62.81,High
2022,3,2022-03-01,Summer,Bhopal City,New Market,23.235,77.423,25.9,5.6,34.8,2.1,0.35,4925.0,10,Dengue,48.76,Medium
2022,3,2022-03-01,Summer,Bhopal City,New Market,23.235,77.423,25.9,5.6,34.8,2.1,0.35,4925.0,9,Malaria,46.03,Medium
2022,3,2022-03-01,Summer,Bhopal City,New Market,23.235,77.423,25.9,5.6,34.8,2.1,0.35,4925.0,8,Chikungunya,49.56,Medium
2022,3,2022-03-01,Summer,Bhopal City,Kolar Road,23.175,77.445,26.3,5.3,41.6,3.5,0.4,7217.0,4,Dengue,45.29,Medium
2022,3,2022-03-01,Summer,Bhopal City,Kolar Road,23.175,77.445,26.3,5.3,41.6,3.5,0.4,7217.0,3,Malaria,42.02,Medium
2022,3,2022-03-01,Summer,Bhopal City,Kolar Road,23.175,77.445,26.3,5.3,41.6,3.5,0.4,7217.0,6,Chikungunya,47.78,Medium
2022,3,2022-03-01,Summer,Bhopal City,Habibganj,23.23,77.438,25.0,5.4,26.4,1.8,0.38,5156.0,8,Dengue,40.2,Medium
2022,3,2022-03-01,Summer,Bhopal City,Habibganj,23.23,77.438,25.0,5.4,26.4,1.8,0.38,5156.0,7,Malaria,39.12,Medium
2022,3,2022-03-01,Summer,Bhopal City,Habibganj,23.23,77.438,25.0,5.4,26.4,1.8,0.38,5156.0,9,Chikungunya,40.62,Medium
2022,3,2022-03-01,Summer,Bhopal City,Shahpura,23.195,77.435,24.0,6.5,31.3,2.5,0.42,7982.0,7,Dengue,40.6,Medium
2022,3,2022-03-01,Summer,Bhopal City,Shahpura,23.195,77.435,24.0,6.5,31.3,2.5,0.42,7982.0,5,Malaria,38.69,Medium
2022,3,2022-03-01,Summer,Bhopal City,Shahpura,23.195,77.435,24.0,6.5,31.3,2.5,0.42,7982.0,7,Chikungunya,41.09,Medium
2022,3,2022-03-01,Summer,Bhopal City,Ayodhya Nagar,23.21,77.455,22.9,6.2,38.3,4.0,0.3,10511.0,2,Dengue,35.11,Medium
2022,3,2022-03-01,Summer,Bhopal City,Ayodhya Nagar,23.21,77.455,22.9,6.2,38.3,4.0,0.3,10511.0,3,Malaria,32.9,Medium
2022,3,2022-03-01,Summer,Bhopal City,Ayodhya Nagar,23.21,77.455,22.9,6.2,38.3,4.0,0.3,10511.0,2,Chikungunya,35.93,Medium
2022,3,2022-03-01,Summer,Bhopal City,Upper Lake Area,23.25,77.39,25.6,5.2,30.8,0.2,0.75,7537.0,12,Dengue,61.77,High
2022,3,2022-03-01,Summer,Bhopal City,Upper Lake Area,23.25,77.39,25.6,5.2,30.8,0.2,0.75,7537.0,12,Malaria,60.11,High
2022,3,2022-03-01,Summer,Bhopal City,Upper Lake Area,23.25,77.39,25.6,5.2,30.8,0.2,0.75,7537.0,12,Chikungunya,62.95,High
2022,3,2022-03-01,Summer,Bhopal City,Lower Lake Area,23.255,77.405,25.9,3.8,39.8,0.3,0.7,5591.0,11,Dengue,60.01,High
2022,3,2022-03-01,Summer,Bhopal City,Lower Lake Area,23.255,77.405,25.9,3.8,39.8,0.3,0.7,5591.0,10,Malaria,58.63,High
2022,3,2022-03-01,Summer,Bhopal City,Lower Lake Area,23.255,77.405,25.9,3.8,39.8,0.3,0.7,5591.0,12,Chikungunya,61.22,High
2022,3,2022-03-01,Summer,Bhopal City,Arera Colony,23.22,77.43,26.6,5.7,47.2,2.0,0.45,5605.0,7,Dengue,51.18,High
2022,3,2022-03-01,Summer,Bhopal City,Arera Colony,23.22,77.43,26.6,5.7,47.2,2.0,0.45,5605.0,7,Malaria,49.13,Medium
2022,3,2022-03-01,Summer,Bhopal City,Arera Colony,23.22,77.43,26.6,5.7,47.2,2.0,0.45,5605.0,9,Chikungunya,52.88,High
2022,3,2022-03-01,Summer,Bhopal City,Bairagarh,23.28,77.37,26.3,6.1,37.5,1.2,0.55,8482.0,9,Dengue,56.87,High
2022,3,2022-03-01,Summer,Bhopal City,Bairagarh,23.28,77.37,26.3,6.1,37.5,1.2,0.55,8482.0,9,Malaria,54.48,High
2022,3,2022-03-01,Summer,Bhopal City,Bairagarh,23.28,77.37,26.3,6.1,37.5,1.2,0.55,8482.0,12,Chikungunya,58.84,High
2022,3,2022-03-01,Summer,Bhopal City,Misrod,23.165,77.46,24.5,3.9,38.0,3.0,0.48,4550.0,7,Dengue,37.32,Medium
2022,3,2022-03-01,Summer,Bhopal City,Misrod,23.165,77.46,24.5,3.9,38.0,3.0,0.48,4550.0,8,Malaria,36.75,Medium
2022,3,2022-03-01,Summer,Bhopal City,Misrod,23.165,77.46,24.5,3.9,38.0,3.0,0.48,4550.0,8,Chikungunya,38.38,Medium
2022,3,2022-03-01,Summer,Bhopal City,BHEL Area,23.245,77.465,25.2,6.1,33.3,3.8,0.32,7415.0,3,Dengue,42.51,Medium
2022,3,2022-03-01,Summer,Bhopal City,BHEL Area,23.245,77.465,25.2,6.1,33.3,3.8,0.32,7415.0,6,Malaria,39.59,Medium
2022,3,2022-03-01,Summer,Bhopal City,BHEL Area,23.245,77.465,25.2,6.1,33.3,3.8,0.32,7415.0,5,Chikungunya,45.14,Medium
2022,3,2022-03-01,Summer,Ashta,Ashta Town Center,23.015,76.725,25.0,5.0,38.7,1.0,0.55,5504.0,11,Dengue,47.02,Medium
2022,3,2022-03-01,Summer,Ashta,Ashta Town Center,23.015,76.725,25.0,5.0,38.7,1.0,0.55,5504.0,10,Malaria,46.65,Medium
2022,3,2022-03-01,Summer,Ashta,Ashta Town Center,23.015,76.725,25.0,5.0,38.7,1.0,0.55,5504.0,12,Chikungunya,47.16,Medium
2022,3,2022-03-01,Summer,Ashta,Ashta Industrial Area,23.02,76.735,22.0,4.4,37.1,2.5,0.3,3932.0,7,Dengue,36.73,Medium
2022,3,2022-03-01,Summer,Ashta,Ashta Industrial Area,23.02,76.735,22.0,4.4,37.1,2.5,0.3,3932.0,5,Malaria,35.51,Medium
2022,3,2022-03-01,Summer,Ashta,Ashta Industrial Area,23.02,76.735,22.0,4.4,37.1,2.5,0.3,3932.0,5,Chikungunya,36.31,Medium
2022,3,2022-03-01,Summer,Ashta,Ashta Rural East,23.01,76.745,24.7,6.7,38.5,0.8,0.68,1407.0,9,Dengue,45.26,Medium
2022,3,2022-03-01,Summer,Ashta,Ashta Rural East,23.01,76.745,24.7,6.7,38.5,0.8,0.68,1407.0,10,Malaria,46.53,Medium
2022,3,2022-03-01,Summer,Ashta,Ashta Rural East,23.01,76.745,24.7,6.7,38.5,0.8,0.68,1407.0,11,Chikungunya,45.75,Medium
2022,3,2022-03-01,Summer,Ashta,Ashta Nadi Belt,23.008,76.715,26.2,6.0,38.3,0.3,0.72,6454.0,11,Dengue,60.75,High
2022,3,2022-03-01,Summer,Ashta,Ashta Nadi Belt,23.008,76.715,26.2,6.0,38.3,0.3,0.72,6454.0,12,Malaria,59.6,High
2022,3,2022-03-01,Summer,Ashta,Ashta Nadi Belt,23.008,76.715,26.2,6.0,38.3,0.3,0.72,6454.0,12,Chikungunya,62.02,High
2022,3,2022-03-01,Summer,VIT Bhopal University,VIT Main Campus,23.077,76.8512,26.1,5.1,37.9,1.5,0.5,4522.0,10,Dengue,52.41,High
2022,3,2022-03-01,Summer,VIT Bhopal University,VIT Main Campus,23.077,76.8512,26.1,5.1,37.9,1.5,0.5,4522.0,10,Malaria,50.56,High
2022,3,2022-03-01,Summer,VIT Bhopal University,VIT Main Campus,23.077,76.8512,26.1,5.1,37.9,1.5,0.5,4522.0,11,Chikungunya,53.93,High
2022,3,2022-03-01,Summer,VIT Bhopal University,VIT Hostel Area,23.078,76.853,23.2,6.6,30.7,1.8,0.45,4876.0,8,Dengue,41.11,Medium
2022,3,2022-03-01,Summer,VIT Bhopal University,VIT Hostel Area,23.078,76.853,23.2,6.6,30.7,1.8,0.45,4876.0,8,Malaria,40.51,Medium
2022,3,2022-03-01,Summer,VIT Bhopal University,VIT Hostel Area,23.078,76.853,23.2,6.6,30.7,1.8,0.45,4876.0,8,Chikungunya,41.3,Medium
2022,3,2022-03-01,Summer,VIT Bhopal University,VIT Surrounding Village,23.072,76.848,25.2,3.3,38.8,0.6,0.62,4291.0,12,Dengue,57.23,High
2022,3,2022-03-01,Summer,VIT Bhopal University,VIT Surrounding Village,23.072,76.848,25.2,3.3,38.8,0.6,0.62,4291.0,15,Malaria,56.57,High
2022,3,2022-03-01,Summer,VIT Bhopal University,VIT Surrounding Village,23.072,76.848,25.2,3.3,38.8,0.6,0.62,4291.0,15,Chikungunya,59.07,High
2022,3,2022-03-01,Summer,VIT Bhopal University,Kotri-Kalan Area,23.083,76.855,25.2,6.3,28.0,2.0,0.4,10010.0,8,Dengue,52.52,High
2022,3,2022-03-01,Summer,VIT Bhopal University,Kotri-Kalan Area,23.083,76.855,25.2,6.3,28.0,2.0,0.4,10010.0,11,Malaria,49.66,Medium
2022,3,2022-03-01,Summer,VIT Bhopal University,Kotri-Kalan Area,23.083,76.855,25.2,6.3,28.0,2.0,0.4,10010.0,9,Chikungunya,54.26,High
2022,4,2022-04-01,Summer,Bhopal City,Old Bhopal (Chowk),23.2676,77.412,31.2,2.5,29.7,0.5,0.65,11933.0,12,Dengue,61.55,High
2022,4,2022-04-01,Summer,Bhopal City,Old Bhopal (Chowk),23.2676,77.412,31.2,2.5,29.7,0.5,0.65,11933.0,15,Malaria,59.67,High
2022,4,2022-04-01,Summer,Bhopal City,Old Bhopal (Chowk),23.2676,77.412,31.2,2.5,29.7,0.5,0.65,11933.0,12,Chikungunya,62.74,High
2022,4,2022-04-01,Summer,Bhopal City,New Market,23.235,77.423,30.4,1.9,31.4,2.1,0.35,5240.0,10,Dengue,48.68,Medium
2022,4,2022-04-01,Summer,Bhopal City,New Market,23.235,77.423,30.4,1.9,31.4,2.1,0.35,5240.0,6,Malaria,45.22,Medium
2022,4,2022-04-01,Summer,Bhopal City,New Market,23.235,77.423,30.4,1.9,31.4,2.1,0.35,5240.0,7,Chikungunya,49.27,Medium
2022,4,2022-04-01,Summer,Bhopal City,Kolar Road,23.175,77.445,27.4,3.1,30.3,3.5,0.4,4711.0,3,Dengue,41.92,Medium
2022,4,2022-04-01,Summer,Bhopal City,Kolar Road,23.175,77.445,27.4,3.1,30.3,3.5,0.4,4711.0,6,Malaria,39.76,Medium
2022,4,2022-04-01,Summer,Bhopal City,Kolar Road,23.175,77.445,27.4,3.1,30.3,3.5,0.4,4711.0,6,Chikungunya,44.87,Medium
2022,4,2022-04-01,Summer,Bhopal City,Habibganj,23.23,77.438,28.0,3.4,29.6,1.8,0.38,10431.0,7,Dengue,52.96,High
2022,4,2022-04-01,Summer,Bhopal City,Habibganj,23.23,77.438,28.0,3.4,29.6,1.8,0.38,10431.0,7,Malaria,49.61,Medium
2022,4,2022-04-01,Summer,Bhopal City,Habibganj,23.23,77.438,28.0,3.4,29.6,1.8,0.38,10431.0,9,Chikungunya,54.75,High
2022,4,2022-04-01,Summer,Bhopal City,Shahpura,23.195,77.435,31.4,3.7,27.7,2.5,0.42,5190.0,9,Dengue,47.28,Medium
2022,4,2022-04-01,Summer,Bhopal City,Shahpura,23.195,77.435,31.4,3.7,27.7,2.5,0.42,5190.0,6,Malaria,43.98,Medium
2022,4,2022-04-01,Summer,Bhopal City,Shahpura,23.195,77.435,31.4,3.7,27.7,2.5,0.42,5190.0,7,Chikungunya,48.57,Medium
2022,4,2022-04-01,Summer,Bhopal City,Ayodhya Nagar,23.21,77.455,29.7,2.4,39.0,4.0,0.3,11508.0,1,Dengue,43.74,Medium
2022,4,2022-04-01,Summer,Bhopal City,Ayodhya Nagar,23.21,77.455,29.7,2.4,39.0,4.0,0.3,11508.0,2,Malaria,39.98,Medium
2022,4,2022-04-01,Summer,Bhopal City,Ayodhya Nagar,23.21,77.455,29.7,2.4,39.0,4.0,0.3,11508.0,2,Chikungunya,45.98,Medium
2022,4,2022-04-01,Summer,Bhopal City,Upper Lake Area,23.25,77.39,30.4,3.6,31.2,0.2,0.75,4735.0,15,Dengue,60.29,High
2022,4,2022-04-01,Summer,Bhopal City,Upper Lake Area,23.25,77.39,30.4,3.6,31.2,0.2,0.75,4735.0,9,Malaria,57.89,High
2022,4,2022-04-01,Summer,Bhopal City,Upper Lake Area,23.25,77.39,30.4,3.6,31.2,0.2,0.75,4735.0,12,Chikungunya,60.75,High
2022,4,2022-04-01,Summer,Bhopal City,Lower Lake Area,23.255,77.405,33.5,3.2,30.7,0.3,0.7,11509.0,10,Dengue,62.39,High
2022,4,2022-04-01,Summer,Bhopal City,Lower Lake Area,23.255,77.405,33.5,3.2,30.7,0.3,0.7,11509.0,13,Malaria,60.78,High
2022,4,2022-04-01,Summer,Bhopal City,Lower Lake Area,23.255,77.405,33.5,3.2,30.7,0.3,0.7,11509.0,14,Chikungunya,64.58,High
2022,4,2022-04-01,Summer,Bhopal City,Arera Colony,23.22,77.43,29.3,2.4,32.3,2.0,0.45,9335.0,9,Dengue,53.16,High
2022,4,2022-04-01,Summer,Bhopal City,Arera Colony,23.22,77.43,29.3,2.4,32.3,2.0,0.45,9335.0,10,Malaria,50.18,High
2022,4,2022-04-01,Summer,Bhopal City,Arera Colony,23.22,77.43,29.3,2.4,32.3,2.0,0.45,9335.0,8,Chikungunya,54.39,High
2022,4,2022-04-01,Summer,Bhopal City,Bairagarh,23.28,77.37,31.2,2.9,24.6,1.2,0.55,5490.0,13,Dengue,54.15,High
2022,4,2022-04-01,Summer,Bhopal City,Bairagarh,23.28,77.37,31.2,2.9,24.6,1.2,0.55,5490.0,12,Malaria,51.74,High
2022,4,2022-04-01,Summer,Bhopal City,Bairagarh,23.28,77.37,31.2,2.9,24.6,1.2,0.55,5490.0,12,Chikungunya,55.42,High
2022,4,2022-04-01,Summer,Bhopal City,Misrod,23.165,77.46,29.8,3.3,25.2,3.0,0.48,6663.0,6,Dengue,46.29,Medium
2022,4,2022-04-01,Summer,Bhopal City,Misrod,23.165,77.46,29.8,3.3,25.2,3.0,0.48,6663.0,5,Malaria,43.08,Medium
2022,4,2022-04-01,Summer,Bhopal City,Misrod,23.165,77.46,29.8,3.3,25.2,3.0,0.48,6663.0,11,Chikungunya,49.88,Medium
2022,4,2022-04-01,Summer,Bhopal City,BHEL Area,23.245,77.465,28.1,2.8,26.8,3.8,0.32,6082.0,3,Dengue,40.79,Medium
2022,4,2022-04-01,Summer,Bhopal City,BHEL Area,23.245,77.465,28.1,2.8,26.8,3.8,0.32,6082.0,3,Malaria,37.4,Medium
2022,4,2022-04-01,Summer,Bhopal City,BHEL Area,23.245,77.465,28.1,2.8,26.8,3.8,0.32,6082.0,3,Chikungunya,42.99,Medium
2022,4,2022-04-01,Summer,Ashta,Ashta Town Center,23.015,76.725,32.0,3.7,21.7,1.0,0.55,11149.0,10,Dengue,57.47,High
2022,4,2022-04-01,Summer,Ashta,Ashta Town Center,23.015,76.725,32.0,3.7,21.7,1.0,0.55,11149.0,10,Malaria,54.51,High
2022,4,2022-04-01,Summer,Ashta,Ashta Town Center,23.015,76.725,32.0,3.7,21.7,1.0,0.55,11149.0,12,Chikungunya,59.4,High
2022,4,2022-04-01,Summer,Ashta,Ashta Industrial Area,23.02,76.735,31.9,2.9,34.8,2.5,0.3,3808.0,7,Dengue,45.21,Medium
2022,4,2022-04-01,Summer,Ashta,Ashta Industrial Area,23.02,76.735,31.9,2.9,34.8,2.5,0.3,3808.0,8,Malaria,42.96,Medium
2022,4,2022-04-01,Summer,Ashta,Ashta Industrial Area,23.02,76.735,31.9,2.9,34.8,2.5,0.3,3808.0,6,Chikungunya,46.31,Medium
2022,4,2022-04-01,Summer,Ashta,Ashta Rural East,23.01,76.745,27.8,3.3,30.1,0.8,0.68,1522.0,16,Dengue,54.98,High
2022,4,2022-04-01,Summer,Ashta,Ashta Rural East,23.01,76.745,27.8,3.3,30.1,0.8,0.68,1522.0,10,Malaria,52.78,High
2022,4,2022-04-01,Summer,Ashta,Ashta Rural East,23.01,76.745,27.8,3.3,30.1,0.8,0.68,1522.0,13,Chikungunya,55.72,High
2022,4,2022-04-01,Summer,Ashta,Ashta Nadi Belt,23.008,76.715,28.6,3.9,31.9,0.3,0.72,7334.0,12,Dengue,61.06,High
2022,4,2022-04-01,Summer,Ashta,Ashta Nadi Belt,23.008,76.715,28.6,3.9,31.9,0.3,0.72,7334.0,15,Malaria,59.97,High
2022,4,2022-04-01,Summer,Ashta,Ashta Nadi Belt,23.008,76.715,28.6,3.9,31.9,0.3,0.72,7334.0,15,Chikungunya,63.06,High
2022,4,2022-04-01,Summer,VIT Bhopal University,VIT Main Campus,23.077,76.8512,30.1,2.0,23.4,1.5,0.5,3526.0,7,Dengue,49.44,Medium
2022,4,2022-04-01,Summer,VIT Bhopal University,VIT Main Campus,23.077,76.8512,30.1,2.0,23.4,1.5,0.5,3526.0,9,Malaria,48.02,Medium
2022,4,2022-04-01,Summer,VIT Bhopal University,VIT Main Campus,23.077,76.8512,30.1,2.0,23.4,1.5,0.5,3526.0,8,Chikungunya,51.13,High
2022,4,2022-04-01,Summer,VIT Bhopal University,VIT Hostel Area,23.078,76.853,29.2,2.5,29.1,1.8,0.45,4509.0,6,Dengue,48.98,Medium
2022,4,2022-04-01,Summer,VIT Bhopal University,VIT Hostel Area,23.078,76.853,29.2,2.5,29.1,1.8,0.45,4509.0,9,Malaria,47.5,Medium
2022,4,2022-04-01,Summer,VIT Bhopal University,VIT Hostel Area,23.078,76.853,29.2,2.5,29.1,1.8,0.45,4509.0,12,Chikungunya,52.0,High
2022,4,2022-04-01,Summer,VIT Bhopal University,VIT Surrounding Village,23.072,76.848,28.9,4.3,29.6,0.6,0.62,4134.0,9,Dengue,55.47,High
2022,4,2022-04-01,Summer,VIT Bhopal University,VIT Surrounding Village,23.072,76.848,28.9,4.3,29.6,0.6,0.62,4134.0,16,Malaria,55.58,High
2022,4,2022-04-01,Summer,VIT Bhopal University,VIT Surrounding Village,23.072,76.848,28.9,4.3,29.6,0.6,0.62,4134.0,11,Chikungunya,57.1,High
2022,4,2022-04-01,Summer,VIT Bhopal University,Kotri-Kalan Area,23.083,76.855,28.7,2.8,34.7,2.0,0.4,5833.0,10,Dengue,50.34,High
2022,4,2022-04-01,Summer,VIT Bhopal University,Kotri-Kalan Area,23.083,76.855,28.7,2.8,34.7,2.0,0.4,5833.0,9,Malaria,47.57,Medium
2022,4,2022-04-01,Summer,VIT Bhopal University,Kotri-Kalan Area,23.083,76.855,28.7,2.8,34.7,2.0,0.4,5833.0,8,Chikungunya,51.18,High
2022,5,2022-05-01,Summer,Bhopal City,Old Bhopal (Chowk),23.2676,77.412,35.9,4.4,30.2,0.5,0.65,5939.0,10,Dengue,49.07,Medium
2022,5,2022-05-01,Summer,Bhopal City,Old Bhopal (Chowk),23.2676,77.412,35.9,4.4,30.2,0.5,0.65,5939.0,15,Malaria,50.09,High
2022,5,2022-05-01,Summer,Bhopal City,Old Bhopal (Chowk),23.2676,77.412,35.9,4.4,30.2,0.5,0.65,5939.0,14,Chikungunya,50.09,High
2022,5,2022-05-01,Summer,Bhopal City,New Market,23.235,77.423,32.3,10.7,25.2,2.1,0.35,6410.0,5,Dengue,52.79,High
2022,5,2022-05-01,Summer,Bhopal City,New Market,23.235,77.423,32.3,10.7,25.2,2.1,0.35,6410.0,9,Malaria,51.27,High
2022,5,2022-05-01,Summer,Bhopal City,New Market,23.235,77.423,32.3,10.7,25.2,2.1,0.35,6410.0,6,Chikungunya,53.93,High
2022,5,2022-05-01,Summer,Bhopal City,Kolar Road,23.175,77.445,32.1,10.2,24.6,3.5,0.4,5277.0,5,Dengue,47.28,Medium
2022,5,2022-05-01,Summer,Bhopal City,Kolar Road,23.175,77.445,32.1,10.2,24.6,3.5,0.4,5277.0,3,Malaria,44.32,Medium
2022,5,2022-05-01,Summer,Bhopal City,Kolar Road,23.175,77.445,32.1,10.2,24.6,3.5,0.4,5277.0,6,Chikungunya,49.37,Medium
2022,5,2022-05-01,Summer,Bhopal City,Habibganj,23.23,77.438,32.2,11.7,30.7,1.8,0.38,10272.0,9,Dengue,58.55,High
2022,5,2022-05-01,Summer,Bhopal City,Habibganj,23.23,77.438,32.2,11.7,30.7,1.8,0.38,10272.0,10,Malaria,55.85,High
2022,5,2022-05-01,Summer,Bhopal City,Habibganj,23.23,77.438,32.2,11.7,30.7,1.8,0.38,10272.0,9,Chikungunya,59.34,High
2022,5,2022-05-01,Summer,Bhopal City,Shahpura,23.195,77.435,34.1,6.6,34.3,2.5,0.42,7790.0,10,Dengue,50.26,High
2022,5,2022-05-01,Summer,Bhopal City,Shahpura,23.195,77.435,34.1,6.6,34.3,2.5,0.42,7790.0,7,Malaria,46.53,Medium
2022,5,2022-05-01,Summer,Bhopal City,Shahpura,23.195,77.435,34.1,6.6,34.3,2.5,0.42,7790.0,8,Chikungunya,51.46,High
2022,5,2022-05-01,Summer,Bhopal City,Ayodhya Nagar,23.21,77.455,33.4,11.3,29.3,4.0,0.3,4094.0,4,Dengue,43.76,Medium
2022,5,2022-05-01,Summer,Bhopal City,Ayodhya Nagar,23.21,77.455,33.4,11.3,29.3,4.0,0.3,4094.0,6,Malaria,41.57,Medium
2022,5,2022-05-01,Summer,Bhopal City,Ayodhya Nagar,23.21,77.455,33.4,11.3,29.3,4.0,0.3,4094.0,3,Chikungunya,45.26,Medium
2022,5,2022-05-01,Summer,Bhopal City,Upper Lake Area,23.25,77.39,30.7,8.2,31.8,0.2,0.75,4709.0,16,Dengue,60.57,High
2022,5,2022-05-01,Summer,Bhopal City,Upper Lake Area,23.25,77.39,30.7,8.2,31.8,0.2,0.75,4709.0,12,Malaria,58.54,High
2022,5,2022-05-01,Summer,Bhopal City,Upper Lake Area,23.25,77.39,30.7,8.2,31.8,0.2,0.75,4709.0,12,Chikungunya,60.77,High
2022,5,2022-05-01,Summer,Bhopal City,Lower Lake Area,23.255,77.405,33.9,9.5,30.1,0.3,0.7,6533.0,14,Dengue,60.51,High
2022,5,2022-05-01,Summer,Bhopal City,Lower Lake Area,23.255,77.405,33.9,9.5,30.1,0.3,0.7,6533.0,16,Malaria,59.23,High
2022,5,2022-05-01,Summer,Bhopal City,Lower Lake Area,23.255,77.405,33.9,9.5,30.1,0.3,0.7,6533.0,15,Chikungunya,62.03,High
2022,5,2022-05-01,Summer,Bhopal City,Arera Colony,23.22,77.43,34.4,13.7,22.3,2.0,0.45,9645.0,8,Dengue,57.17,High
2022,5,2022-05-01,Summer,Bhopal City,Arera Colony,23.22,77.43,34.4,13.7,22.3,2.0,0.45,9645.0,7,Malaria,54.07,High
2022,5,2022-05-01,Summer,Bhopal City,Arera Colony,23.22,77.43,34.4,13.7,22.3,2.0,0.45,9645.0,7,Chikungunya,58.06,High
2022,5,2022-05-01,Summer,Bhopal City,Bairagarh,23.28,77.37,33.8,7.1,27.7,1.2,0.55,7931.0,10,Dengue,55.69,High
2022,5,2022-05-01,Summer,Bhopal City,Bairagarh,23.28,77.37,33.8,7.1,27.7,1.2,0.55,7931.0,10,Malaria,53.18,High
2022,5,2022-05-01,Summer,Bhopal City,Bairagarh,23.28,77.37,33.8,7.1,27.7,1.2,0.55,7931.0,10,Chikungunya,57.06,High
2022,5,2022-05-01,Summer,Bhopal City,Misrod,23.165,77.46,32.3,10.4,32.8,3.0,0.48,7477.0,9,Dengue,53.42,High
2022,5,2022-05-01,Summer,Bhopal City,Misrod,23.165,77.46,32.3,10.4,32.8,3.0,0.48,7477.0,6,Malaria,50.18,High
2022,5,2022-05-01,Summer,Bhopal City,Misrod,23.165,77.46,32.3,10.4,32.8,3.0,0.48,7477.0,6,Chikungunya,54.24,High
2022,5,2022-05-01,Summer,Bhopal City,BHEL Area,23.245,77.465,34.4,10.5,26.1,3.8,0.32,11041.0,5,Dengue,49.33,Medium
2022,5,2022-05-01,Summer,Bhopal City,BHEL Area,23.245,77.465,34.4,10.5,26.1,3.8,0.32,11041.0,4,Malaria,45.37,Medium
2022,5,2022-05-01,Summer,Bhopal City,BHEL Area,23.245,77.465,34.4,10.5,26.1,3.8,0.32,11041.0,4,Chikungunya,50.85,High
2022,5,2022-05-01,Summer,Ashta,Ashta Town Center,23.015,76.725,34.0,11.8,30.5,1.0,0.55,7948.0,13,Dengue,62.43,High
2022,5,2022-05-01,Summer,Ashta,Ashta Town Center,23.015,76.725,34.0,11.8,30.5,1.0,0.55,7948.0,12,Malaria,60.23,High
2022,5,2022-05-01,Summer,Ashta,Ashta Town Center,23.015,76.725,34.0,11.8,30.5,1.0,0.55,7948.0,15,Chikungunya,63.8,High
2022,5,2022-05-01,Summer,Ashta,Ashta Industrial Area,23.02,76.735,34.0,10.1,38.4,2.5,0.3,3295.0,7,Dengue,50.16,High
2022,5,2022-05-01,Summer,Ashta,Ashta Industrial Area,23.02,76.735,34.0,10.1,38.4,2.5,0.3,3295.0,6,Malaria,48.19,Medium
2022,5,2022-05-01,Summer,Ashta,Ashta Industrial Area,23.02,76.735,34.0,10.1,38.4,2.5,0.3,3295.0,7,Chikungunya,50.97,High
2022,5,2022-05-01,Summer,Ashta,Ashta Rural East,23.01,76.745,34.9,6.9,24.6,0.8,0.68,1691.0,14,Dengue,54.09,High
2022,5,2022-05-01,Summer,Ashta,Ashta Rural East,23.01,76.745,34.9,6.9,24.6,0.8,0.68,1691.0,12,Malaria,52.63,High
2022,5,2022-05-01,Summer,Ashta,Ashta Rural East,23.01,76.745,34.9,6.9,24.6,0.8,0.68,1691.0,13,Chikungunya,55.42,High
2022,5,2022-05-01,Summer,Ashta,Ashta Nadi Belt,23.008,76.715,34.5,9.5,31.2,0.3,0.72,4663.0,15,Dengue,59.57,High
2022,5,2022-05-01,Summer,Ashta,Ashta Nadi Belt,23.008,76.715,34.5,9.5,31.2,0.3,0.72,4663.0,16,Malaria,58.49,High
2022,5,2022-05-01,Summer,Ashta,Ashta Nadi Belt,23.008,76.715,34.5,9.5,31.2,0.3,0.72,4663.0,19,Chikungunya,61.99,High
2022,5,2022-05-01,Summer,VIT Bhopal University,VIT Main Campus,23.077,76.8512,34.0,9.2,46.9,1.5,0.5,4948.0,10,Dengue,53.65,High
2022,5,2022-05-01,Summer,VIT Bhopal University,VIT Main Campus,23.077,76.8512,34.0,9.2,46.9,1.5,0.5,4948.0,13,Malaria,52.5,High
2022,5,2022-05-01,Summer,VIT Bhopal University,VIT Main Campus,23.077,76.8512,34.0,9.2,46.9,1.5,0.5,4948.0,10,Chikungunya,54.71,High
2022,5,2022-05-01,Summer,VIT Bhopal University,VIT Hostel Area,23.078,76.853,35.0,5.6,29.0,1.8,0.45,3503.0,9,Dengue,40.08,Medium
2022,5,2022-05-01,Summer,VIT Bhopal University,VIT Hostel Area,23.078,76.853,35.0,5.6,29.0,1.8,0.45,3503.0,7,Malaria,39.28,Medium
2022,5,2022-05-01,Summer,VIT Bhopal University,VIT Hostel Area,23.078,76.853,35.0,5.6,29.0,1.8,0.45,3503.0,9,Chikungunya,40.34,Medium
2022,5,2022-05-01,Summer,VIT Bhopal University,VIT Surrounding Village,23.072,76.848,34.5,8.0,30.5,0.6,0.62,4180.0,9,Dengue,55.6,High
2022,5,2022-05-01,Summer,VIT Bhopal University,VIT Surrounding Village,23.072,76.848,34.5,8.0,30.5,0.6,0.62,4180.0,9,Malaria,54.31,High
2022,5,2022-05-01,Summer,VIT Bhopal University,VIT Surrounding Village,23.072,76.848,34.5,8.0,30.5,0.6,0.62,4180.0,13,Chikungunya,57.77,High
2022,5,2022-05-01,Summer,VIT Bhopal University,Kotri-Kalan Area,23.083,76.855,32.1,8.0,34.7,2.0,0.4,4973.0,8,Dengue,49.17,Medium
2022,5,2022-05-01,Summer,VIT Bhopal University,Kotri-Kalan Area,23.083,76.855,32.1,8.0,34.7,2.0,0.4,4973.0,10,Malaria,47.25,Medium
2022,5,2022-05-01,Summer,VIT Bhopal University,Kotri-Kalan Area,23.083,76.855,32.1,8.0,34.7,2.0,0.4,4973.0,11,Chikungunya,51.34,High
2022,6,2022-06-01,Monsoon,Bhopal City,Old Bhopal (Chowk),23.2676,77.412,32.7,168.2,60.6,0.5,0.65,7423.0,21,Dengue,81.74,Critical
2022,6,2022-06-01,Monsoon,Bhopal City,Old Bhopal (Chowk),23.2676,77.412,32.7,168.2,60.6,0.5,0.65,7423.0,20,Malaria,81.53,Critical
2022,6,2022-06-01,Monsoon,Bhopal City,Old Bhopal (Chowk),23.2676,77.412,32.7,168.2,60.6,0.5,0.65,7423.0,20,Chikungunya,80.69,Critical
2022,6,2022-06-01,Monsoon,Bhopal City,New Market,23.235,77.423,31.1,148.8,58.7,2.1,0.35,11208.0,13,Dengue,72.93,High
2022,6,2022-06-01,Monsoon,Bhopal City,New Market,23.235,77.423,31.1,148.8,58.7,2.1,0.35,11208.0,9,Malaria,70.64,High
2022,6,2022-06-01,Monsoon,Bhopal City,New Market,23.235,77.423,31.1,148.8,58.7,2.1,0.35,11208.0,13,Chikungunya,72.24,High
2022,6,2022-06-01,Monsoon,Bhopal City,Kolar Road,23.175,77.445,29.9,126.9,63.1,3.5,0.4,11290.0,11,Dengue,68.35,High
2022,6,2022-06-01,Monsoon,Bhopal City,Kolar Road,23.175,77.445,29.9,126.9,63.1,3.5,0.4,11290.0,9,Malaria,66.17,High
2022,6,2022-06-01,Monsoon,Bhopal City,Kolar Road,23.175,77.445,29.9,126.9,63.1,3.5,0.4,11290.0,12,Chikungunya,68.71,High
2022,6,2022-06-01,Monsoon,Bhopal City,Habibganj,23.23,77.438,30.3,172.4,61.9,1.8,0.38,5759.0,15,Dengue,71.71,High
2022,6,2022-06-01,Monsoon,Bhopal City,Habibganj,23.23,77.438,30.3,172.4,61.9,1.8,0.38,5759.0,16,Malaria,71.44,High
2022,6,2022-06-01,Monsoon,Bhopal City,Habibganj,23.23,77.438,30.3,172.4,61.9,1.8,0.38,5759.0,13,Chikungunya,70.36,High
2022,6,2022-06-01,Monsoon,Bhopal City,Shahpura,23.195,77.435,31.8,156.2,54.7,2.5,0.42,4027.0,10,Dengue,66.29,High
2022,6,2022-06-01,Monsoon,Bhopal City,Shahpura,23.195,77.435,31.8,156.2,54.7,2.5,0.42,4027.0,8,Malaria,65.62,High
2022,6,2022-06-01,Monsoon,Bhopal City,Shahpura,23.195,77.435,31.8,156.2,54.7,2.5,0.42,4027.0,12,Chikungunya,66.5,High
2022,6,2022-06-01,Monsoon,Bhopal City,Ayodhya Nagar,23.21,77.455,32.4,119.6,50.8,4.0,0.3,4570.0,4,Dengue,58.3,High
2022,6,2022-06-01,Monsoon,Bhopal City,Ayodhya Nagar,23.21,77.455,32.4,119.6,50.8,4.0,0.3,4570.0,9,Malaria,58.24,High
2022,6,2022-06-01,Monsoon,Bhopal City,Ayodhya Nagar,23.21,77.455,32.4,119.6,50.8,4.0,0.3,4570.0,4,Chikungunya,58.44,High
2022,6,2022-06-01,Monsoon,Bhopal City,Upper Lake Area,23.25,77.39,34.7,162.5,70.2,0.2,0.75,4929.0,21,Dengue,82.78,Critical
2022,6,2022-06-01,Monsoon,Bhopal City,Upper Lake Area,23.25,77.39,34.7,162.5,70.2,0.2,0.75,4929.0,31,Malaria,85.78,Critical
2022,6,2022-06-01,Monsoon,Bhopal City,Upper Lake Area,23.25,77.39,34.7,162.5,70.2,0.2,0.75,4929.0,18,Chikungunya,81.0,Critical
2022,6,2022-06-01,Monsoon,Bhopal City,Lower Lake Area,23.255,77.405,32.7,101.4,63.7,0.3,0.7,8072.0,24,Dengue,84.5,Critical
2022,6,2022-06-01,Monsoon,Bhopal City,Lower Lake Area,23.255,77.405,32.7,101.4,63.7,0.3,0.7,8072.0,18,Malaria,83.28,Critical
2022,6,2022-06-01,Monsoon,Bhopal City,Lower Lake Area,23.255,77.405,32.7,101.4,63.7,0.3,0.7,8072.0,19,Chikungunya,82.37,Critical
2022,6,2022-06-01,Monsoon,Bhopal City,Arera Colony,23.22,77.43,29.9,165.8,62.2,2.0,0.45,8884.0,12,Dengue,73.51,High
2022,6,2022-06-01,Monsoon,Bhopal City,Arera Colony,23.22,77.43,29.9,165.8,62.2,2.0,0.45,8884.0,14,Malaria,72.99,High
2022,6,2022-06-01,Monsoon,Bhopal City,Arera Colony,23.22,77.43,29.9,165.8,62.2,2.0,0.45,8884.0,14,Chikungunya,73.4,High
2022,6,2022-06-01,Monsoon,Bhopal City,Bairagarh,23.28,77.37,32.9,127.4,60.2,1.2,0.55,7263.0,18,Dengue,77.33,Critical
2022,6,2022-06-01,Monsoon,Bhopal City,Bairagarh,23.28,77.37,32.9,127.4,60.2,1.2,0.55,7263.0,11,Malaria,75.59,Critical
2022,6,2022-06-01,Monsoon,Bhopal City,Bairagarh,23.28,77.37,32.9,127.4,60.2,1.2,0.55,7263.0,15,Chikungunya,75.83,Critical
2022,6,2022-06-01,Monsoon,Bhopal City,Misrod,23.165,77.46,30.6,163.5,56.8,3.0,0.48,10555.0,10,Dengue,70.08,High
2022,6,2022-06-01,Monsoon,Bhopal City,Misrod,23.165,77.46,30.6,163.5,56.8,3.0,0.48,10555.0,10,Malaria,68.58,High
2022,6,2022-06-01,Monsoon,Bhopal City,Misrod,23.165,77.46,30.6,163.5,56.8,3.0,0.48,10555.0,15,Chikungunya,71.51,High
2022,6,2022-06-01,Monsoon,Bhopal City,BHEL Area,23.245,77.465,33.7,123.9,46.1,3.8,0.32,4442.0,6,Dengue,59.12,High
2022,6,2022-06-01,Monsoon,Bhopal City,BHEL Area,23.245,77.465,33.7,123.9,46.1,3.8,0.32,4442.0,7,Malaria,58.23,High
2022,6,2022-06-01,Monsoon,Bhopal City,BHEL Area,23.245,77.465,33.7,123.9,46.1,3.8,0.32,4442.0,10,Chikungunya,60.48,High
2022,6,2022-06-01,Monsoon,Ashta,Ashta Town Center,23.015,76.725,31.4,148.4,64.6,1.0,0.55,11503.0,16,Dengue,80.2,Critical
2022,6,2022-06-01,Monsoon,Ashta,Ashta Town Center,23.015,76.725,31.4,148.4,64.6,1.0,0.55,11503.0,16,Malaria,79.56,Critical
2022,6,2022-06-01,Monsoon,Ashta,Ashta Town Center,23.015,76.725,31.4,148.4,64.6,1.0,0.55,11503.0,17,Chikungunya,79.53,Critical
2022,6,2022-06-01,Monsoon,Ashta,Ashta Industrial Area,23.02,76.735,32.3,105.9,60.5,2.5,0.3,3864.0,8,Dengue,65.06,High
2022,6,2022-06-01,Monsoon,Ashta,Ashta Industrial Area,23.02,76.735,32.3,105.9,60.5,2.5,0.3,3864.0,8,Malaria,64.78,High
2022,6,2022-06-01,Monsoon,Ashta,Ashta Industrial Area,23.02,76.735,32.3,105.9,60.5,2.5,0.3,3864.0,8,Chikungunya,64.27,High
2022,6,2022-06-01,Monsoon,Ashta,Ashta Rural East,23.01,76.745,31.3,157.3,54.7,0.8,0.68,599.0,15,Dengue,73.47,High
2022,6,2022-06-01,Monsoon,Ashta,Ashta Rural East,23.01,76.745,31.3,157.3,54.7,0.8,0.68,599.0,16,Malaria,75.08,Critical
2022,6,2022-06-01,Monsoon,Ashta,Ashta Rural East,23.01,76.745,31.3,157.3,54.7,0.8,0.68,599.0,19,Chikungunya,73.93,High
2022,6,2022-06-01,Monsoon,Ashta,Ashta Nadi Belt,23.008,76.715,32.5,159.2,68.1,0.3,0.72,7294.0,19,Dengue,83.32,Critical
2022,6,2022-06-01,Monsoon,Ashta,Ashta Nadi Belt,23.008,76.715,32.5,159.2,68.1,0.3,0.72,7294.0,24,Malaria,84.78,Critical
2022,6,2022-06-01,Monsoon,Ashta,Ashta Nadi Belt,23.008,76.715,32.5,159.2,68.1,0.3,0.72,7294.0,24,Chikungunya,83.74,Critical
2022,6,2022-06-01,Monsoon,VIT Bhopal University,VIT Main Campus,23.077,76.8512,32.0,104.6,52.5,1.5,0.5,4434.0,13,Dengue,71.52,High
2022,6,2022-06-01,Monsoon,VIT Bhopal University,VIT Main Campus,23.077,76.8512,32.0,104.6,52.5,1.5,0.5,4434.0,16,Malaria,72.16,High
2022,6,2022-06-01,Monsoon,VIT Bhopal University,VIT Main Campus,23.077,76.8512,32.0,104.6,52.5,1.5,0.5,4434.0,8,Chikungunya,69.49,High
2022,6,2022-06-01,Monsoon,VIT Bhopal University,VIT Hostel Area,23.078,76.853,33.1,169.4,65.7,1.8,0.45,3622.0,11,Dengue,70.13,High
2022,6,2022-06-01,Monsoon,VIT Bhopal University,VIT Hostel Area,23.078,76.853,33.1,169.4,65.7,1.8,0.45,3622.0,13,Malaria,70.86,High
2022,6,2022-06-01,Monsoon,VIT Bhopal University,VIT Hostel Area,23.078,76.853,33.1,169.4,65.7,1.8,0.45,3622.0,15,Chikungunya,70.36,High
2022,6,2022-06-01,Monsoon,VIT Bhopal University,VIT Surrounding Village,23.072,76.848,34.8,153.4,57.8,0.6,0.62,4893.0,21,Dengue,78.77,Critical
2022,6,2022-06-01,Monsoon,VIT Bhopal University,VIT Surrounding Village,23.072,76.848,34.8,153.4,57.8,0.6,0.62,4893.0,17,Malaria,78.31,Critical
2022,6,2022-06-01,Monsoon,VIT Bhopal University,VIT Surrounding Village,23.072,76.848,34.8,153.4,57.8,0.6,0.62,4893.0,16,Chikungunya,76.66,Critical
2022,6,2022-06-01,Monsoon,VIT Bhopal University,Kotri-Kalan Area,23.083,76.855,30.1,133.9,62.4,2.0,0.4,11015.0,19,Dengue,75.6,Critical
2022,6,2022-06-01,Monsoon,VIT Bhopal University,Kotri-Kalan Area,23.083,76.855,30.1,133.9,62.4,2.0,0.4,11015.0,13,Malaria,72.88,High
2022,6,2022-06-01,Monsoon,VIT Bhopal University,Kotri-Kalan Area,23.083,76.855,30.1,133.9,62.4,2.0,0.4,11015.0,7,Chikungunya,71.75,High
2022,7,2022-07-01,Monsoon,Bhopal City,Old Bhopal (Chowk),23.2676,77.412,30.4,308.9,74.8,0.5,0.65,11393.0,19,Dengue,80.74,Critical
2022,7,2022-07-01,Monsoon,Bhopal City,Old Bhopal (Chowk),23.2676,77.412,30.4,308.9,74.8,0.5,0.65,11393.0,17,Malaria,79.77,Critical
2022,7,2022-07-01,Monsoon,Bhopal City,Old Bhopal (Chowk),23.2676,77.412,30.4,308.9,74.8,0.5,0.65,11393.0,16,Chikungunya,79.16,Critical
2022,7,2022-07-01,Monsoon,Bhopal City,New Market,23.235,77.423,29.0,358.3,71.5,2.1,0.35,8259.0,8,Dengue,67.62,High
2022,7,2022-07-01,Monsoon,Bhopal City,New Market,23.235,77.423,29.0,358.3,71.5,2.1,0.35,8259.0,9,Malaria,66.74,High
2022,7,2022-07-01,Monsoon,Bhopal City,New Market,23.235,77.423,29.0,358.3,71.5,2.1,0.35,8259.0,14,Chikungunya,68.55,High
2022,7,2022-07-01,Monsoon,Bhopal City,Kolar Road,23.175,77.445,28.6,359.6,80.2,3.5,0.4,6516.0,12,Dengue,63.51,High
2022,7,2022-07-01,Monsoon,Bhopal City,Kolar Road,23.175,77.445,28.6,359.6,80.2,3.5,0.4,6516.0,9,Malaria,61.73,High
2022,7,2022-07-01,Monsoon,Bhopal City,Kolar Road,23.175,77.445,28.6,359.6,80.2,3.5,0.4,6516.0,12,Chikungunya,63.69,High
2022,7,2022-07-01,Monsoon,Bhopal City,Habibganj,23.23,77.438,24.9,404.3,84.6,1.8,0.38,7193.0,13,Dengue,48.85,Medium
2022,7,2022-07-01,Monsoon,Bhopal City,Habibganj,23.23,77.438,24.9,404.3,84.6,1.8,0.38,7193.0,14,Malaria,48.72,Medium
2022,7,2022-07-01,Monsoon,Bhopal City,Habibganj,23.23,77.438,24.9,404.3,84.6,1.8,0.38,7193.0,11,Chikungunya,47.46,Medium
2022,7,2022-07-01,Monsoon,Bhopal City,Shahpura,23.195,77.435,25.6,442.4,88.0,2.5,0.42,6479.0,13,Dengue,55.3,High
2022,7,2022-07-01,Monsoon,Bhopal City,Shahpura,23.195,77.435,25.6,442.4,88.0,2.5,0.42,6479.0,9,Malaria,52.58,High
2022,7,2022-07-01,Monsoon,Bhopal City,Shahpura,23.195,77.435,25.6,442.4,88.0,2.5,0.42,6479.0,15,Chikungunya,56.66,High
2022,7,2022-07-01,Monsoon,Bhopal City,Ayodhya Nagar,23.21,77.455,27.5,473.5,86.3,4.0,0.3,11922.0,4,Dengue,49.19,Medium
2022,7,2022-07-01,Monsoon,Bhopal City,Ayodhya Nagar,23.21,77.455,27.5,473.5,86.3,4.0,0.3,11922.0,5,Malaria,46.26,Medium
2022,7,2022-07-01,Monsoon,Bhopal City,Ayodhya Nagar,23.21,77.455,27.5,473.5,86.3,4.0,0.3,11922.0,6,Chikungunya,50.89,High
2022,7,2022-07-01,Monsoon,Bhopal City,Upper Lake Area,23.25,77.39,30.3,240.5,83.9,0.2,0.75,11324.0,23,Dengue,84.69,Critical
2022,7,2022-07-01,Monsoon,Bhopal City,Upper Lake Area,23.25,77.39,30.3,240.5,83.9,0.2,0.75,11324.0,16,Malaria,83.06,Critical
2022,7,2022-07-01,Monsoon,Bhopal City,Upper Lake Area,23.25,77.39,30.3,240.5,83.9,0.2,0.75,11324.0,22,Chikungunya,83.67,Critical
2022,7,2022-07-01,Monsoon,Bhopal City,Lower Lake Area,23.255,77.405,28.4,315.0,85.3,0.3,0.7,7458.0,21,Dengue,81.46,Critical
2022,7,2022-07-01,Monsoon,Bhopal City,Lower Lake Area,23.255,77.405,28.4,315.0,85.3,0.3,0.7,7458.0,19,Malaria,81.32,Critical
2022,7,2022-07-01,Monsoon,Bhopal City,Lower Lake Area,23.255,77.405,28.4,315.0,85.3,0.3,0.7,7458.0,18,Chikungunya,79.73,Critical
2022,7,2022-07-01,Monsoon,Bhopal City,Arera Colony,23.22,77.43,27.8,405.6,90.6,2.0,0.45,11542.0,12,Dengue,60.24,High
2022,7,2022-07-01,Monsoon,Bhopal City,Arera Colony,23.22,77.43,27.8,405.6,90.6,2.0,0.45,11542.0,13,Malaria,58.17,High
2022,7,2022-07-01,Monsoon,Bhopal City,Arera Colony,23.22,77.43,27.8,405.6,90.6,2.0,0.45,11542.0,15,Chikungunya,61.54,High
2022,7,2022-07-01,Monsoon,Bhopal City,Bairagarh,23.28,77.37,27.0,329.8,85.4,1.2,0.55,11620.0,12,Dengue,76.6,Critical
2022,7,2022-07-01,Monsoon,Bhopal City,Bairagarh,23.28,77.37,27.0,329.8,85.4,1.2,0.55,11620.0,16,Malaria,76.85,Critical
2022,7,2022-07-01,Monsoon,Bhopal City,Bairagarh,23.28,77.37,27.0,329.8,85.4,1.2,0.55,11620.0,15,Chikungunya,76.43,Critical
2022,7,2022-07-01,Monsoon,Bhopal City,Misrod,23.165,77.46,26.9,213.5,85.5,3.0,0.48,6544.0,7,Dengue,65.46,High
2022,7,2022-07-01,Monsoon,Bhopal City,Misrod,23.165,77.46,26.9,213.5,85.5,3.0,0.48,6544.0,9,Malaria,65.34,High
2022,7,2022-07-01,Monsoon,Bhopal City,Misrod,23.165,77.46,26.9,213.5,85.5,3.0,0.48,6544.0,7,Chikungunya,65.19,High
2022,7,2022-07-01,Monsoon,Bhopal City,BHEL Area,23.245,77.465,30.5,324.4,82.9,3.8,0.32,4865.0,12,Dengue,60.58,High
2022,7,2022-07-01,Monsoon,Bhopal City,BHEL Area,23.245,77.465,30.5,324.4,82.9,3.8,0.32,4865.0,5,Malaria,58.11,High
2022,7,2022-07-01,Monsoon,Bhopal City,BHEL Area,23.245,77.465,30.5,324.4,82.9,3.8,0.32,4865.0,5,Chikungunya,58.76,High
2022,7,2022-07-01,Monsoon,Ashta,Ashta Town Center,23.015,76.725,27.7,362.9,83.7,1.0,0.55,5317.0,16,Dengue,74.36,High
2022,7,2022-07-01,Monsoon,Ashta,Ashta Town Center,23.015,76.725,27.7,362.9,83.7,1.0,0.55,5317.0,15,Malaria,74.43,High
2022,7,2022-07-01,Monsoon,Ashta,Ashta Town Center,23.015,76.725,27.7,362.9,83.7,1.0,0.55,5317.0,17,Chikungunya,73.71,High
2022,7,2022-07-01,Monsoon,Ashta,Ashta Industrial Area,23.02,76.735,28.8,303.9,88.6,2.5,0.3,2488.0,13,Dengue,63.97,High
2022,7,2022-07-01,Monsoon,Ashta,Ashta Industrial Area,23.02,76.735,28.8,303.9,88.6,2.5,0.3,2488.0,10,Malaria,63.33,High
2022,7,2022-07-01,Monsoon,Ashta,Ashta Industrial Area,23.02,76.735,28.8,303.9,88.6,2.5,0.3,2488.0,11,Chikungunya,62.66,High
2022,7,2022-07-01,Monsoon,Ashta,Ashta Rural East,23.01,76.745,27.8,348.3,84.4,0.8,0.68,1418.0,21,Dengue,74.53,High
2022,7,2022-07-01,Monsoon,Ashta,Ashta Rural East,23.01,76.745,27.8,348.3,84.4,0.8,0.68,1418.0,21,Malaria,75.73,Critical
2022,7,2022-07-01,Monsoon,Ashta,Ashta Rural East,23.01,76.745,27.8,348.3,84.4,0.8,0.68,1418.0,16,Chikungunya,72.52,High
2022,7,2022-07-01,Monsoon,Ashta,Ashta Nadi Belt,23.008,76.715,26.5,339.1,76.2,0.3,0.72,11050.0,19,Dengue,82.3,Critical
2022,7,2022-07-01,Monsoon,Ashta,Ashta Nadi Belt,23.008,76.715,26.5,339.1,76.2,0.3,0.72,11050.0,21,Malaria,82.39,Critical
2022,7,2022-07-01,Monsoon,Ashta,Ashta Nadi Belt,23.008,76.715,26.5,339.1,76.2,0.3,0.72,11050.0,21,Chikungunya,82.12,Critical
2022,7,2022-07-01,Monsoon,VIT Bhopal University,VIT Main Campus,23.077,76.8512,26.6,332.4,78.3,1.5,0.5,3198.0,18,Dengue,70.31,High
2022,7,2022-07-01,Monsoon,VIT Bhopal University,VIT Main Campus,23.077,76.8512,26.6,332.4,78.3,1.5,0.5,3198.0,9,Malaria,68.72,High
2022,7,2022-07-01,Monsoon,VIT Bhopal University,VIT Main Campus,23.077,76.8512,26.6,332.4,78.3,1.5,0.5,3198.0,20,Chikungunya,70.33,High
2022,7,2022-07-01,Monsoon,VIT Bhopal University,VIT Hostel Area,23.078,76.853,27.8,294.4,67.9,1.8,0.45,4663.0,10,Dengue,66.94,High
2022,7,2022-07-01,Monsoon,VIT Bhopal University,VIT Hostel Area,23.078,76.853,27.8,294.4,67.9,1.8,0.45,4663.0,10,Malaria,66.74,High
2022,7,2022-07-01,Monsoon,VIT Bhopal University,VIT Hostel Area,23.078,76.853,27.8,294.4,67.9,1.8,0.45,4663.0,13,Chikungunya,67.2,High
2022,7,2022-07-01,Monsoon,VIT Bhopal University,VIT Surrounding Village,23.072,76.848,27.8,352.6,84.0,0.6,0.62,3425.0,17,Dengue,75.26,Critical
2022,7,2022-07-01,Monsoon,VIT Bhopal University,VIT Surrounding Village,23.072,76.848,27.8,352.6,84.0,0.6,0.62,3425.0,20,Malaria,76.78,Critical
2022,7,2022-07-01,Monsoon,VIT Bhopal University,VIT Surrounding Village,23.072,76.848,27.8,352.6,84.0,0.6,0.62,3425.0,19,Chikungunya,74.82,High
2022,7,2022-07-01,Monsoon,VIT Bhopal University,Kotri-Kalan Area,23.083,76.855,26.8,435.2,82.8,2.0,0.4,11067.0,9,Dengue,58.24,High
2022,7,2022-07-01,Monsoon,VIT Bhopal University,Kotri-Kalan Area,23.083,76.855,26.8,435.2,82.8,2.0,0.4,11067.0,15,Malaria,57.03,High
2022,7,2022-07-01,Monsoon,VIT Bhopal University,Kotri-Kalan Area,23.083,76.855,26.8,435.2,82.8,2.0,0.4,11067.0,8,Chikungunya,58.36,High
2022,8,2022-08-01,Monsoon,Bhopal City,Old Bhopal (Chowk),23.2676,77.412,28.8,336.1,94.2,0.5,0.65,11771.0,20,Dengue,82.92,Critical
2022,8,2022-08-01,Monsoon,Bhopal City,Old Bhopal (Chowk),23.2676,77.412,28.8,336.1,94.2,0.5,0.65,11771.0,24,Malaria,83.51,Critical
2022,8,2022-08-01,Monsoon,Bhopal City,Old Bhopal (Chowk),23.2676,77.412,28.8,336.1,94.2,0.5,0.65,11771.0,16,Chikungunya,80.72,Critical
2022,8,2022-08-01,Monsoon,Bhopal City,New Market,23.235,77.423,27.3,251.4,84.9,2.1,0.35,10035.0,8,Dengue,70.35,High
2022,8,2022-08-01,Monsoon,Bhopal City,New Market,23.235,77.423,27.3,251.4,84.9,2.1,0.35,10035.0,11,Malaria,69.79,High
2022,8,2022-08-01,Monsoon,Bhopal City,New Market,23.235,77.423,27.3,251.4,84.9,2.1,0.35,10035.0,11,Chikungunya,70.18,High
2022,8,2022-08-01,Monsoon,Bhopal City,Kolar Road,23.175,77.445,27.5,376.2,89.7,3.5,0.4,6689.0,9,Dengue,63.88,High
2022,8,2022-08-01,Monsoon,Bhopal City,Kolar Road,23.175,77.445,27.5,376.2,89.7,3.5,0.4,6689.0,11,Malaria,63.38,High
2022,8,2022-08-01,Monsoon,Bhopal City,Kolar Road,23.175,77.445,27.5,376.2,89.7,3.5,0.4,6689.0,8,Chikungunya,63.47,High
2022,8,2022-08-01,Monsoon,Bhopal City,Habibganj,23.23,77.438,26.4,268.7,90.3,1.8,0.38,4300.0,10,Dengue,68.19,High
2022,8,2022-08-01,Monsoon,Bhopal City,Habibganj,23.23,77.438,26.4,268.7,90.3,1.8,0.38,4300.0,8,Malaria,67.98,High
2022,8,2022-08-01,Monsoon,Bhopal City,Habibganj,23.23,77.438,26.4,268.7,90.3,1.8,0.38,4300.0,16,Chikungunya,68.71,High
2022,8,2022-08-01,Monsoon,Bhopal City,Shahpura,23.195,77.435,26.0,454.4,85.9,2.5,0.42,10569.0,10,Dengue,57.19,High
2022,8,2022-08-01,Monsoon,Bhopal City,Shahpura,23.195,77.435,26.0,454.4,85.9,2.5,0.42,10569.0,9,Malaria,54.44,High
2022,8,2022-08-01,Monsoon,Bhopal City,Shahpura,23.195,77.435,26.0,454.4,85.9,2.5,0.42,10569.0,17,Chikungunya,59.87,High
2022,8,2022-08-01,Monsoon,Bhopal City,Ayodhya Nagar,23.21,77.455,26.4,384.8,86.3,4.0,0.3,9505.0,2,Dengue,61.32,High
2022,8,2022-08-01,Monsoon,Bhopal City,Ayodhya Nagar,23.21,77.455,26.4,384.8,86.3,4.0,0.3,9505.0,4,Malaria,60.06,High
2022,8,2022-08-01,Monsoon,Bhopal City,Ayodhya Nagar,23.21,77.455,26.4,384.8,86.3,4.0,0.3,9505.0,5,Chikungunya,61.91,High
2022,8,2022-08-01,Monsoon,Bhopal City,Upper Lake Area,23.25,77.39,25.8,271.1,76.2,0.2,0.75,11581.0,20,Dengue,83.2,Critical
2022,8,2022-08-01,Monsoon,Bhopal City,Upper Lake Area,23.25,77.39,25.8,271.1,76.2,0.2,0.75,11581.0,23,Malaria,83.54,Critical
2022,8,2022-08-01,Monsoon,Bhopal City,Upper Lake Area,23.25,77.39,25.8,271.1,76.2,0.2,0.75,11581.0,22,Chikungunya,83.05,Critical
2022,8,2022-08-01,Monsoon,Bhopal City,Lower Lake Area,23.255,77.405,26.5,401.0,86.9,0.3,0.7,11424.0,17,Dengue,69.69,High
2022,8,2022-08-01,Monsoon,Bhopal City,Lower Lake Area,23.255,77.405,26.5,401.0,86.9,0.3,0.7,11424.0,24,Malaria,69.73,High
2022,8,2022-08-01,Monsoon,Bhopal City,Lower Lake Area,23.255,77.405,26.5,401.0,86.9,0.3,0.7,11424.0,15,Chikungunya,69.35,High
2022,8,2022-08-01,Monsoon,Bhopal City,Arera Colony,23.22,77.43,26.1,262.7,86.9,2.0,0.45,11596.0,14,Dengue,73.35,High
2022,8,2022-08-01,Monsoon,Bhopal City,Arera Colony,23.22,77.43,26.1,262.7,86.9,2.0,0.45,11596.0,10,Malaria,71.43,High
2022,8,2022-08-01,Monsoon,Bhopal City,Arera Colony,23.22,77.43,26.1,262.7,86.9,2.0,0.45,11596.0,13,Chikungunya,72.39,High
2022,8,2022-08-01,Monsoon,Bhopal City,Bairagarh,23.28,77.37,25.0,329.2,82.1,1.2,0.55,5671.0,17,Dengue,74.01,High
2022,8,2022-08-01,Monsoon,Bhopal City,Bairagarh,23.28,77.37,25.0,329.2,82.1,1.2,0.55,5671.0,11,Malaria,72.85,High
2022,8,2022-08-01,Monsoon,Bhopal City,Bairagarh,23.28,77.37,25.0,329.2,82.1,1.2,0.55,5671.0,17,Chikungunya,73.26,High
2022,8,2022-08-01,Monsoon,Bhopal City,Misrod,23.165,77.46,29.4,315.7,85.8,3.0,0.48,5990.0,8,Dengue,65.29,High
2022,8,2022-08-01,Monsoon,Bhopal City,Misrod,23.165,77.46,29.4,315.7,85.8,3.0,0.48,5990.0,5,Malaria,64.25,High
2022,8,2022-08-01,Monsoon,Bhopal City,Misrod,23.165,77.46,29.4,315.7,85.8,3.0,0.48,5990.0,9,Chikungunya,65.34,High
2022,8,2022-08-01,Monsoon,Bhopal City,BHEL Area,23.245,77.465,25.1,380.2,85.7,3.8,0.32,9424.0,11,Dengue,64.27,High
2022,8,2022-08-01,Monsoon,Bhopal City,BHEL Area,23.245,77.465,25.1,380.2,85.7,3.8,0.32,9424.0,3,Malaria,60.78,High
2022,8,2022-08-01,Monsoon,Bhopal City,BHEL Area,23.245,77.465,25.1,380.2,85.7,3.8,0.32,9424.0,7,Chikungunya,63.2,High
2022,8,2022-08-01,Monsoon,Ashta,Ashta Town Center,23.015,76.725,26.1,248.2,82.7,1.0,0.55,6988.0,13,Dengue,74.88,High
2022,8,2022-08-01,Monsoon,Ashta,Ashta Town Center,23.015,76.725,26.1,248.2,82.7,1.0,0.55,6988.0,15,Malaria,75.31,Critical
2022,8,2022-08-01,Monsoon,Ashta,Ashta Town Center,23.015,76.725,26.1,248.2,82.7,1.0,0.55,6988.0,19,Chikungunya,75.52,Critical
2022,8,2022-08-01,Monsoon,Ashta,Ashta Industrial Area,23.02,76.735,24.9,306.4,82.1,2.5,0.3,3602.0,11,Dengue,54.94,High
2022,8,2022-08-01,Monsoon,Ashta,Ashta Industrial Area,23.02,76.735,24.9,306.4,82.1,2.5,0.3,3602.0,6,Malaria,55.22,High
2022,8,2022-08-01,Monsoon,Ashta,Ashta Industrial Area,23.02,76.735,24.9,306.4,82.1,2.5,0.3,3602.0,12,Chikungunya,53.31,High
2022,8,2022-08-01,Monsoon,Ashta,Ashta Rural East,23.01,76.745,27.1,405.8,85.4,0.8,0.68,1035.0,23,Dengue,61.81,High
2022,8,2022-08-01,Monsoon,Ashta,Ashta Rural East,23.01,76.745,27.1,405.8,85.4,0.8,0.68,1035.0,21,Malaria,61.33,High
2022,8,2022-08-01,Monsoon,Ashta,Ashta Rural East,23.01,76.745,27.1,405.8,85.4,0.8,0.68,1035.0,13,Chikungunya,59.76,High
2022,8,2022-08-01,Monsoon,Ashta,Ashta Nadi Belt,23.008,76.715,24.9,398.3,92.1,0.3,0.72,11895.0,19,Dengue,75.09,Critical
2022,8,2022-08-01,Monsoon,Ashta,Ashta Nadi Belt,23.008,76.715,24.9,398.3,92.1,0.3,0.72,11895.0,21,Malaria,77.09,Critical
2022,8,2022-08-01,Monsoon,Ashta,Ashta Nadi Belt,23.008,76.715,24.9,398.3,92.1,0.3,0.72,11895.0,26,Chikungunya,74.79,High
2022,8,2022-08-01,Monsoon,VIT Bhopal University,VIT Main Campus,23.077,76.8512,29.4,245.7,84.8,1.5,0.5,3433.0,8,Dengue,68.75,High
2022,8,2022-08-01,Monsoon,VIT Bhopal University,VIT Main Campus,23.077,76.8512,29.4,245.7,84.8,1.5,0.5,3433.0,14,Malaria,70.64,High
2022,8,2022-08-01,Monsoon,VIT Bhopal University,VIT Main Campus,23.077,76.8512,29.4,245.7,84.8,1.5,0.5,3433.0,11,Chikungunya,68.51,High
2022,8,2022-08-01,Monsoon,VIT Bhopal University,VIT Hostel Area,23.078,76.853,28.2,329.4,88.2,1.8,0.45,3243.0,15,Dengue,69.04,High
2022,8,2022-08-01,Monsoon,VIT Bhopal University,VIT Hostel Area,23.078,76.853,28.2,329.4,88.2,1.8,0.45,3243.0,18,Malaria,69.93,High
2022,8,2022-08-01,Monsoon,VIT Bhopal University,VIT Hostel Area,23.078,76.853,28.2,329.4,88.2,1.8,0.45,3243.0,9,Chikungunya,66.57,High
2022,8,2022-08-01,Monsoon,VIT Bhopal University,VIT Surrounding Village,23.072,76.848,26.5,285.1,88.9,0.6,0.62,4131.0,14,Dengue,75.59,Critical
2022,8,2022-08-01,Monsoon,VIT Bhopal University,VIT Surrounding Village,23.072,76.848,26.5,285.1,88.9,0.6,0.62,4131.0,16,Malaria,76.98,Critical
2022,8,2022-08-01,Monsoon,VIT Bhopal University,VIT Surrounding Village,23.072,76.848,26.5,285.1,88.9,0.6,0.62,4131.0,23,Chikungunya,76.9,Critical
2022,8,2022-08-01,Monsoon,VIT Bhopal University,Kotri-Kalan Area,23.083,76.855,24.9,187.3,95.1,2.0,0.4,11022.0,9,Dengue,67.67,High
2022,8,2022-08-01,Monsoon,VIT Bhopal University,Kotri-Kalan Area,23.083,76.855,24.9,187.3,95.1,2.0,0.4,11022.0,13,Malaria,69.62,High
2022,8,2022-08-01,Monsoon,VIT Bhopal University,Kotri-Kalan Area,23.083,76.855,24.9,187.3,95.1,2.0,0.4,11022.0,8,Chikungunya,64.65,High
2022,9,2022-09-01,Monsoon,Bhopal City,Old Bhopal (Chowk),23.2676,77.412,25.0,182.9,85.2,0.5,0.65,6205.0,17,Dengue,82.26,Critical
2022,9,2022-09-01,Monsoon,Bhopal City,Old Bhopal (Chowk),23.2676,77.412,25.0,182.9,85.2,0.5,0.65,6205.0,24,Malaria,84.54,Critical
2022,9,2022-09-01,Monsoon,Bhopal City,Old Bhopal (Chowk),23.2676,77.412,25.0,182.9,85.2,0.5,0.65,6205.0,17,Chikungunya,80.84,Critical
2022,9,2022-09-01,Monsoon,Bhopal City,New Market,23.235,77.423,23.9,219.8,79.2,2.1,0.35,11794.0,9,Dengue,61.22,High
2022,9,2022-09-01,Monsoon,Bhopal City,New Market,23.235,77.423,23.9,219.8,79.2,2.1,0.35,11794.0,12,Malaria,62.1,High
2022,9,2022-09-01,Monsoon,Bhopal City,New Market,23.235,77.423,23.9,219.8,79.2,2.1,0.35,11794.0,13,Chikungunya,60.28,High
2022,9,2022-09-01,Monsoon,Bhopal City,Kolar Road,23.175,77.445,26.8,178.4,75.8,3.5,0.4,6222.0,11,Dengue,66.6,High
2022,9,2022-09-01,Monsoon,Bhopal City,Kolar Road,23.175,77.445,26.8,178.4,75.8,3.5,0.4,6222.0,14,Malaria,66.43,High
2022,9,2022-09-01,Monsoon,Bhopal City,Kolar Road,23.175,77.445,26.8,178.4,75.8,3.5,0.4,6222.0,9,Chikungunya,65.86,High
2022,9,2022-09-01,Monsoon,Bhopal City,Habibganj,23.23,77.438,27.1,196.2,85.4,1.8,0.38,9005.0,8,Dengue,74.98,High
2022,9,2022-09-01,Monsoon,Bhopal City,Habibganj,23.23,77.438,27.1,196.2,85.4,1.8,0.38,9005.0,12,Malaria,75.41,Critical
2022,9,2022-09-01,Monsoon,Bhopal City,Habibganj,23.23,77.438,27.1,196.2,85.4,1.8,0.38,9005.0,10,Chikungunya,73.99,High
2022,9,2022-09-01,Monsoon,Bhopal City,Shahpura,23.195,77.435,27.1,200.6,73.0,2.5,0.42,6096.0,13,Dengue,66.49,High
2022,9,2022-09-01,Monsoon,Bhopal City,Shahpura,23.195,77.435,27.1,200.6,73.0,2.5,0.42,6096.0,14,Malaria,65.85,High
2022,9,2022-09-01,Monsoon,Bhopal City,Shahpura,23.195,77.435,27.1,200.6,73.0,2.5,0.42,6096.0,15,Chikungunya,66.85,High
2022,9,2022-09-01,Monsoon,Bhopal City,Ayodhya Nagar,23.21,77.455,29.1,159.3,76.3,4.0,0.3,4912.0,6,Dengue,61.6,High
2022,9,2022-09-01,Monsoon,Bhopal City,Ayodhya Nagar,23.21,77.455,29.1,159.3,76.3,4.0,0.3,4912.0,6,Malaria,60.91,High
2022,9,2022-09-01,Monsoon,Bhopal City,Ayodhya Nagar,23.21,77.455,29.1,159.3,76.3,4.0,0.3,4912.0,2,Chikungunya,60.2,High
2022,9,2022-09-01,Monsoon,Bhopal City,Upper Lake Area,23.25,77.39,25.8,123.7,72.3,0.2,0.75,9387.0,21,Dengue,86.56,Critical
2022,9,2022-09-01,Monsoon,Bhopal City,Upper Lake Area,23.25,77.39,25.8,123.7,72.3,0.2,0.75,9387.0,19,Malaria,86.31,Critical
2022,9,2022-09-01,Monsoon,Bhopal City,Upper Lake Area,23.25,77.39,25.8,123.7,72.3,0.2,0.75,9387.0,19,Chikungunya,85.02,Critical
2022,9,2022-09-01,Monsoon,Bhopal City,Lower Lake Area,23.255,77.405,26.4,124.8,79.3,0.3,0.7,6751.0,22,Dengue,84.54,Critical
2022,9,2022-09-01,Monsoon,Bhopal City,Lower Lake Area,23.255,77.405,26.4,124.8,79.3,0.3,0.7,6751.0,18,Malaria,84.37,Critical
2022,9,2022-09-01,Monsoon,Bhopal City,Lower Lake Area,23.255,77.405,26.4,124.8,79.3,0.3,0.7,6751.0,24,Chikungunya,83.97,Critical
2022,9,2022-09-01,Monsoon,Bhopal City,Arera Colony,23.22,77.43,26.3,182.3,76.2,2.0,0.45,4846.0,14,Dengue,72.16,High
2022,9,2022-09-01,Monsoon,Bhopal City,Arera Colony,23.22,77.43,26.3,182.3,76.2,2.0,0.45,4846.0,14,Malaria,72.25,High
2022,9,2022-09-01,Monsoon,Bhopal City,Arera Colony,23.22,77.43,26.3,182.3,76.2,2.0,0.45,4846.0,12,Chikungunya,70.74,High
2022,9,2022-09-01,Monsoon,Bhopal City,Bairagarh,23.28,77.37,30.2,114.3,83.0,1.2,0.55,5861.0,17,Dengue,78.25,Critical
2022,9,2022-09-01,Monsoon,Bhopal City,Bairagarh,23.28,77.37,30.2,114.3,83.0,1.2,0.55,5861.0,13,Malaria,77.88,Critical
2022,9,2022-09-01,Monsoon,Bhopal City,Bairagarh,23.28,77.37,30.2,114.3,83.0,1.2,0.55,5861.0,17,Chikungunya,77.09,Critical
2022,9,2022-09-01,Monsoon,Bhopal City,Misrod,23.165,77.46,26.3,172.1,78.1,3.0,0.48,10228.0,15,Dengue,73.41,High
2022,9,2022-09-01,Monsoon,Bhopal City,Misrod,23.165,77.46,26.3,172.1,78.1,3.0,0.48,10228.0,9,Malaria,70.94,High
2022,9,2022-09-01,Monsoon,Bhopal City,Misrod,23.165,77.46,26.3,172.1,78.1,3.0,0.48,10228.0,13,Chikungunya,72.65,High
2022,9,2022-09-01,Monsoon,Bhopal City,BHEL Area,23.245,77.465,26.6,190.2,78.0,3.8,0.32,5711.0,7,Dengue,63.57,High
2022,9,2022-09-01,Monsoon,Bhopal City,BHEL Area,23.245,77.465,26.6,190.2,78.0,3.8,0.32,5711.0,3,Malaria,62.02,High
2022,9,2022-09-01,Monsoon,Bhopal City,BHEL Area,23.245,77.465,26.6,190.2,78.0,3.8,0.32,5711.0,9,Chikungunya,63.77,High
2022,9,2022-09-01,Monsoon,Ashta,Ashta Town Center,23.015,76.725,27.3,174.7,69.2,1.0,0.55,9005.0,19,Dengue,80.59,Critical
2022,9,2022-09-01,Monsoon,Ashta,Ashta Town Center,23.015,76.725,27.3,174.7,69.2,1.0,0.55,9005.0,14,Malaria,79.11,Critical
2022,9,2022-09-01,Monsoon,Ashta,Ashta Town Center,23.015,76.725,27.3,174.7,69.2,1.0,0.55,9005.0,19,Chikungunya,79.66,Critical
2022,9,2022-09-01,Monsoon,Ashta,Ashta Industrial Area,23.02,76.735,28.0,232.6,78.0,2.5,0.3,2300.0,11,Dengue,62.28,High
2022,9,2022-09-01,Monsoon,Ashta,Ashta Industrial Area,23.02,76.735,28.0,232.6,78.0,2.5,0.3,2300.0,7,Malaria,61.34,High
2022,9,2022-09-01,Monsoon,Ashta,Ashta Industrial Area,23.02,76.735,28.0,232.6,78.0,2.5,0.3,2300.0,10,Chikungunya,61.38,High
2022,9,2022-09-01,Monsoon,Ashta,Ashta Rural East,23.01,76.745,27.4,203.4,77.4,0.8,0.68,1662.0,17,Dengue,73.07,High
2022,9,2022-09-01,Monsoon,Ashta,Ashta Rural East,23.01,76.745,27.4,203.4,77.4,0.8,0.68,1662.0,17,Malaria,74.25,High
2022,9,2022-09-01,Monsoon,Ashta,Ashta Rural East,23.01,76.745,27.4,203.4,77.4,0.8,0.68,1662.0,22,Chikungunya,73.84,High
2022,9,2022-09-01,Monsoon,Ashta,Ashta Nadi Belt,23.008,76.715,24.8,120.8,71.5,0.3,0.72,6278.0,25,Dengue,75.49,Critical
2022,9,2022-09-01,Monsoon,Ashta,Ashta Nadi Belt,23.008,76.715,24.8,120.8,71.5,0.3,0.72,6278.0,20,Malaria,76.58,Critical
2022,9,2022-09-01,Monsoon,Ashta,Ashta Nadi Belt,23.008,76.715,24.8,120.8,71.5,0.3,0.72,6278.0,18,Chikungunya,71.52,High
2022,9,2022-09-01,Monsoon,VIT Bhopal University,VIT Main Campus,23.077,76.8512,20.6,190.2,70.9,1.5,0.5,4511.0,19,Dengue,66.06,High
2022,9,2022-09-01,Monsoon,VIT Bhopal University,VIT Main Campus,23.077,76.8512,20.6,190.2,70.9,1.5,0.5,4511.0,13,Malaria,66.61,High
2022,9,2022-09-01,Monsoon,VIT Bhopal University,VIT Main Campus,23.077,76.8512,20.6,190.2,70.9,1.5,0.5,4511.0,15,Chikungunya,62.98,High
2022,9,2022-09-01,Monsoon,VIT Bhopal University,VIT Hostel Area,23.078,76.853,26.2,186.5,73.2,1.8,0.45,4562.0,15,Dengue,72.59,High
2022,9,2022-09-01,Monsoon,VIT Bhopal University,VIT Hostel Area,23.078,76.853,26.2,186.5,73.2,1.8,0.45,4562.0,14,Malaria,72.52,High
2022,9,2022-09-01,Monsoon,VIT Bhopal University,VIT Hostel Area,23.078,76.853,26.2,186.5,73.2,1.8,0.45,4562.0,12,Chikungunya,70.87,High
2022,9,2022-09-01,Monsoon,VIT Bhopal University,VIT Surrounding Village,23.072,76.848,26.5,172.1,81.7,0.6,0.62,4563.0,13,Dengue,78.98,Critical
2022,9,2022-09-01,Monsoon,VIT Bhopal University,VIT Surrounding Village,23.072,76.848,26.5,172.1,81.7,0.6,0.62,4563.0,17,Malaria,80.98,Critical
2022,9,2022-09-01,Monsoon,VIT Bhopal University,VIT Surrounding Village,23.072,76.848,26.5,172.1,81.7,0.6,0.62,4563.0,18,Chikungunya,78.86,Critical
2022,9,2022-09-01,Monsoon,VIT Bhopal University,Kotri-Kalan Area,23.083,76.855,25.9,165.6,80.5,2.0,0.4,4518.0,10,Dengue,70.87,High
2022,9,2022-09-01,Monsoon,VIT Bhopal University,Kotri-Kalan Area,23.083,76.855,25.9,165.6,80.5,2.0,0.4,4518.0,11,Malaria,71.37,High
2022,9,2022-09-01,Monsoon,VIT Bhopal University,Kotri-Kalan Area,23.083,76.855,25.9,165.6,80.5,2.0,0.4,4518.0,13,Chikungunya,70.5,High
2022,10,2022-10-01,Post-Monsoon,Bhopal City,Old Bhopal (Chowk),23.2676,77.412,23.2,52.0,56.0,0.5,0.65,11917.0,17,Dengue,73.58,High
2022,10,2022-10-01,Post-Monsoon,Bhopal City,Old Bhopal (Chowk),23.2676,77.412,23.2,52.0,56.0,0.5,0.65,11917.0,13,Malaria,73.92,High
2022,10,2022-10-01,Post-Monsoon,Bhopal City,Old Bhopal (Chowk),23.2676,77.412,23.2,52.0,56.0,0.5,0.65,11917.0,10,Chikungunya,69.58,High
2022,10,2022-10-01,Post-Monsoon,Bhopal City,New Market,23.235,77.423,26.2,30.4,60.2,2.1,0.35,5535.0,6,Dengue,55.83,High
2022,10,2022-10-01,Post-Monsoon,Bhopal City,New Market,23.235,77.423,26.2,30.4,60.2,2.1,0.35,5535.0,7,Malaria,54.55,High
2022,10,2022-10-01,Post-Monsoon,Bhopal City,New Market,23.235,77.423,26.2,30.4,60.2,2.1,0.35,5535.0,8,Chikungunya,56.59,High
2022,10,2022-10-01,Post-Monsoon,Bhopal City,Kolar Road,23.175,77.445,24.8,33.8,55.8,3.5,0.4,8845.0,7,Dengue,44.93,Medium
2022,10,2022-10-01,Post-Monsoon,Bhopal City,Kolar Road,23.175,77.445,24.8,33.8,55.8,3.5,0.4,8845.0,8,Malaria,44.0,Medium
2022,10,2022-10-01,Post-Monsoon,Bhopal City,Kolar Road,23.175,77.445,24.8,33.8,55.8,3.5,0.4,8845.0,9,Chikungunya,45.56,Medium
2022,10,2022-10-01,Post-Monsoon,Bhopal City,Habibganj,23.23,77.438,24.6,45.8,62.5,1.8,0.38,4476.0,10,Dengue,48.75,Medium
2022,10,2022-10-01,Post-Monsoon,Bhopal City,Habibganj,23.23,77.438,24.6,45.8,62.5,1.8,0.38,4476.0,8,Malaria,48.75,Medium
2022,10,2022-10-01,Post-Monsoon,Bhopal City,Habibganj,23.23,77.438,24.6,45.8,62.5,1.8,0.38,4476.0,7,Chikungunya,46.9,Medium
2022,10,2022-10-01,Post-Monsoon,Bhopal City,Shahpura,23.195,77.435,23.7,38.1,61.4,2.5,0.42,5732.0,11,Dengue,47.77,Medium
2022,10,2022-10-01,Post-Monsoon,Bhopal City,Shahpura,23.195,77.435,23.7,38.1,61.4,2.5,0.42,5732.0,7,Malaria,46.85,Medium
2022,10,2022-10-01,Post-Monsoon,Bhopal City,Shahpura,23.195,77.435,23.7,38.1,61.4,2.5,0.42,5732.0,6,Chikungunya,45.92,Medium
2022,10,2022-10-01,Post-Monsoon,Bhopal City,Ayodhya Nagar,23.21,77.455,25.8,54.0,47.7,4.0,0.3,8461.0,3,Dengue,60.86,High
2022,10,2022-10-01,Post-Monsoon,Bhopal City,Ayodhya Nagar,23.21,77.455,25.8,54.0,47.7,4.0,0.3,8461.0,7,Malaria,59.8,High
2022,10,2022-10-01,Post-Monsoon,Bhopal City,Ayodhya Nagar,23.21,77.455,25.8,54.0,47.7,4.0,0.3,8461.0,2,Chikungunya,60.75,High
2022,10,2022-10-01,Post-Monsoon,Bhopal City,Upper Lake Area,23.25,77.39,23.7,32.3,59.3,0.2,0.75,4654.0,16,Dengue,59.47,High
2022,10,2022-10-01,Post-Monsoon,Bhopal City,Upper Lake Area,23.25,77.39,23.7,32.3,59.3,0.2,0.75,4654.0,15,Malaria,60.7,High
2022,10,2022-10-01,Post-Monsoon,Bhopal City,Upper Lake Area,23.25,77.39,23.7,32.3,59.3,0.2,0.75,4654.0,16,Chikungunya,58.54,High
2022,10,2022-10-01,Post-Monsoon,Bhopal City,Lower Lake Area,23.255,77.405,26.0,53.4,53.5,0.3,0.7,10112.0,16,Dengue,83.11,Critical
2022,10,2022-10-01,Post-Monsoon,Bhopal City,Lower Lake Area,23.255,77.405,26.0,53.4,53.5,0.3,0.7,10112.0,13,Malaria,82.22,Critical
2022,10,2022-10-01,Post-Monsoon,Bhopal City,Lower Lake Area,23.255,77.405,26.0,53.4,53.5,0.3,0.7,10112.0,13,Chikungunya,81.42,Critical
2022,10,2022-10-01,Post-Monsoon,Bhopal City,Arera Colony,23.22,77.43,27.5,48.0,54.5,2.0,0.45,6773.0,10,Dengue,58.57,High
2022,10,2022-10-01,Post-Monsoon,Bhopal City,Arera Colony,23.22,77.43,27.5,48.0,54.5,2.0,0.45,6773.0,8,Malaria,56.41,High
2022,10,2022-10-01,Post-Monsoon,Bhopal City,Arera Colony,23.22,77.43,27.5,48.0,54.5,2.0,0.45,6773.0,11,Chikungunya,59.46,High
2022,10,2022-10-01,Post-Monsoon,Bhopal City,Bairagarh,23.28,77.37,28.0,47.4,62.3,1.2,0.55,7180.0,13,Dengue,64.27,High
2022,10,2022-10-01,Post-Monsoon,Bhopal City,Bairagarh,23.28,77.37,28.0,47.4,62.3,1.2,0.55,7180.0,16,Malaria,63.58,High
2022,10,2022-10-01,Post-Monsoon,Bhopal City,Bairagarh,23.28,77.37,28.0,47.4,62.3,1.2,0.55,7180.0,13,Chikungunya,64.56,High
2022,10,2022-10-01,Post-Monsoon,Bhopal City,Misrod,23.165,77.46,24.7,51.3,53.4,3.0,0.48,5341.0,7,Dengue,56.49,High
2022,10,2022-10-01,Post-Monsoon,Bhopal City,Misrod,23.165,77.46,24.7,51.3,53.4,3.0,0.48,5341.0,7,Malaria,57.57,High
2022,10,2022-10-01,Post-Monsoon,Bhopal City,Misrod,23.165,77.46,24.7,51.3,53.4,3.0,0.48,5341.0,12,Chikungunya,56.66,High
2022,10,2022-10-01,Post-Monsoon,Bhopal City,BHEL Area,23.245,77.465,24.3,31.9,54.5,3.8,0.32,6618.0,4,Dengue,40.43,Medium
2022,10,2022-10-01,Post-Monsoon,Bhopal City,BHEL Area,23.245,77.465,24.3,31.9,54.5,3.8,0.32,6618.0,6,Malaria,39.95,Medium
2022,10,2022-10-01,Post-Monsoon,Bhopal City,BHEL Area,23.245,77.465,24.3,31.9,54.5,3.8,0.32,6618.0,5,Chikungunya,40.7,Medium
2022,10,2022-10-01,Post-Monsoon,Ashta,Ashta Town Center,23.015,76.725,24.6,43.5,59.1,1.0,0.55,5405.0,10,Dengue,53.73,High
2022,10,2022-10-01,Post-Monsoon,Ashta,Ashta Town Center,23.015,76.725,24.6,43.5,59.1,1.0,0.55,5405.0,10,Malaria,54.53,High
2022,10,2022-10-01,Post-Monsoon,Ashta,Ashta Town Center,23.015,76.725,24.6,43.5,59.1,1.0,0.55,5405.0,13,Chikungunya,53.49,High
2022,10,2022-10-01,Post-Monsoon,Ashta,Ashta Industrial Area,23.02,76.735,24.5,30.1,67.3,2.5,0.3,3227.0,10,Dengue,44.91,Medium
2022,10,2022-10-01,Post-Monsoon,Ashta,Ashta Industrial Area,23.02,76.735,24.5,30.1,67.3,2.5,0.3,3227.0,8,Malaria,44.81,Medium
2022,10,2022-10-01,Post-Monsoon,Ashta,Ashta Industrial Area,23.02,76.735,24.5,30.1,67.3,2.5,0.3,3227.0,7,Chikungunya,43.22,Medium
2022,10,2022-10-01,Post-Monsoon,Ashta,Ashta Rural East,23.01,76.745,25.1,40.6,68.0,0.8,0.68,1846.0,12,Dengue,63.08,High
2022,10,2022-10-01,Post-Monsoon,Ashta,Ashta Rural East,23.01,76.745,25.1,40.6,68.0,0.8,0.68,1846.0,17,Malaria,64.43,High
2022,10,2022-10-01,Post-Monsoon,Ashta,Ashta Rural East,23.01,76.745,25.1,40.6,68.0,0.8,0.68,1846.0,14,Chikungunya,63.8,High
2022,10,2022-10-01,Post-Monsoon,Ashta,Ashta Nadi Belt,23.008,76.715,24.7,43.6,60.2,0.3,0.72,5897.0,15,Dengue,59.65,High
2022,10,2022-10-01,Post-Monsoon,Ashta,Ashta Nadi Belt,23.008,76.715,24.7,43.6,60.2,0.3,0.72,5897.0,10,Malaria,59.8,High
2022,10,2022-10-01,Post-Monsoon,Ashta,Ashta Nadi Belt,23.008,76.715,24.7,43.6,60.2,0.3,0.72,5897.0,16,Chikungunya,58.95,High
2022,10,2022-10-01,Post-Monsoon,VIT Bhopal University,VIT Main Campus,23.077,76.8512,23.7,37.8,52.7,1.5,0.5,3747.0,12,Dengue,49.95,Medium
2022,10,2022-10-01,Post-Monsoon,VIT Bhopal University,VIT Main Campus,23.077,76.8512,23.7,37.8,52.7,1.5,0.5,3747.0,11,Malaria,50.38,High
2022,10,2022-10-01,Post-Monsoon,VIT Bhopal University,VIT Main Campus,23.077,76.8512,23.7,37.8,52.7,1.5,0.5,3747.0,11,Chikungunya,49.0,Medium
2022,10,2022-10-01,Post-Monsoon,VIT Bhopal University,VIT Hostel Area,23.078,76.853,24.3,27.7,58.5,1.8,0.45,3822.0,11,Dengue,48.76,Medium
2022,10,2022-10-01,Post-Monsoon,VIT Bhopal University,VIT Hostel Area,23.078,76.853,24.3,27.7,58.5,1.8,0.45,3822.0,10,Malaria,49.11,Medium
2022,10,2022-10-01,Post-Monsoon,VIT Bhopal University,VIT Hostel Area,23.078,76.853,24.3,27.7,58.5,1.8,0.45,3822.0,10,Chikungunya,47.73,Medium
2022,10,2022-10-01,Post-Monsoon,VIT Bhopal University,VIT Surrounding Village,23.072,76.848,27.7,47.3,61.2,0.6,0.62,3742.0,14,Dengue,64.51,High
2022,10,2022-10-01,Post-Monsoon,VIT Bhopal University,VIT Surrounding Village,23.072,76.848,27.7,47.3,61.2,0.6,0.62,3742.0,13,Malaria,64.03,High
2022,10,2022-10-01,Post-Monsoon,VIT Bhopal University,VIT Surrounding Village,23.072,76.848,27.7,47.3,61.2,0.6,0.62,3742.0,16,Chikungunya,65.21,High
2022,10,2022-10-01,Post-Monsoon,VIT Bhopal University,Kotri-Kalan Area,23.083,76.855,25.5,39.9,53.1,2.0,0.4,10992.0,7,Dengue,59.79,High
2022,10,2022-10-01,Post-Monsoon,VIT Bhopal University,Kotri-Kalan Area,23.083,76.855,25.5,39.9,53.1,2.0,0.4,10992.0,8,Malaria,57.57,High
2022,10,2022-10-01,Post-Monsoon,VIT Bhopal University,Kotri-Kalan Area,23.083,76.855,25.5,39.9,53.1,2.0,0.4,10992.0,16,Chikungunya,62.73,High
2022,11,2022-11-01,Post-Monsoon,Bhopal City,Old Bhopal (Chowk),23.2676,77.412,21.0,14.9,57.6,0.5,0.65,4448.0,16,Dengue,57.06,High
2022,11,2022-11-01,Post-Monsoon,Bhopal City,Old Bhopal (Chowk),23.2676,77.412,21.0,14.9,57.6,0.5,0.65,4448.0,19,Malaria,58.78,High
2022,11,2022-11-01,Post-Monsoon,Bhopal City,Old Bhopal (Chowk),23.2676,77.412,21.0,14.9,57.6,0.5,0.65,4448.0,13,Chikungunya,55.3,High
2022,11,2022-11-01,Post-Monsoon,Bhopal City,New Market,23.235,77.423,18.7,10.0,54.5,2.1,0.35,6480.0,8,Dengue,38.89,Medium
2022,11,2022-11-01,Post-Monsoon,Bhopal City,New Market,23.235,77.423,18.7,10.0,54.5,2.1,0.35,6480.0,9,Malaria,40.42,Medium
2022,11,2022-11-01,Post-Monsoon,Bhopal City,New Market,23.235,77.423,18.7,10.0,54.5,2.1,0.35,6480.0,10,Chikungunya,37.44,Medium
2022,11,2022-11-01,Post-Monsoon,Bhopal City,Kolar Road,23.175,77.445,20.4,8.4,53.8,3.5,0.4,5901.0,9,Dengue,37.86,Medium
2022,11,2022-11-01,Post-Monsoon,Bhopal City,Kolar Road,23.175,77.445,20.4,8.4,53.8,3.5,0.4,5901.0,4,Malaria,35.7,Medium
2022,11,2022-11-01,Post-Monsoon,Bhopal City,Kolar Road,23.175,77.445,20.4,8.4,53.8,3.5,0.4,5901.0,6,Chikungunya,37.71,Medium
2022,11,2022-11-01,Post-Monsoon,Bhopal City,Habibganj,23.23,77.438,23.1,11.5,53.1,1.8,0.38,11265.0,7,Dengue,51.51,High
2022,11,2022-11-01,Post-Monsoon,Bhopal City,Habibganj,23.23,77.438,23.1,11.5,53.1,1.8,0.38,11265.0,7,Malaria,50.73,High
2022,11,2022-11-01,Post-Monsoon,Bhopal City,Habibganj,23.23,77.438,23.1,11.5,53.1,1.8,0.38,11265.0,9,Chikungunya,51.13,High
2022,11,2022-11-01,Post-Monsoon,Bhopal City,Shahpura,23.195,77.435,21.9,11.6,53.8,2.5,0.42,6932.0,7,Dengue,47.01,Medium
2022,11,2022-11-01,Post-Monsoon,Bhopal City,Shahpura,23.195,77.435,21.9,11.6,53.8,2.5,0.42,6932.0,7,Malaria,46.66,Medium
2022,11,2022-11-01,Post-Monsoon,Bhopal City,Shahpura,23.195,77.435,21.9,11.6,53.8,2.5,0.42,6932.0,9,Chikungunya,47.11,Medium
2022,11,2022-11-01,Post-Monsoon,Bhopal City,Ayodhya Nagar,23.21,77.455,21.6,16.7,54.7,4.0,0.3,9915.0,5,Dengue,42.4,Medium
2022,11,2022-11-01,Post-Monsoon,Bhopal City,Ayodhya Nagar,23.21,77.455,21.6,16.7,54.7,4.0,0.3,9915.0,8,Malaria,41.31,Medium
2022,11,2022-11-01,Post-Monsoon,Bhopal City,Ayodhya Nagar,23.21,77.455,21.6,16.7,54.7,4.0,0.3,9915.0,1,Chikungunya,41.39,Medium
2022,11,2022-11-01,Post-Monsoon,Bhopal City,Upper Lake Area,23.25,77.39,20.2,10.8,45.7,0.2,0.75,6881.0,13,Dengue,59.18,High
2022,11,2022-11-01,Post-Monsoon,Bhopal City,Upper Lake Area,23.25,77.39,20.2,10.8,45.7,0.2,0.75,6881.0,21,Malaria,61.62,High
2022,11,2022-11-01,Post-Monsoon,Bhopal City,Upper Lake Area,23.25,77.39,20.2,10.8,45.7,0.2,0.75,6881.0,16,Chikungunya,59.24,High
2022,11,2022-11-01,Post-Monsoon,Bhopal City,Lower Lake Area,23.255,77.405,19.4,10.6,54.1,0.3,0.7,10372.0,18,Dengue,54.05,High
2022,11,2022-11-01,Post-Monsoon,Bhopal City,Lower Lake Area,23.255,77.405,19.4,10.6,54.1,0.3,0.7,10372.0,19,Malaria,55.89,High
2022,11,2022-11-01,Post-Monsoon,Bhopal City,Lower Lake Area,23.255,77.405,19.4,10.6,54.1,0.3,0.7,10372.0,12,Chikungunya,50.38,High
2022,11,2022-11-01,Post-Monsoon,Bhopal City,Arera Colony,23.22,77.43,21.3,11.8,45.9,2.0,0.45,5541.0,8,Dengue,47.44,Medium
2022,11,2022-11-01,Post-Monsoon,Bhopal City,Arera Colony,23.22,77.43,21.3,11.8,45.9,2.0,0.45,5541.0,9,Malaria,47.63,Medium
2022,11,2022-11-01,Post-Monsoon,Bhopal City,Arera Colony,23.22,77.43,21.3,11.8,45.9,2.0,0.45,5541.0,9,Chikungunya,47.22,Medium
2022,11,2022-11-01,Post-Monsoon,Bhopal City,Bairagarh,23.28,77.37,23.4,13.5,46.6,1.2,0.55,9701.0,13,Dengue,55.92,High
2022,11,2022-11-01,Post-Monsoon,Bhopal City,Bairagarh,23.28,77.37,23.4,13.5,46.6,1.2,0.55,9701.0,11,Malaria,55.02,High
2022,11,2022-11-01,Post-Monsoon,Bhopal City,Bairagarh,23.28,77.37,23.4,13.5,46.6,1.2,0.55,9701.0,11,Chikungunya,54.77,High
2022,11,2022-11-01,Post-Monsoon,Bhopal City,Misrod,23.165,77.46,21.1,10.2,51.2,3.0,0.48,9627.0,8,Dengue,47.94,Medium
2022,11,2022-11-01,Post-Monsoon,Bhopal City,Misrod,23.165,77.46,21.1,10.2,51.2,3.0,0.48,9627.0,7,Malaria,46.68,Medium
2022,11,2022-11-01,Post-Monsoon,Bhopal City,Misrod,23.165,77.46,21.1,10.2,51.2,3.0,0.48,9627.0,8,Chikungunya,48.0,Medium
2022,11,2022-11-01,Post-Monsoon,Bhopal City,BHEL Area,23.245,77.465,19.1,12.2,50.2,3.8,0.32,8886.0,5,Dengue,33.25,Medium
2022,11,2022-11-01,Post-Monsoon,Bhopal City,BHEL Area,23.245,77.465,19.1,12.2,50.2,3.8,0.32,8886.0,2,Malaria,32.8,Medium
2022,11,2022-11-01,Post-Monsoon,Bhopal City,BHEL Area,23.245,77.465,19.1,12.2,50.2,3.8,0.32,8886.0,4,Chikungunya,31.89,Medium
2022,11,2022-11-01,Post-Monsoon,Ashta,Ashta Town Center,23.015,76.725,20.7,11.6,61.7,1.0,0.55,8348.0,10,Dengue,56.35,High
2022,11,2022-11-01,Post-Monsoon,Ashta,Ashta Town Center,23.015,76.725,20.7,11.6,61.7,1.0,0.55,8348.0,13,Malaria,57.22,High
2022,11,2022-11-01,Post-Monsoon,Ashta,Ashta Town Center,23.015,76.725,20.7,11.6,61.7,1.0,0.55,8348.0,14,Chikungunya,56.34,High
2022,11,2022-11-01,Post-Monsoon,Ashta,Ashta Industrial Area,23.02,76.735,22.4,9.8,49.7,2.5,0.3,2092.0,6,Dengue,36.28,Medium
2022,11,2022-11-01,Post-Monsoon,Ashta,Ashta Industrial Area,23.02,76.735,22.4,9.8,49.7,2.5,0.3,2092.0,12,Malaria,37.32,Medium
2022,11,2022-11-01,Post-Monsoon,Ashta,Ashta Industrial Area,23.02,76.735,22.4,9.8,49.7,2.5,0.3,2092.0,6,Chikungunya,36.13,Medium
2022,11,2022-11-01,Post-Monsoon,Ashta,Ashta Rural East,23.01,76.745,22.7,12.5,50.0,0.8,0.68,1018.0,9,Dengue,51.1,High
2022,11,2022-11-01,Post-Monsoon,Ashta,Ashta Rural East,23.01,76.745,22.7,12.5,50.0,0.8,0.68,1018.0,18,Malaria,54.77,High
2022,11,2022-11-01,Post-Monsoon,Ashta,Ashta Rural East,23.01,76.745,22.7,12.5,50.0,0.8,0.68,1018.0,12,Chikungunya,51.14,High
2022,11,2022-11-01,Post-Monsoon,Ashta,Ashta Nadi Belt,23.008,76.715,21.3,14.3,52.3,0.3,0.72,6883.0,17,Dengue,60.14,High
2022,11,2022-11-01,Post-Monsoon,Ashta,Ashta Nadi Belt,23.008,76.715,21.3,14.3,52.3,0.3,0.72,6883.0,13,Malaria,60.05,High
2022,11,2022-11-01,Post-Monsoon,Ashta,Ashta Nadi Belt,23.008,76.715,21.3,14.3,52.3,0.3,0.72,6883.0,17,Chikungunya,59.39,High
2022,11,2022-11-01,Post-Monsoon,VIT Bhopal University,VIT Main Campus,23.077,76.8512,22.6,14.3,44.1,1.5,0.5,3340.0,12,Dengue,48.76,Medium
2022,11,2022-11-01,Post-Monsoon,VIT Bhopal University,VIT Main Campus,23.077,76.8512,22.6,14.3,44.1,1.5,0.5,3340.0,9,Malaria,48.7,Medium
2022,11,2022-11-01,Post-Monsoon,VIT Bhopal University,VIT Main Campus,23.077,76.8512,22.6,14.3,44.1,1.5,0.5,3340.0,9,Chikungunya,47.42,Medium
2022,11,2022-11-01,Post-Monsoon,VIT Bhopal University,VIT Hostel Area,23.078,76.853,22.9,10.0,55.8,1.8,0.45,4336.0,9,Dengue,48.43,Medium
2022,11,2022-11-01,Post-Monsoon,VIT Bhopal University,VIT Hostel Area,23.078,76.853,22.9,10.0,55.8,1.8,0.45,4336.0,11,Malaria,49.3,Medium
2022,11,2022-11-01,Post-Monsoon,VIT Bhopal University,VIT Hostel Area,23.078,76.853,22.9,10.0,55.8,1.8,0.45,4336.0,13,Chikungunya,48.77,Medium
2022,11,2022-11-01,Post-Monsoon,VIT Bhopal University,VIT Surrounding Village,23.072,76.848,21.3,10.5,51.7,0.6,0.62,4914.0,13,Dengue,55.46,High
2022,11,2022-11-01,Post-Monsoon,VIT Bhopal University,VIT Surrounding Village,23.072,76.848,21.3,10.5,51.7,0.6,0.62,4914.0,9,Malaria,55.59,High
2022,11,2022-11-01,Post-Monsoon,VIT Bhopal University,VIT Surrounding Village,23.072,76.848,21.3,10.5,51.7,0.6,0.62,4914.0,13,Chikungunya,54.54,High
2022,11,2022-11-01,Post-Monsoon,VIT Bhopal University,Kotri-Kalan Area,23.083,76.855,18.7,8.4,50.4,2.0,0.4,8291.0,13,Dengue,37.0,Medium
2022,11,2022-11-01,Post-Monsoon,VIT Bhopal University,Kotri-Kalan Area,23.083,76.855,18.7,8.4,50.4,2.0,0.4,8291.0,9,Malaria,36.53,Medium
2022,11,2022-11-01,Post-Monsoon,VIT Bhopal University,Kotri-Kalan Area,23.083,76.855,18.7,8.4,50.4,2.0,0.4,8291.0,7,Chikungunya,34.13,Medium
2022,12,2022-12-01,Winter,Bhopal City,Old Bhopal (Chowk),23.2676,77.412,18.5,7.9,61.2,0.5,0.65,6712.0,12,Dengue,44.47,Medium
2022,12,2022-12-01,Winter,Bhopal City,Old Bhopal (Chowk),23.2676,77.412,18.5,7.9,61.2,0.5,0.65,6712.0,11,Malaria,46.27,Medium
2022,12,2022-12-01,Winter,Bhopal City,Old Bhopal (Chowk),23.2676,77.412,18.5,7.9,61.2,0.5,0.65,6712.0,11,Chikungunya,42.34,Medium
2022,12,2022-12-01,Winter,Bhopal City,New Market,23.235,77.423,18.0,9.8,52.2,2.1,0.35,7333.0,7,Dengue,34.1,Medium
2022,12,2022-12-01,Winter,Bhopal City,New Market,23.235,77.423,18.0,9.8,52.2,2.1,0.35,7333.0,6,Malaria,34.56,Medium
2022,12,2022-12-01,Winter,Bhopal City,New Market,23.235,77.423,18.0,9.8,52.2,2.1,0.35,7333.0,6,Chikungunya,32.32,Medium
2022,12,2022-12-01,Winter,Bhopal City,Kolar Road,23.175,77.445,18.6,6.1,42.9,3.5,0.4,8320.0,3,Dengue,28.47,Medium
2022,12,2022-12-01,Winter,Bhopal City,Kolar Road,23.175,77.445,18.6,6.1,42.9,3.5,0.4,8320.0,4,Malaria,28.64,Medium
2022,12,2022-12-01,Winter,Bhopal City,Kolar Road,23.175,77.445,18.6,6.1,42.9,3.5,0.4,8320.0,4,Chikungunya,28.21,Medium
2022,12,2022-12-01,Winter,Bhopal City,Habibganj,23.23,77.438,19.8,8.6,56.5,1.8,0.38,4163.0,7,Dengue,33.38,Medium
2022,12,2022-12-01,Winter,Bhopal City,Habibganj,23.23,77.438,19.8,8.6,56.5,1.8,0.38,4163.0,8,Malaria,35.14,Medium
2022,12,2022-12-01,Winter,Bhopal City,Habibganj,23.23,77.438,19.8,8.6,56.5,1.8,0.38,4163.0,6,Chikungunya,31.39,Medium
2022,12,2022-12-01,Winter,Bhopal City,Shahpura,23.195,77.435,14.7,6.0,44.6,2.5,0.42,8969.0,5,Dengue,33.44,Medium
2022,12,2022-12-01,Winter,Bhopal City,Shahpura,23.195,77.435,14.7,6.0,44.6,2.5,0.42,8969.0,8,Malaria,34.28,Medium
2022,12,2022-12-01,Winter,Bhopal City,Shahpura,23.195,77.435,14.7,6.0,44.6,2.5,0.42,8969.0,5,Chikungunya,32.39,Medium
2022,12,2022-12-01,Winter,Bhopal City,Ayodhya Nagar,23.21,77.455,15.4,8.1,51.2,4.0,0.3,7663.0,4,Dengue,26.21,Medium
2022,12,2022-12-01,Winter,Bhopal City,Ayodhya Nagar,23.21,77.455,15.4,8.1,51.2,4.0,0.3,7663.0,2,Malaria,25.65,Medium
2022,12,2022-12-01,Winter,Bhopal City,Ayodhya Nagar,23.21,77.455,15.4,8.1,51.2,4.0,0.3,7663.0,1,Chikungunya,24.81,Low
2022,12,2022-12-01,Winter,Bhopal City,Upper Lake Area,23.25,77.39,16.3,10.6,42.8,0.2,0.75,8859.0,11,Dengue,51.18,High
2022,12,2022-12-01,Winter,Bhopal City,Upper Lake Area,23.25,77.39,16.3,10.6,42.8,0.2,0.75,8859.0,9,Malaria,52.85,High
2022,12,2022-12-01,Winter,Bhopal City,Upper Lake Area,23.25,77.39,16.3,10.6,42.8,0.2,0.75,8859.0,10,Chikungunya,48.91,Medium
2022,12,2022-12-01,Winter,Bhopal City,Lower Lake Area,23.255,77.405,16.2,8.3,45.6,0.3,0.7,7849.0,9,Dengue,44.31,Medium
2022,12,2022-12-01,Winter,Bhopal City,Lower Lake Area,23.255,77.405,16.2,8.3,45.6,0.3,0.7,7849.0,9,Malaria,46.08,Medium
2022,12,2022-12-01,Winter,Bhopal City,Lower Lake Area,23.255,77.405,16.2,8.3,45.6,0.3,0.7,7849.0,12,Chikungunya,43.48,Medium
2022,12,2022-12-01,Winter,Bhopal City,Arera Colony,23.22,77.43,15.7,6.0,56.1,2.0,0.45,5473.0,7,Dengue,34.37,Medium
2022,12,2022-12-01,Winter,Bhopal City,Arera Colony,23.22,77.43,15.7,6.0,56.1,2.0,0.45,5473.0,6,Malaria,35.52,Medium
2022,12,2022-12-01,Winter,Bhopal City,Arera Colony,23.22,77.43,15.7,6.0,56.1,2.0,0.45,5473.0,6,Chikungunya,32.65,Medium
2022,12,2022-12-01,Winter,Bhopal City,Bairagarh,23.28,77.37,17.5,6.7,51.6,1.2,0.55,11678.0,10,Dengue,42.14,Medium
2022,12,2022-12-01,Winter,Bhopal City,Bairagarh,23.28,77.37,17.5,6.7,51.6,1.2,0.55,11678.0,11,Malaria,43.09,Medium
2022,12,2022-12-01,Winter,Bhopal City,Bairagarh,23.28,77.37,17.5,6.7,51.6,1.2,0.55,11678.0,9,Chikungunya,40.35,Medium
2022,12,2022-12-01,Winter,Bhopal City,Misrod,23.165,77.46,17.3,5.0,54.3,3.0,0.48,6680.0,7,Dengue,31.86,Medium
2022,12,2022-12-01,Winter,Bhopal City,Misrod,23.165,77.46,17.3,5.0,54.3,3.0,0.48,6680.0,7,Malaria,32.59,Medium
2022,12,2022-12-01,Winter,Bhopal City,Misrod,23.165,77.46,17.3,5.0,54.3,3.0,0.48,6680.0,6,Chikungunya,30.83,Medium
2022,12,2022-12-01,Winter,Bhopal City,BHEL Area,23.245,77.465,16.8,7.3,54.2,3.8,0.32,10276.0,4,Dengue,29.3,Medium
2022,12,2022-12-01,Winter,Bhopal City,BHEL Area,23.245,77.465,16.8,7.3,54.2,3.8,0.32,10276.0,3,Malaria,28.65,Medium
2022,12,2022-12-01,Winter,Bhopal City,BHEL Area,23.245,77.465,16.8,7.3,54.2,3.8,0.32,10276.0,2,Chikungunya,28.04,Medium
2022,12,2022-12-01,Winter,Ashta,Ashta Town Center,23.015,76.725,16.3,6.2,55.8,1.0,0.55,8649.0,10,Dengue,42.2,Medium
2022,12,2022-12-01,Winter,Ashta,Ashta Town Center,23.015,76.725,16.3,6.2,55.8,1.0,0.55,8649.0,9,Malaria,43.19,Medium
2022,12,2022-12-01,Winter,Ashta,Ashta Town Center,23.015,76.725,16.3,6.2,55.8,1.0,0.55,8649.0,9,Chikungunya,40.2,Medium
2022,12,2022-12-01,Winter,Ashta,Ashta Industrial Area,23.02,76.735,18.8,7.4,41.7,2.5,0.3,2054.0,5,Dengue,26.42,Medium
2022,12,2022-12-01,Winter,Ashta,Ashta Industrial Area,23.02,76.735,18.8,7.4,41.7,2.5,0.3,2054.0,6,Malaria,27.94,Medium
2022,12,2022-12-01,Winter,Ashta,Ashta Industrial Area,23.02,76.735,18.8,7.4,41.7,2.5,0.3,2054.0,7,Chikungunya,25.74,Medium
2022,12,2022-12-01,Winter,Ashta,Ashta Rural East,23.01,76.745,15.8,8.4,61.8,0.8,0.68,856.0,10,Dengue,38.59,Medium
2022,12,2022-12-01,Winter,Ashta,Ashta Rural East,23.01,76.745,15.8,8.4,61.8,0.8,0.68,856.0,9,Malaria,41.59,Medium
2022,12,2022-12-01,Winter,Ashta,Ashta Rural East,23.01,76.745,15.8,8.4,61.8,0.8,0.68,856.0,11,Chikungunya,37.17,Medium
2022,12,2022-12-01,Winter,Ashta,Ashta Nadi Belt,23.008,76.715,17.5,10.3,47.6,0.3,0.72,5808.0,10,Dengue,48.32,Medium
2022,12,2022-12-01,Winter,Ashta,Ashta Nadi Belt,23.008,76.715,17.5,10.3,47.6,0.3,0.72,5808.0,9,Malaria,50.83,High
2022,12,2022-12-01,Winter,Ashta,Ashta Nadi Belt,23.008,76.715,17.5,10.3,47.6,0.3,0.72,5808.0,10,Chikungunya,46.19,Medium
2022,12,2022-12-01,Winter,VIT Bhopal University,VIT Main Campus,23.077,76.8512,19.1,8.4,56.7,1.5,0.5,3990.0,10,Dengue,36.27,Medium
2022,12,2022-12-01,Winter,VIT Bhopal University,VIT Main Campus,23.077,76.8512,19.1,8.4,56.7,1.5,0.5,3990.0,10,Malaria,38.1,Medium
2022,12,2022-12-01,Winter,VIT Bhopal University,VIT Main Campus,23.077,76.8512,19.1,8.4,56.7,1.5,0.5,3990.0,8,Chikungunya,34.17,Medium
2022,12,2022-12-01,Winter,VIT Bhopal University,VIT Hostel Area,23.078,76.853,14.4,7.2,50.2,1.8,0.45,4715.0,9,Dengue,34.37,Medium
2022,12,2022-12-01,Winter,VIT Bhopal University,VIT Hostel Area,23.078,76.853,14.4,7.2,50.2,1.8,0.45,4715.0,7,Malaria,35.35,Medium
2022,12,2022-12-01,Winter,VIT Bhopal University,VIT Hostel Area,23.078,76.853,14.4,7.2,50.2,1.8,0.45,4715.0,8,Chikungunya,32.73,Medium
2022,12,2022-12-01,Winter,VIT Bhopal University,VIT Surrounding Village,23.072,76.848,16.4,5.0,48.6,0.6,0.62,4600.0,10,Dengue,40.38,Medium
2022,12,2022-12-01,Winter,VIT Bhopal University,VIT Surrounding Village,23.072,76.848,16.4,5.0,48.6,0.6,0.62,4600.0,9,Malaria,42.33,Medium
2022,12,2022-12-01,Winter,VIT Bhopal University,VIT Surrounding Village,23.072,76.848,16.4,5.0,48.6,0.6,0.62,4600.0,10,Chikungunya,38.7,Medium
2022,12,2022-12-01,Winter,VIT Bhopal University,Kotri-Kalan Area,23.083,76.855,14.9,10.2,62.7,2.0,0.4,10875.0,6,Dengue,42.91,Medium
2022,12,2022-12-01,Winter,VIT Bhopal University,Kotri-Kalan Area,23.083,76.855,14.9,10.2,62.7,2.0,0.4,10875.0,7,Malaria,44.13,Medium
2022,12,2022-12-01,Winter,VIT Bhopal University,Kotri-Kalan Area,23.083,76.855,14.9,10.2,62.7,2.0,0.4,10875.0,7,Chikungunya,40.98,Medium
2023,1,2023-01-01,Winter,Bhopal City,Old Bhopal (Chowk),23.2676,77.412,15.9,15.1,57.9,0.5,0.65,4727.0,10,Dengue,47.08,Medium
2023,1,2023-01-01,Winter,Bhopal City,Old Bhopal (Chowk),23.2676,77.412,15.9,15.1,57.9,0.5,0.65,4727.0,11,Malaria,50.19,High
2023,1,2023-01-01,Winter,Bhopal City,Old Bhopal (Chowk),23.2676,77.412,15.9,15.1,57.9,0.5,0.65,4727.0,11,Chikungunya,45.0,Medium
2023,1,2023-01-01,Winter,Bhopal City,New Market,23.235,77.423,15.4,13.5,54.7,2.1,0.35,10804.0,5,Dengue,41.01,Medium
2023,1,2023-01-01,Winter,Bhopal City,New Market,23.235,77.423,15.4,13.5,54.7,2.1,0.35,10804.0,5,Malaria,41.76,Medium
2023,1,2023-01-01,Winter,Bhopal City,New Market,23.235,77.423,15.4,13.5,54.7,2.1,0.35,10804.0,7,Chikungunya,39.44,Medium
2023,1,2023-01-01,Winter,Bhopal City,Kolar Road,23.175,77.445,15.5,14.5,57.5,3.5,0.4,9377.0,3,Dengue,35.77,Medium
2023,1,2023-01-01,Winter,Bhopal City,Kolar Road,23.175,77.445,15.5,14.5,57.5,3.5,0.4,9377.0,3,Malaria,36.33,Medium
2023,1,2023-01-01,Winter,Bhopal City,Kolar Road,23.175,77.445,15.5,14.5,57.5,3.5,0.4,9377.0,3,Chikungunya,34.44,Medium
2023,1,2023-01-01,Winter,Bhopal City,Habibganj,23.23,77.438,16.5,10.2,60.0,1.8,0.38,4171.0,7,Dengue,38.74,Medium
2023,1,2023-01-01,Winter,Bhopal City,Habibganj,23.23,77.438,16.5,10.2,60.0,1.8,0.38,4171.0,6,Malaria,40.66,Medium
2023,1,2023-01-01,Winter,Bhopal City,Habibganj,23.23,77.438,16.5,10.2,60.0,1.8,0.38,4171.0,6,Chikungunya,36.18,Medium
2023,1,2023-01-01,Winter,Bhopal City,Shahpura,23.195,77.435,15.8,8.5,43.5,2.5,0.42,8440.0,5,Dengue,32.91,Medium
2023,1,2023-01-01,Winter,Bhopal City,Shahpura,23.195,77.435,15.8,8.5,43.5,2.5,0.42,8440.0,5,Malaria,33.23,Medium
2023,1,2023-01-01,Winter,Bhopal City,Shahpura,23.195,77.435,15.8,8.5,43.5,2.5,0.42,8440.0,6,Chikungunya,32.16,Medium
2023,1,2023-01-01,Winter,Bhopal City,Ayodhya Nagar,23.21,77.455,14.8,11.7,47.9,4.0,0.3,7933.0,1,Dengue,30.38,Medium
2023,1,2023-01-01,Winter,Bhopal City,Ayodhya Nagar,23.21,77.455,14.8,11.7,47.9,4.0,0.3,7933.0,1,Malaria,30.71,Medium
2023,1,2023-01-01,Winter,Bhopal City,Ayodhya Nagar,23.21,77.455,14.8,11.7,47.9,4.0,0.3,7933.0,2,Chikungunya,29.54,Medium
2023,1,2023-01-01,Winter,Bhopal City,Upper Lake Area,23.25,77.39,15.9,8.5,59.9,0.2,0.75,6609.0,10,Dengue,45.85,Medium
2023,1,2023-01-01,Winter,Bhopal City,Upper Lake Area,23.25,77.39,15.9,8.5,59.9,0.2,0.75,6609.0,10,Malaria,48.25,Medium
2023,1,2023-01-01,Winter,Bhopal City,Upper Lake Area,23.25,77.39,15.9,8.5,59.9,0.2,0.75,6609.0,10,Chikungunya,43.98,Medium
2023,1,2023-01-01,Winter,Bhopal City,Lower Lake Area,23.255,77.405,16.7,12.0,52.4,0.3,0.7,6386.0,12,Dengue,49.55,Medium
2023,1,2023-01-01,Winter,Bhopal City,Lower Lake Area,23.255,77.405,16.7,12.0,52.4,0.3,0.7,6386.0,10,Malaria,51.72,High
2023,1,2023-01-01,Winter,Bhopal City,Lower Lake Area,23.255,77.405,16.7,12.0,52.4,0.3,0.7,6386.0,12,Chikungunya,47.36,Medium
2023,1,2023-01-01,Winter,Bhopal City,Arera Colony,23.22,77.43,17.1,9.8,59.7,2.0,0.45,10015.0,8,Dengue,38.59,Medium
2023,1,2023-01-01,Winter,Bhopal City,Arera Colony,23.22,77.43,17.1,9.8,59.7,2.0,0.45,10015.0,7,Malaria,38.86,Medium
2023,1,2023-01-01,Winter,Bhopal City,Arera Colony,23.22,77.43,17.1,9.8,59.7,2.0,0.45,10015.0,8,Chikungunya,37.11,Medium
2023,1,2023-01-01,Winter,Bhopal City,Bairagarh,23.28,77.37,17.2,15.6,58.8,1.2,0.55,9142.0,9,Dengue,46.94,Medium
2023,1,2023-01-01,Winter,Bhopal City,Bairagarh,23.28,77.37,17.2,15.6,58.8,1.2,0.55,9142.0,8,Malaria,48.35,Medium
2023,1,2023-01-01,Winter,Bhopal City,Bairagarh,23.28,77.37,17.2,15.6,58.8,1.2,0.55,9142.0,10,Chikungunya,45.02,Medium
2023,1,2023-01-01,Winter,Bhopal City,Misrod,23.165,77.46,14.6,10.9,58.1,3.0,0.48,9502.0,6,Dengue,39.25,Medium
2023,1,2023-01-01,Winter,Bhopal City,Misrod,23.165,77.46,14.6,10.9,58.1,3.0,0.48,9502.0,6,Malaria,40.03,Medium
2023,1,2023-01-01,Winter,Bhopal City,Misrod,23.165,77.46,14.6,10.9,58.1,3.0,0.48,9502.0,4,Chikungunya,37.33,Medium
2023,1,2023-01-01,Winter,Bhopal City,BHEL Area,23.245,77.465,14.4,7.1,59.7,3.8,0.32,11110.0,3,Dengue,29.61,Medium
2023,1,2023-01-01,Winter,Bhopal City,BHEL Area,23.245,77.465,14.4,7.1,59.7,3.8,0.32,11110.0,5,Malaria,29.71,Medium
2023,1,2023-01-01,Winter,Bhopal City,BHEL Area,23.245,77.465,14.4,7.1,59.7,3.8,0.32,11110.0,3,Chikungunya,28.76,Medium
2023,1,2023-01-01,Winter,Ashta,Ashta Town Center,23.015,76.725,16.9,12.1,59.7,1.0,0.55,7924.0,8,Dengue,46.52,Medium
2023,1,2023-01-01,Winter,Ashta,Ashta Town Center,23.015,76.725,16.9,12.1,59.7,1.0,0.55,7924.0,9,Malaria,48.71,Medium
2023,1,2023-01-01,Winter,Ashta,Ashta Town Center,23.015,76.725,16.9,12.1,59.7,1.0,0.55,7924.0,9,Chikungunya,44.43,Medium
2023,1,2023-01-01,Winter,Ashta,Ashta Industrial Area,23.02,76.735,15.5,11.8,56.1,2.5,0.3,2453.0,5,Dengue,33.17,Medium
2023,1,2023-01-01,Winter,Ashta,Ashta Industrial Area,23.02,76.735,15.5,11.8,56.1,2.5,0.3,2453.0,8,Malaria,35.8,Medium
2023,1,2023-01-01,Winter,Ashta,Ashta Industrial Area,23.02,76.735,15.5,11.8,56.1,2.5,0.3,2453.0,6,Chikungunya,31.43,Medium
2023,1,2023-01-01,Winter,Ashta,Ashta Rural East,23.01,76.745,14.1,12.9,49.4,0.8,0.68,1678.0,8,Dengue,42.52,Medium
2023,1,2023-01-01,Winter,Ashta,Ashta Rural East,23.01,76.745,14.1,12.9,49.4,0.8,0.68,1678.0,9,Malaria,46.1,Medium
2023,1,2023-01-01,Winter,Ashta,Ashta Rural East,23.01,76.745,14.1,12.9,49.4,0.8,0.68,1678.0,11,Chikungunya,41.34,Medium
2023,1,2023-01-01,Winter,Ashta,Ashta Nadi Belt,23.008,76.715,16.1,15.9,53.8,0.3,0.72,5773.0,14,Dengue,49.88,Medium
2023,1,2023-01-01,Winter,Ashta,Ashta Nadi Belt,23.008,76.715,16.1,15.9,53.8,0.3,0.72,5773.0,10,Malaria,51.76,High
2023,1,2023-01-01,Winter,Ashta,Ashta Nadi Belt,23.008,76.715,16.1,15.9,53.8,0.3,0.72,5773.0,13,Chikungunya,47.5,Medium
2023,1,2023-01-01,Winter,VIT Bhopal University,VIT Main Campus,23.077,76.8512,15.9,11.5,61.4,1.5,0.5,3190.0,9,Dengue,40.85,Medium
2023,1,2023-01-01,Winter,VIT Bhopal University,VIT Main Campus,23.077,76.8512,15.9,11.5,61.4,1.5,0.5,3190.0,8,Malaria,43.28,Medium
2023,1,2023-01-01,Winter,VIT Bhopal University,VIT Main Campus,23.077,76.8512,15.9,11.5,61.4,1.5,0.5,3190.0,7,Chikungunya,38.12,Medium
2023,1,2023-01-01,Winter,VIT Bhopal University,VIT Hostel Area,23.078,76.853,18.4,9.7,50.8,1.8,0.45,3469.0,6,Dengue,32.72,Medium
2023,1,2023-01-01,Winter,VIT Bhopal University,VIT Hostel Area,23.078,76.853,18.4,9.7,50.8,1.8,0.45,3469.0,7,Malaria,34.68,Medium
2023,1,2023-01-01,Winter,VIT Bhopal University,VIT Hostel Area,23.078,76.853,18.4,9.7,50.8,1.8,0.45,3469.0,7,Chikungunya,31.5,Medium
2023,1,2023-01-01,Winter,VIT Bhopal University,VIT Surrounding Village,23.072,76.848,16.0,11.9,51.6,0.6,0.62,4955.0,10,Dengue,45.96,Medium
2023,1,2023-01-01,Winter,VIT Bhopal University,VIT Surrounding Village,23.072,76.848,16.0,11.9,51.6,0.6,0.62,4955.0,10,Malaria,48.6,Medium
2023,1,2023-01-01,Winter,VIT Bhopal University,VIT Surrounding Village,23.072,76.848,16.0,11.9,51.6,0.6,0.62,4955.0,14,Chikungunya,44.85,Medium
2023,1,2023-01-01,Winter,VIT Bhopal University,Kotri-Kalan Area,23.083,76.855,16.5,15.4,56.7,2.0,0.4,9577.0,7,Dengue,42.21,Medium
2023,1,2023-01-01,Winter,VIT Bhopal University,Kotri-Kalan Area,23.083,76.855,16.5,15.4,56.7,2.0,0.4,9577.0,7,Malaria,43.14,Medium
2023,1,2023-01-01,Winter,VIT Bhopal University,Kotri-Kalan Area,23.083,76.855,16.5,15.4,56.7,2.0,0.4,9577.0,6,Chikungunya,39.87,Medium
2023,2,2023-02-01,Winter,Bhopal City,Old Bhopal (Chowk),23.2676,77.412,20.6,6.5,49.0,0.5,0.65,9547.0,10,Dengue,53.84,High
2023,2,2023-02-01,Winter,Bhopal City,Old Bhopal (Chowk),23.2676,77.412,20.6,6.5,49.0,0.5,0.65,9547.0,17,Malaria,54.91,High
2023,2,2023-02-01,Winter,Bhopal City,Old Bhopal (Chowk),23.2676,77.412,20.6,6.5,49.0,0.5,0.65,9547.0,9,Chikungunya,53.08,High
2023,2,2023-02-01,Winter,Bhopal City,New Market,23.235,77.423,19.0,8.0,50.6,2.1,0.35,10385.0,5,Dengue,35.6,Medium
2023,2,2023-02-01,Winter,Bhopal City,New Market,23.235,77.423,19.0,8.0,50.6,2.1,0.35,10385.0,6,Malaria,35.97,Medium
2023,2,2023-02-01,Winter,Bhopal City,New Market,23.235,77.423,19.0,8.0,50.6,2.1,0.35,10385.0,5,Chikungunya,34.05,Medium
2023,2,2023-02-01,Winter,Bhopal City,Kolar Road,23.175,77.445,19.8,7.6,49.7,3.5,0.4,6034.0,3,Dengue,27.31,Medium
2023,2,2023-02-01,Winter,Bhopal City,Kolar Road,23.175,77.445,19.8,7.6,49.7,3.5,0.4,6034.0,5,Malaria,28.28,Medium
2023,2,2023-02-01,Winter,Bhopal City,Kolar Road,23.175,77.445,19.8,7.6,49.7,3.5,0.4,6034.0,3,Chikungunya,26.64,Medium
2023,2,2023-02-01,Winter,Bhopal City,Habibganj,23.23,77.438,17.7,10.5,39.9,1.8,0.38,5932.0,7,Dengue,38.14,Medium
2023,2,2023-02-01,Winter,Bhopal City,Habibganj,23.23,77.438,17.7,10.5,39.9,1.8,0.38,5932.0,6,Malaria,39.31,Medium
2023,2,2023-02-01,Winter,Bhopal City,Habibganj,23.23,77.438,17.7,10.5,39.9,1.8,0.38,5932.0,7,Chikungunya,36.26,Medium
2023,2,2023-02-01,Winter,Bhopal City,Shahpura,23.195,77.435,20.1,6.7,50.0,2.5,0.42,10652.0,7,Dengue,44.08,Medium
2023,2,2023-02-01,Winter,Bhopal City,Shahpura,23.195,77.435,20.1,6.7,50.0,2.5,0.42,10652.0,6,Malaria,42.34,Medium
2023,2,2023-02-01,Winter,Bhopal City,Shahpura,23.195,77.435,20.1,6.7,50.0,2.5,0.42,10652.0,5,Chikungunya,43.64,Medium
2023,2,2023-02-01,Winter,Bhopal City,Ayodhya Nagar,23.21,77.455,19.7,6.3,47.0,4.0,0.3,9592.0,2,Dengue,26.85,Medium
2023,2,2023-02-01,Winter,Bhopal City,Ayodhya Nagar,23.21,77.455,19.7,6.3,47.0,4.0,0.3,9592.0,1,Malaria,26.09,Medium
2023,2,2023-02-01,Winter,Bhopal City,Ayodhya Nagar,23.21,77.455,19.7,6.3,47.0,4.0,0.3,9592.0,1,Chikungunya,26.01,Medium
2023,2,2023-02-01,Winter,Bhopal City,Upper Lake Area,23.25,77.39,19.9,8.1,46.6,0.2,0.75,10956.0,9,Dengue,47.0,Medium
2023,2,2023-02-01,Winter,Bhopal City,Upper Lake Area,23.25,77.39,19.9,8.1,46.6,0.2,0.75,10956.0,12,Malaria,49.09,Medium
2023,2,2023-02-01,Winter,Bhopal City,Upper Lake Area,23.25,77.39,19.9,8.1,46.6,0.2,0.75,10956.0,10,Chikungunya,45.63,Medium
2023,2,2023-02-01,Winter,Bhopal City,Lower Lake Area,23.255,77.405,18.7,8.5,50.9,0.3,0.7,9358.0,12,Dengue,46.78,Medium
2023,2,2023-02-01,Winter,Bhopal City,Lower Lake Area,23.255,77.405,18.7,8.5,50.9,0.3,0.7,9358.0,13,Malaria,48.43,Medium
2023,2,2023-02-01,Winter,Bhopal City,Lower Lake Area,23.255,77.405,18.7,8.5,50.9,0.3,0.7,9358.0,9,Chikungunya,44.28,Medium
2023,2,2023-02-01,Winter,Bhopal City,Arera Colony,23.22,77.43,16.3,8.4,49.7,2.0,0.45,7885.0,8,Dengue,35.9,Medium
2023,2,2023-02-01,Winter,Bhopal City,Arera Colony,23.22,77.43,16.3,8.4,49.7,2.0,0.45,7885.0,6,Malaria,36.2,Medium
2023,2,2023-02-01,Winter,Bhopal City,Arera Colony,23.22,77.43,16.3,8.4,49.7,2.0,0.45,7885.0,8,Chikungunya,34.63,Medium
2023,2,2023-02-01,Winter,Bhopal City,Bairagarh,23.28,77.37,19.7,9.0,42.9,1.2,0.55,10115.0,10,Dengue,41.27,Medium
2023,2,2023-02-01,Winter,Bhopal City,Bairagarh,23.28,77.37,19.7,9.0,42.9,1.2,0.55,10115.0,9,Malaria,41.64,Medium
2023,2,2023-02-01,Winter,Bhopal City,Bairagarh,23.28,77.37,19.7,9.0,42.9,1.2,0.55,10115.0,8,Chikungunya,39.37,Medium
2023,2,2023-02-01,Winter,Bhopal City,Misrod,23.165,77.46,20.6,7.1,53.4,3.0,0.48,8126.0,6,Dengue,41.49,Medium
2023,2,2023-02-01,Winter,Bhopal City,Misrod,23.165,77.46,20.6,7.1,53.4,3.0,0.48,8126.0,5,Malaria,40.15,Medium
2023,2,2023-02-01,Winter,Bhopal City,Misrod,23.165,77.46,20.6,7.1,53.4,3.0,0.48,8126.0,5,Chikungunya,41.64,Medium
2023,2,2023-02-01,Winter,Bhopal City,BHEL Area,23.245,77.465,20.1,9.5,49.0,3.8,0.32,7788.0,6,Dengue,36.29,Medium
2023,2,2023-02-01,Winter,Bhopal City,BHEL Area,23.245,77.465,20.1,9.5,49.0,3.8,0.32,7788.0,2,Malaria,33.69,Medium
2023,2,2023-02-01,Winter,Bhopal City,BHEL Area,23.245,77.465,20.1,9.5,49.0,3.8,0.32,7788.0,2,Chikungunya,35.85,Medium
2023,2,2023-02-01,Winter,Ashta,Ashta Town Center,23.015,76.725,18.6,7.3,41.4,1.0,0.55,4311.0,8,Dengue,36.81,Medium
2023,2,2023-02-01,Winter,Ashta,Ashta Town Center,23.015,76.725,18.6,7.3,41.4,1.0,0.55,4311.0,10,Malaria,39.06,Medium
2023,2,2023-02-01,Winter,Ashta,Ashta Town Center,23.015,76.725,18.6,7.3,41.4,1.0,0.55,4311.0,9,Chikungunya,35.58,Medium
2023,2,2023-02-01,Winter,Ashta,Ashta Industrial Area,23.02,76.735,19.9,8.1,49.0,2.5,0.3,2367.0,7,Dengue,27.88,Medium
2023,2,2023-02-01,Winter,Ashta,Ashta Industrial Area,23.02,76.735,19.9,8.1,49.0,2.5,0.3,2367.0,6,Malaria,29.01,Medium
2023,2,2023-02-01,Winter,Ashta,Ashta Industrial Area,23.02,76.735,19.9,8.1,49.0,2.5,0.3,2367.0,5,Chikungunya,26.02,Medium
2023,2,2023-02-01,Winter,Ashta,Ashta Rural East,23.01,76.745,19.4,7.9,49.0,0.8,0.68,617.0,14,Dengue,38.08,Medium
2023,2,2023-02-01,Winter,Ashta,Ashta Rural East,23.01,76.745,19.4,7.9,49.0,0.8,0.68,617.0,10,Malaria,40.11,Medium
2023,2,2023-02-01,Winter,Ashta,Ashta Rural East,23.01,76.745,19.4,7.9,49.0,0.8,0.68,617.0,10,Chikungunya,35.68,Medium
2023,2,2023-02-01,Winter,Ashta,Ashta Nadi Belt,23.008,76.715,19.3,8.9,39.9,0.3,0.72,11468.0,9,Dengue,45.67,Medium
2023,2,2023-02-01,Winter,Ashta,Ashta Nadi Belt,23.008,76.715,19.3,8.9,39.9,0.3,0.72,11468.0,15,Malaria,48.13,Medium
2023,2,2023-02-01,Winter,Ashta,Ashta Nadi Belt,23.008,76.715,19.3,8.9,39.9,0.3,0.72,11468.0,13,Chikungunya,45.27,Medium
2023,2,2023-02-01,Winter,VIT Bhopal University,VIT Main Campus,23.077,76.8512,17.0,9.6,43.6,1.5,0.5,4920.0,8,Dengue,35.22,Medium
2023,2,2023-02-01,Winter,VIT Bhopal University,VIT Main Campus,23.077,76.8512,17.0,9.6,43.6,1.5,0.5,4920.0,8,Malaria,36.69,Medium
2023,2,2023-02-01,Winter,VIT Bhopal University,VIT Main Campus,23.077,76.8512,17.0,9.6,43.6,1.5,0.5,4920.0,7,Chikungunya,33.58,Medium
2023,2,2023-02-01,Winter,VIT Bhopal University,VIT Hostel Area,23.078,76.853,18.0,8.3,44.3,1.8,0.45,3379.0,8,Dengue,32.47,Medium
2023,2,2023-02-01,Winter,VIT Bhopal University,VIT Hostel Area,23.078,76.853,18.0,8.3,44.3,1.8,0.45,3379.0,8,Malaria,34.04,Medium
2023,2,2023-02-01,Winter,VIT Bhopal University,VIT Hostel Area,23.078,76.853,18.0,8.3,44.3,1.8,0.45,3379.0,7,Chikungunya,30.91,Medium
2023,2,2023-02-01,Winter,VIT Bhopal University,VIT Surrounding Village,23.072,76.848,19.9,6.9,55.4,0.6,0.62,4833.0,10,Dengue,41.24,Medium
2023,2,2023-02-01,Winter,VIT Bhopal University,VIT Surrounding Village,23.072,76.848,19.9,6.9,55.4,0.6,0.62,4833.0,12,Malaria,43.88,Medium
2023,2,2023-02-01,Winter,VIT Bhopal University,VIT Surrounding Village,23.072,76.848,19.9,6.9,55.4,0.6,0.62,4833.0,9,Chikungunya,39.15,Medium
2023,2,2023-02-01,Winter,VIT Bhopal University,Kotri-Kalan Area,23.083,76.855,19.4,7.1,52.1,2.0,0.4,6806.0,6,Dengue,34.29,Medium
2023,2,2023-02-01,Winter,VIT Bhopal University,Kotri-Kalan Area,23.083,76.855,19.4,7.1,52.1,2.0,0.4,6806.0,7,Malaria,35.43,Medium
2023,2,2023-02-01,Winter,VIT Bhopal University,Kotri-Kalan Area,23.083,76.855,19.4,7.1,52.1,2.0,0.4,6806.0,7,Chikungunya,33.07,Medium
2023,3,2023-03-01,Summer,Bhopal City,Old Bhopal (Chowk),23.2676,77.412,26.9,4.7,33.5,0.5,0.65,8595.0,13,Dengue,61.05,High
2023,3,2023-03-01,Summer,Bhopal City,Old Bhopal (Chowk),23.2676,77.412,26.9,4.7,33.5,0.5,0.65,8595.0,10,Malaria,58.28,High
2023,3,2023-03-01,Summer,Bhopal City,Old Bhopal (Chowk),23.2676,77.412,26.9,4.7,33.5,0.5,0.65,8595.0,11,Chikungunya,61.64,High
2023,3,2023-03-01,Summer,Bhopal City,New Market,23.235,77.423,25.7,4.4,33.9,2.1,0.35,5534.0,6,Dengue,48.19,Medium
2023,3,2023-03-01,Summer,Bhopal City,New Market,23.235,77.423,25.7,4.4,33.9,2.1,0.35,5534.0,8,Malaria,46.08,Medium
2023,3,2023-03-01,Summer,Bhopal City,New Market,23.235,77.423,25.7,4.4,33.9,2.1,0.35,5534.0,7,Chikungunya,49.7,Medium
2023,3,2023-03-01,Summer,Bhopal City,Kolar Road,23.175,77.445,24.5,6.2,35.1,3.5,0.4,7790.0,8,Dengue,37.26,Medium
2023,3,2023-03-01,Summer,Bhopal City,Kolar Road,23.175,77.445,24.5,6.2,35.1,3.5,0.4,7790.0,5,Malaria,34.78,Medium
2023,3,2023-03-01,Summer,Bhopal City,Kolar Road,23.175,77.445,24.5,6.2,35.1,3.5,0.4,7790.0,5,Chikungunya,37.44,Medium
2023,3,2023-03-01,Summer,Bhopal City,Habibganj,23.23,77.438,25.8,4.0,36.2,1.8,0.38,6608.0,8,Dengue,51.14,High
2023,3,2023-03-01,Summer,Bhopal City,Habibganj,23.23,77.438,25.8,4.0,36.2,1.8,0.38,6608.0,8,Malaria,48.57,Medium
2023,3,2023-03-01,Summer,Bhopal City,Habibganj,23.23,77.438,25.8,4.0,36.2,1.8,0.38,6608.0,8,Chikungunya,52.28,High
2023,3,2023-03-01,Summer,Bhopal City,Shahpura,23.195,77.435,25.0,4.6,34.4,2.5,0.42,7361.0,14,Dengue,50.89,High
2023,3,2023-03-01,Summer,Bhopal City,Shahpura,23.195,77.435,25.0,4.6,34.4,2.5,0.42,7361.0,7,Malaria,46.29,Medium
2023,3,2023-03-01,Summer,Bhopal City,Shahpura,23.195,77.435,25.0,4.6,34.4,2.5,0.42,7361.0,8,Chikungunya,51.12,High
2023,3,2023-03-01,Summer,Bhopal City,Ayodhya Nagar,23.21,77.455,25.7,5.4,40.8,4.0,0.3,5495.0,2,Dengue,40.56,Medium
2023,3,2023-03-01,Summer,Bhopal City,Ayodhya Nagar,23.21,77.455,25.7,5.4,40.8,4.0,0.3,5495.0,2,Malaria,37.49,Medium
2023,3,2023-03-01,Summer,Bhopal City,Ayodhya Nagar,23.21,77.455,25.7,5.4,40.8,4.0,0.3,5495.0,1,Chikungunya,42.24,Medium
2023,3,2023-03-01,Summer,Bhopal City,Upper Lake Area,23.25,77.39,23.3,6.5,28.4,0.2,0.75,9390.0,13,Dengue,54.45,High
2023,3,2023-03-01,Summer,Bhopal City,Upper Lake Area,23.25,77.39,23.3,6.5,28.4,0.2,0.75,9390.0,11,Malaria,53.54,High
2023,3,2023-03-01,Summer,Bhopal City,Upper Lake Area,23.25,77.39,23.3,6.5,28.4,0.2,0.75,9390.0,13,Chikungunya,54.52,High
2023,3,2023-03-01,Summer,Bhopal City,Lower Lake Area,23.255,77.405,27.0,5.7,44.0,0.3,0.7,6795.0,15,Dengue,62.36,High
2023,3,2023-03-01,Summer,Bhopal City,Lower Lake Area,23.255,77.405,27.0,5.7,44.0,0.3,0.7,6795.0,11,Malaria,60.06,High
2023,3,2023-03-01,Summer,Bhopal City,Lower Lake Area,23.255,77.405,27.0,5.7,44.0,0.3,0.7,6795.0,17,Chikungunya,63.92,High
2023,3,2023-03-01,Summer,Bhopal City,Arera Colony,23.22,77.43,24.5,5.2,18.1,2.0,0.45,6486.0,8,Dengue,40.42,Medium
2023,3,2023-03-01,Summer,Bhopal City,Arera Colony,23.22,77.43,24.5,5.2,18.1,2.0,0.45,6486.0,7,Malaria,38.97,Medium
2023,3,2023-03-01,Summer,Bhopal City,Arera Colony,23.22,77.43,24.5,5.2,18.1,2.0,0.45,6486.0,12,Chikungunya,42.1,Medium
2023,3,2023-03-01,Summer,Bhopal City,Bairagarh,23.28,77.37,24.3,4.6,33.8,1.2,0.55,6521.0,11,Dengue,46.62,Medium
2023,3,2023-03-01,Summer,Bhopal City,Bairagarh,23.28,77.37,24.3,4.6,33.8,1.2,0.55,6521.0,11,Malaria,46.07,Medium
2023,3,2023-03-01,Summer,Bhopal City,Bairagarh,23.28,77.37,24.3,4.6,33.8,1.2,0.55,6521.0,10,Chikungunya,46.42,Medium
2023,3,2023-03-01,Summer,Bhopal City,Misrod,23.165,77.46,25.7,4.4,37.4,3.0,0.48,7746.0,12,Dengue,49.82,Medium
2023,3,2023-03-01,Summer,Bhopal City,Misrod,23.165,77.46,25.7,4.4,37.4,3.0,0.48,7746.0,4,Malaria,45.0,Medium
2023,3,2023-03-01,Summer,Bhopal City,Misrod,23.165,77.46,25.7,4.4,37.4,3.0,0.48,7746.0,8,Chikungunya,50.89,High
2023,3,2023-03-01,Summer,Bhopal City,BHEL Area,23.245,77.465,27.5,4.9,26.7,3.8,0.32,9612.0,5,Dengue,44.08,Medium
2023,3,2023-03-01,Summer,Bhopal City,BHEL Area,23.245,77.465,27.5,4.9,26.7,3.8,0.32,9612.0,4,Malaria,39.71,Medium
2023,3,2023-03-01,Summer,Bhopal City,BHEL Area,23.245,77.465,27.5,4.9,26.7,3.8,0.32,9612.0,2,Chikungunya,45.52,Medium
2023,3,2023-03-01,Summer,Ashta,Ashta Town Center,23.015,76.725,23.6,5.7,35.4,1.0,0.55,5404.0,13,Dengue,47.08,Medium
2023,3,2023-03-01,Summer,Ashta,Ashta Town Center,23.015,76.725,23.6,5.7,35.4,1.0,0.55,5404.0,9,Malaria,45.99,Medium
2023,3,2023-03-01,Summer,Ashta,Ashta Town Center,23.015,76.725,23.6,5.7,35.4,1.0,0.55,5404.0,11,Chikungunya,46.53,Medium
2023,3,2023-03-01,Summer,Ashta,Ashta Industrial Area,23.02,76.735,22.3,6.3,34.6,2.5,0.3,3634.0,8,Dengue,36.49,Medium
2023,3,2023-03-01,Summer,Ashta,Ashta Industrial Area,23.02,76.735,22.3,6.3,34.6,2.5,0.3,3634.0,5,Malaria,35.03,Medium
2023,3,2023-03-01,Summer,Ashta,Ashta Industrial Area,23.02,76.735,22.3,6.3,34.6,2.5,0.3,3634.0,8,Chikungunya,36.72,Medium
2023,3,2023-03-01,Summer,Ashta,Ashta Rural East,23.01,76.745,23.7,5.7,33.5,0.8,0.68,1250.0,11,Dengue,45.11,Medium
2023,3,2023-03-01,Summer,Ashta,Ashta Rural East,23.01,76.745,23.7,5.7,33.5,0.8,0.68,1250.0,11,Malaria,46.03,Medium
2023,3,2023-03-01,Summer,Ashta,Ashta Rural East,23.01,76.745,23.7,5.7,33.5,0.8,0.68,1250.0,15,Chikungunya,46.34,Medium
2023,3,2023-03-01,Summer,Ashta,Ashta Nadi Belt,23.008,76.715,25.9,5.4,37.4,0.3,0.72,5962.0,10,Dengue,60.03,High
2023,3,2023-03-01,Summer,Ashta,Ashta Nadi Belt,23.008,76.715,25.9,5.4,37.4,0.3,0.72,5962.0,11,Malaria,59.01,High
2023,3,2023-03-01,Summer,Ashta,Ashta Nadi Belt,23.008,76.715,25.9,5.4,37.4,0.3,0.72,5962.0,11,Chikungunya,61.28,High
2023,3,2023-03-01,Summer,VIT Bhopal University,VIT Main Campus,23.077,76.8512,27.8,5.0,37.1,1.5,0.5,3168.0,10,Dengue,51.25,High
2023,3,2023-03-01,Summer,VIT Bhopal University,VIT Main Campus,23.077,76.8512,27.8,5.0,37.1,1.5,0.5,3168.0,8,Malaria,49.26,Medium
2023,3,2023-03-01,Summer,VIT Bhopal University,VIT Main Campus,23.077,76.8512,27.8,5.0,37.1,1.5,0.5,3168.0,9,Chikungunya,52.23,High
2023,3,2023-03-01,Summer,VIT Bhopal University,VIT Hostel Area,23.078,76.853,23.5,4.2,44.7,1.8,0.45,4552.0,8,Dengue,42.26,Medium
2023,3,2023-03-01,Summer,VIT Bhopal University,VIT Hostel Area,23.078,76.853,23.5,4.2,44.7,1.8,0.45,4552.0,8,Malaria,42.0,Medium
2023,3,2023-03-01,Summer,VIT Bhopal University,VIT Hostel Area,23.078,76.853,23.5,4.2,44.7,1.8,0.45,4552.0,6,Chikungunya,41.6,Medium
2023,3,2023-03-01,Summer,VIT Bhopal University,VIT Surrounding Village,23.072,76.848,26.8,6.8,26.1,0.6,0.62,3594.0,9,Dengue,54.69,High
2023,3,2023-03-01,Summer,VIT Bhopal University,VIT Surrounding Village,23.072,76.848,26.8,6.8,26.1,0.6,0.62,3594.0,9,Malaria,53.43,High
2023,3,2023-03-01,Summer,VIT Bhopal University,VIT Surrounding Village,23.072,76.848,26.8,6.8,26.1,0.6,0.62,3594.0,13,Chikungunya,56.95,High
2023,3,2023-03-01,Summer,VIT Bhopal University,Kotri-Kalan Area,23.083,76.855,23.2,3.0,32.6,2.0,0.4,5463.0,9,Dengue,40.79,Medium
2023,3,2023-03-01,Summer,VIT Bhopal University,Kotri-Kalan Area,23.083,76.855,23.2,3.0,32.6,2.0,0.4,5463.0,7,Malaria,39.49,Medium
2023,3,2023-03-01,Summer,VIT Bhopal University,Kotri-Kalan Area,23.083,76.855,23.2,3.0,32.6,2.0,0.4,5463.0,7,Chikungunya,40.44,Medium
2023,4,2023-04-01,Summer,Bhopal City,Old Bhopal (Chowk),23.2676,77.412,29.8,2.4,23.8,0.5,0.65,4755.0,18,Dengue,58.2,High
2023,4,2023-04-01,Summer,Bhopal City,Old Bhopal (Chowk),23.2676,77.412,29.8,2.4,23.8,0.5,0.65,4755.0,22,Malaria,57.2,High
2023,4,2023-04-01,Summer,Bhopal City,Old Bhopal (Chowk),23.2676,77.412,29.8,2.4,23.8,0.5,0.65,4755.0,11,Chikungunya,57.78,High
2023,4,2023-04-01,Summer,Bhopal City,New Market,23.235,77.423,28.0,2.5,25.7,2.1,0.35,10636.0,9,Dengue,51.67,High
2023,4,2023-04-01,Summer,Bhopal City,New Market,23.235,77.423,28.0,2.5,25.7,2.1,0.35,10636.0,5,Malaria,47.18,Medium
2023,4,2023-04-01,Summer,Bhopal City,New Market,23.235,77.423,28.0,2.5,25.7,2.1,0.35,10636.0,6,Chikungunya,52.34,High
2023,4,2023-04-01,Summer,Bhopal City,Kolar Road,23.175,77.445,30.1,4.4,31.9,3.5,0.4,4253.0,4,Dengue,41.96,Medium
2023,4,2023-04-01,Summer,Bhopal City,Kolar Road,23.175,77.445,30.1,4.4,31.9,3.5,0.4,4253.0,3,Malaria,39.09,Medium
2023,4,2023-04-01,Summer,Bhopal City,Kolar Road,23.175,77.445,30.1,4.4,31.9,3.5,0.4,4253.0,4,Chikungunya,44.08,Medium
2023,4,2023-04-01,Summer,Bhopal City,Habibganj,23.23,77.438,30.1,3.1,35.3,1.8,0.38,4232.0,6,Dengue,48.68,Medium
2023,4,2023-04-01,Summer,Bhopal City,Habibganj,23.23,77.438,30.1,3.1,35.3,1.8,0.38,4232.0,10,Malaria,47.44,Medium
2023,4,2023-04-01,Summer,Bhopal City,Habibganj,23.23,77.438,30.1,3.1,35.3,1.8,0.38,4232.0,8,Chikungunya,50.31,High
2023,4,2023-04-01,Summer,Bhopal City,Shahpura,23.195,77.435,32.1,3.5,29.7,2.5,0.42,5578.0,8,Dengue,47.55,Medium
2023,4,2023-04-01,Summer,Bhopal City,Shahpura,23.195,77.435,32.1,3.5,29.7,2.5,0.42,5578.0,8,Malaria,44.85,Medium
2023,4,2023-04-01,Summer,Bhopal City,Shahpura,23.195,77.435,32.1,3.5,29.7,2.5,0.42,5578.0,6,Chikungunya,48.76,Medium
2023,4,2023-04-01,Summer,Bhopal City,Ayodhya Nagar,23.21,77.455,30.1,2.9,31.2,4.0,0.3,9756.0,3,Dengue,43.25,Medium
2023,4,2023-04-01,Summer,Bhopal City,Ayodhya Nagar,23.21,77.455,30.1,2.9,31.2,4.0,0.3,9756.0,2,Malaria,38.9,Medium
2023,4,2023-04-01,Summer,Bhopal City,Ayodhya Nagar,23.21,77.455,30.1,2.9,31.2,4.0,0.3,9756.0,1,Chikungunya,44.88,Medium
2023,4,2023-04-01,Summer,Bhopal City,Upper Lake Area,23.25,77.39,29.3,3.6,32.4,0.2,0.75,7973.0,16,Dengue,63.24,High
2023,4,2023-04-01,Summer,Bhopal City,Upper Lake Area,23.25,77.39,29.3,3.6,32.4,0.2,0.75,7973.0,14,Malaria,60.97,High
2023,4,2023-04-01,Summer,Bhopal City,Upper Lake Area,23.25,77.39,29.3,3.6,32.4,0.2,0.75,7973.0,10,Chikungunya,62.87,High
2023,4,2023-04-01,Summer,Bhopal City,Lower Lake Area,23.255,77.405,29.7,3.4,26.6,0.3,0.7,8681.0,13,Dengue,61.64,High
2023,4,2023-04-01,Summer,Bhopal City,Lower Lake Area,23.255,77.405,29.7,3.4,26.6,0.3,0.7,8681.0,14,Malaria,59.7,High
2023,4,2023-04-01,Summer,Bhopal City,Lower Lake Area,23.255,77.405,29.7,3.4,26.6,0.3,0.7,8681.0,11,Chikungunya,62.35,High
2023,4,2023-04-01,Summer,Bhopal City,Arera Colony,23.22,77.43,28.9,2.9,25.6,2.0,0.45,10682.0,8,Dengue,52.78,High
2023,4,2023-04-01,Summer,Bhopal City,Arera Colony,23.22,77.43,28.9,2.9,25.6,2.0,0.45,10682.0,8,Malaria,49.37,Medium
2023,4,2023-04-01,Summer,Bhopal City,Arera Colony,23.22,77.43,28.9,2.9,25.6,2.0,0.45,10682.0,10,Chikungunya,54.94,High
2023,4,2023-04-01,Summer,Bhopal City,Bairagarh,23.28,77.37,29.8,4.0,26.4,1.2,0.55,11218.0,8,Dengue,56.74,High
2023,4,2023-04-01,Summer,Bhopal City,Bairagarh,23.28,77.37,29.8,4.0,26.4,1.2,0.55,11218.0,7,Malaria,53.67,High
2023,4,2023-04-01,Summer,Bhopal City,Bairagarh,23.28,77.37,29.8,4.0,26.4,1.2,0.55,11218.0,14,Chikungunya,59.73,High
2023,4,2023-04-01,Summer,Bhopal City,Misrod,23.165,77.46,29.2,2.2,27.9,3.0,0.48,7771.0,10,Dengue,48.41,Medium
2023,4,2023-04-01,Summer,Bhopal City,Misrod,23.165,77.46,29.2,2.2,27.9,3.0,0.48,7771.0,6,Malaria,44.27,Medium
2023,4,2023-04-01,Summer,Bhopal City,Misrod,23.165,77.46,29.2,2.2,27.9,3.0,0.48,7771.0,8,Chikungunya,50.15,High
2023,4,2023-04-01,Summer,Bhopal City,BHEL Area,23.245,77.465,28.1,3.9,27.7,3.8,0.32,5209.0,3,Dengue,40.17,Medium
2023,4,2023-04-01,Summer,Bhopal City,BHEL Area,23.245,77.465,28.1,3.9,27.7,3.8,0.32,5209.0,4,Malaria,37.18,Medium
2023,4,2023-04-01,Summer,Bhopal City,BHEL Area,23.245,77.465,28.1,3.9,27.7,3.8,0.32,5209.0,3,Chikungunya,42.36,Medium
2023,4,2023-04-01,Summer,Ashta,Ashta Town Center,23.015,76.725,29.0,2.0,29.8,1.0,0.55,8797.0,11,Dengue,57.56,High
2023,4,2023-04-01,Summer,Ashta,Ashta Town Center,23.015,76.725,29.0,2.0,29.8,1.0,0.55,8797.0,12,Malaria,55.16,High
2023,4,2023-04-01,Summer,Ashta,Ashta Town Center,23.015,76.725,29.0,2.0,29.8,1.0,0.55,8797.0,10,Chikungunya,58.53,High
2023,4,2023-04-01,Summer,Ashta,Ashta Industrial Area,23.02,76.735,26.7,2.9,28.6,2.5,0.3,2937.0,7,Dengue,43.89,Medium
2023,4,2023-04-01,Summer,Ashta,Ashta Industrial Area,23.02,76.735,26.7,2.9,28.6,2.5,0.3,2937.0,9,Malaria,41.9,Medium
2023,4,2023-04-01,Summer,Ashta,Ashta Industrial Area,23.02,76.735,26.7,2.9,28.6,2.5,0.3,2937.0,8,Chikungunya,45.68,Medium
2023,4,2023-04-01,Summer,Ashta,Ashta Rural East,23.01,76.745,28.3,3.0,27.5,0.8,0.68,564.0,13,Dengue,53.24,High
2023,4,2023-04-01,Summer,Ashta,Ashta Rural East,23.01,76.745,28.3,3.0,27.5,0.8,0.68,564.0,14,Malaria,52.7,High
2023,4,2023-04-01,Summer,Ashta,Ashta Rural East,23.01,76.745,28.3,3.0,27.5,0.8,0.68,564.0,14,Chikungunya,55.03,High
2023,4,2023-04-01,Summer,Ashta,Ashta Nadi Belt,23.008,76.715,27.7,2.9,25.8,0.3,0.72,10144.0,18,Dengue,64.02,High
2023,4,2023-04-01,Summer,Ashta,Ashta Nadi Belt,23.008,76.715,27.7,2.9,25.8,0.3,0.72,10144.0,15,Malaria,60.84,High
2023,4,2023-04-01,Summer,Ashta,Ashta Nadi Belt,23.008,76.715,27.7,2.9,25.8,0.3,0.72,10144.0,14,Chikungunya,64.43,High
2023,4,2023-04-01,Summer,VIT Bhopal University,VIT Main Campus,23.077,76.8512,28.8,3.2,29.5,1.5,0.5,3381.0,10,Dengue,50.65,High
2023,4,2023-04-01,Summer,VIT Bhopal University,VIT Main Campus,23.077,76.8512,28.8,3.2,29.5,1.5,0.5,3381.0,13,Malaria,49.46,Medium
2023,4,2023-04-01,Summer,VIT Bhopal University,VIT Main Campus,23.077,76.8512,28.8,3.2,29.5,1.5,0.5,3381.0,13,Chikungunya,52.9,High
2023,4,2023-04-01,Summer,VIT Bhopal University,VIT Hostel Area,23.078,76.853,30.6,1.7,31.6,1.8,0.45,4395.0,10,Dengue,50.09,High
2023,4,2023-04-01,Summer,VIT Bhopal University,VIT Hostel Area,23.078,76.853,30.6,1.7,31.6,1.8,0.45,4395.0,11,Malaria,48.13,Medium
2023,4,2023-04-01,Summer,VIT Bhopal University,VIT Hostel Area,23.078,76.853,30.6,1.7,31.6,1.8,0.45,4395.0,8,Chikungunya,50.98,High
2023,4,2023-04-01,Summer,VIT Bhopal University,VIT Surrounding Village,23.072,76.848,28.2,4.0,33.3,0.6,0.62,3217.0,10,Dengue,55.35,High
2023,4,2023-04-01,Summer,VIT Bhopal University,VIT Surrounding Village,23.072,76.848,28.2,4.0,33.3,0.6,0.62,3217.0,13,Malaria,54.87,High
2023,4,2023-04-01,Summer,VIT Bhopal University,VIT Surrounding Village,23.072,76.848,28.2,4.0,33.3,0.6,0.62,3217.0,11,Chikungunya,56.66,High
2023,4,2023-04-01,Summer,VIT Bhopal University,Kotri-Kalan Area,23.083,76.855,30.0,3.7,24.4,2.0,0.4,11634.0,8,Dengue,52.16,High
2023,4,2023-04-01,Summer,VIT Bhopal University,Kotri-Kalan Area,23.083,76.855,30.0,3.7,24.4,2.0,0.4,11634.0,9,Malaria,48.83,Medium
2023,4,2023-04-01,Summer,VIT Bhopal University,Kotri-Kalan Area,23.083,76.855,30.0,3.7,24.4,2.0,0.4,11634.0,7,Chikungunya,53.41,High
2023,5,2023-05-01,Summer,Bhopal City,Old Bhopal (Chowk),23.2676,77.412,34.8,7.7,41.7,0.5,0.65,11314.0,13,Dengue,62.99,High
2023,5,2023-05-01,Summer,Bhopal City,Old Bhopal (Chowk),23.2676,77.412,34.8,7.7,41.7,0.5,0.65,11314.0,11,Malaria,60.3,High
2023,5,2023-05-01,Summer,Bhopal City,Old Bhopal (Chowk),23.2676,77.412,34.8,7.7,41.7,0.5,0.65,11314.0,13,Chikungunya,63.97,High
2023,5,2023-05-01,Summer,Bhopal City,New Market,23.235,77.423,35.9,8.9,24.6,2.1,0.35,8908.0,5,Dengue,40.93,Medium
2023,5,2023-05-01,Summer,Bhopal City,New Market,23.235,77.423,35.9,8.9,24.6,2.1,0.35,8908.0,6,Malaria,39.4,Medium
2023,5,2023-05-01,Summer,Bhopal City,New Market,23.235,77.423,35.9,8.9,24.6,2.1,0.35,8908.0,12,Chikungunya,43.06,Medium
2023,5,2023-05-01,Summer,Bhopal City,Kolar Road,23.175,77.445,34.7,8.2,28.2,3.5,0.4,4496.0,9,Dengue,42.97,Medium
2023,5,2023-05-01,Summer,Bhopal City,Kolar Road,23.175,77.445,34.7,8.2,28.2,3.5,0.4,4496.0,4,Malaria,38.98,Medium
2023,5,2023-05-01,Summer,Bhopal City,Kolar Road,23.175,77.445,34.7,8.2,28.2,3.5,0.4,4496.0,5,Chikungunya,44.25,Medium
2023,5,2023-05-01,Summer,Bhopal City,Habibganj,23.23,77.438,34.0,10.3,22.9,1.8,0.38,8298.0,10,Dengue,56.65,High
2023,5,2023-05-01,Summer,Bhopal City,Habibganj,23.23,77.438,34.0,10.3,22.9,1.8,0.38,8298.0,6,Malaria,53.09,High
2023,5,2023-05-01,Summer,Bhopal City,Habibganj,23.23,77.438,34.0,10.3,22.9,1.8,0.38,8298.0,8,Chikungunya,57.07,High
2023,5,2023-05-01,Summer,Bhopal City,Shahpura,23.195,77.435,35.1,9.7,27.1,2.5,0.42,11852.0,6,Dengue,41.55,Medium
2023,5,2023-05-01,Summer,Bhopal City,Shahpura,23.195,77.435,35.1,9.7,27.1,2.5,0.42,11852.0,11,Malaria,40.59,Medium
2023,5,2023-05-01,Summer,Bhopal City,Shahpura,23.195,77.435,35.1,9.7,27.1,2.5,0.42,11852.0,5,Chikungunya,41.8,Medium
2023,5,2023-05-01,Summer,Bhopal City,Ayodhya Nagar,23.21,77.455,30.9,12.3,29.7,4.0,0.3,11167.0,6,Dengue,49.01,Medium
2023,5,2023-05-01,Summer,Bhopal City,Ayodhya Nagar,23.21,77.455,30.9,12.3,29.7,4.0,0.3,11167.0,2,Malaria,44.36,Medium
2023,5,2023-05-01,Summer,Bhopal City,Ayodhya Nagar,23.21,77.455,30.9,12.3,29.7,4.0,0.3,11167.0,3,Chikungunya,50.01,High
2023,5,2023-05-01,Summer,Bhopal City,Upper Lake Area,23.25,77.39,36.2,12.2,32.6,0.2,0.75,6319.0,15,Dengue,57.9,High
2023,5,2023-05-01,Summer,Bhopal City,Upper Lake Area,23.25,77.39,36.2,12.2,32.6,0.2,0.75,6319.0,12,Malaria,57.91,High
2023,5,2023-05-01,Summer,Bhopal City,Upper Lake Area,23.25,77.39,36.2,12.2,32.6,0.2,0.75,6319.0,14,Chikungunya,57.18,High
2023,5,2023-05-01,Summer,Bhopal City,Lower Lake Area,23.255,77.405,33.3,7.3,40.5,0.3,0.7,7574.0,10,Dengue,61.43,High
2023,5,2023-05-01,Summer,Bhopal City,Lower Lake Area,23.255,77.405,33.3,7.3,40.5,0.3,0.7,7574.0,11,Malaria,60.11,High
2023,5,2023-05-01,Summer,Bhopal City,Lower Lake Area,23.255,77.405,33.3,7.3,40.5,0.3,0.7,7574.0,12,Chikungunya,62.86,High
2023,5,2023-05-01,Summer,Bhopal City,Arera Colony,23.22,77.43,36.9,10.2,35.9,2.0,0.45,7616.0,10,Dengue,48.58,Medium
2023,5,2023-05-01,Summer,Bhopal City,Arera Colony,23.22,77.43,36.9,10.2,35.9,2.0,0.45,7616.0,8,Malaria,47.48,Medium
2023,5,2023-05-01,Summer,Bhopal City,Arera Colony,23.22,77.43,36.9,10.2,35.9,2.0,0.45,7616.0,8,Chikungunya,47.81,Medium
2023,5,2023-05-01,Summer,Bhopal City,Bairagarh,23.28,77.37,34.8,10.9,22.7,1.2,0.55,10385.0,14,Dengue,62.81,High
2023,5,2023-05-01,Summer,Bhopal City,Bairagarh,23.28,77.37,34.8,10.9,22.7,1.2,0.55,10385.0,11,Malaria,59.53,High
2023,5,2023-05-01,Summer,Bhopal City,Bairagarh,23.28,77.37,34.8,10.9,22.7,1.2,0.55,10385.0,11,Chikungunya,63.1,High
2023,5,2023-05-01,Summer,Bhopal City,Misrod,23.165,77.46,35.7,11.8,30.5,3.0,0.48,7318.0,5,Dengue,43.31,Medium
2023,5,2023-05-01,Summer,Bhopal City,Misrod,23.165,77.46,35.7,11.8,30.5,3.0,0.48,7318.0,6,Malaria,42.61,Medium
2023,5,2023-05-01,Summer,Bhopal City,Misrod,23.165,77.46,35.7,11.8,30.5,3.0,0.48,7318.0,7,Chikungunya,44.22,Medium
2023,5,2023-05-01,Summer,Bhopal City,BHEL Area,23.245,77.465,33.6,10.4,32.3,3.8,0.32,4274.0,4,Dengue,45.13,Medium
2023,5,2023-05-01,Summer,Bhopal City,BHEL Area,23.245,77.465,33.6,10.4,32.3,3.8,0.32,4274.0,5,Malaria,42.88,Medium
2023,5,2023-05-01,Summer,Bhopal City,BHEL Area,23.245,77.465,33.6,10.4,32.3,3.8,0.32,4274.0,2,Chikungunya,46.2,Medium
2023,5,2023-05-01,Summer,Ashta,Ashta Town Center,23.015,76.725,33.5,13.9,23.9,1.0,0.55,4062.0,10,Dengue,57.94,High
2023,5,2023-05-01,Summer,Ashta,Ashta Town Center,23.015,76.725,33.5,13.9,23.9,1.0,0.55,4062.0,9,Malaria,56.5,High
2023,5,2023-05-01,Summer,Ashta,Ashta Town Center,23.015,76.725,33.5,13.9,23.9,1.0,0.55,4062.0,12,Chikungunya,59.32,High
2023,5,2023-05-01,Summer,Ashta,Ashta Industrial Area,23.02,76.735,34.2,9.8,29.1,2.5,0.3,3088.0,8,Dengue,44.3,Medium
2023,5,2023-05-01,Summer,Ashta,Ashta Industrial Area,23.02,76.735,34.2,9.8,29.1,2.5,0.3,3088.0,8,Malaria,41.84,Medium
2023,5,2023-05-01,Summer,Ashta,Ashta Industrial Area,23.02,76.735,34.2,9.8,29.1,2.5,0.3,3088.0,10,Chikungunya,46.4,Medium
2023,5,2023-05-01,Summer,Ashta,Ashta Rural East,23.01,76.745,33.9,11.5,29.1,0.8,0.68,691.0,11,Dengue,58.02,High
2023,5,2023-05-01,Summer,Ashta,Ashta Rural East,23.01,76.745,33.9,11.5,29.1,0.8,0.68,691.0,14,Malaria,58.46,High
2023,5,2023-05-01,Summer,Ashta,Ashta Rural East,23.01,76.745,33.9,11.5,29.1,0.8,0.68,691.0,10,Chikungunya,58.64,High
2023,5,2023-05-01,Summer,Ashta,Ashta Nadi Belt,23.008,76.715,32.4,6.5,19.4,0.3,0.72,6405.0,13,Dengue,59.3,High
2023,5,2023-05-01,Summer,Ashta,Ashta Nadi Belt,23.008,76.715,32.4,6.5,19.4,0.3,0.72,6405.0,17,Malaria,58.31,High
2023,5,2023-05-01,Summer,Ashta,Ashta Nadi Belt,23.008,76.715,32.4,6.5,19.4,0.3,0.72,6405.0,14,Chikungunya,61.03,High
2023,5,2023-05-01,Summer,VIT Bhopal University,VIT Main Campus,23.077,76.8512,34.0,10.1,27.4,1.5,0.5,3085.0,10,Dengue,55.21,High
2023,5,2023-05-01,Summer,VIT Bhopal University,VIT Main Campus,23.077,76.8512,34.0,10.1,27.4,1.5,0.5,3085.0,11,Malaria,54.14,High
2023,5,2023-05-01,Summer,VIT Bhopal University,VIT Main Campus,23.077,76.8512,34.0,10.1,27.4,1.5,0.5,3085.0,15,Chikungunya,57.56,High
2023,5,2023-05-01,Summer,VIT Bhopal University,VIT Hostel Area,23.078,76.853,33.3,12.9,27.2,1.8,0.45,4302.0,7,Dengue,53.86,High
2023,5,2023-05-01,Summer,VIT Bhopal University,VIT Hostel Area,23.078,76.853,33.3,12.9,27.2,1.8,0.45,4302.0,9,Malaria,52.64,High
2023,5,2023-05-01,Summer,VIT Bhopal University,VIT Hostel Area,23.078,76.853,33.3,12.9,27.2,1.8,0.45,4302.0,7,Chikungunya,54.78,High
2023,5,2023-05-01,Summer,VIT Bhopal University,VIT Surrounding Village,23.072,76.848,33.2,8.8,32.2,0.6,0.62,4008.0,9,Dengue,55.62,High
2023,5,2023-05-01,Summer,VIT Bhopal University,VIT Surrounding Village,23.072,76.848,33.2,8.8,32.2,0.6,0.62,4008.0,14,Malaria,55.4,High
2023,5,2023-05-01,Summer,VIT Bhopal University,VIT Surrounding Village,23.072,76.848,33.2,8.8,32.2,0.6,0.62,4008.0,12,Chikungunya,57.48,High
2023,5,2023-05-01,Summer,VIT Bhopal University,Kotri-Kalan Area,23.083,76.855,31.6,9.4,31.0,2.0,0.4,11050.0,9,Dengue,53.06,High
2023,5,2023-05-01,Summer,VIT Bhopal University,Kotri-Kalan Area,23.083,76.855,31.6,9.4,31.0,2.0,0.4,11050.0,8,Malaria,49.42,Medium
2023,5,2023-05-01,Summer,VIT Bhopal University,Kotri-Kalan Area,23.083,76.855,31.6,9.4,31.0,2.0,0.4,11050.0,10,Chikungunya,54.78,High
2023,6,2023-06-01,Monsoon,Bhopal City,Old Bhopal (Chowk),23.2676,77.412,31.6,156.7,58.0,0.5,0.65,5269.0,21,Dengue,79.76,Critical
2023,6,2023-06-01,Monsoon,Bhopal City,Old Bhopal (Chowk),23.2676,77.412,31.6,156.7,58.0,0.5,0.65,5269.0,14,Malaria,78.73,Critical
2023,6,2023-06-01,Monsoon,Bhopal City,Old Bhopal (Chowk),23.2676,77.412,31.6,156.7,58.0,0.5,0.65,5269.0,13,Chikungunya,76.8,Critical
2023,6,2023-06-01,Monsoon,Bhopal City,New Market,23.235,77.423,32.0,103.9,61.6,2.1,0.35,11561.0,8,Dengue,72.02,High
2023,6,2023-06-01,Monsoon,Bhopal City,New Market,23.235,77.423,32.0,103.9,61.6,2.1,0.35,11561.0,9,Malaria,71.0,High
2023,6,2023-06-01,Monsoon,Bhopal City,New Market,23.235,77.423,32.0,103.9,61.6,2.1,0.35,11561.0,10,Chikungunya,71.63,High
2023,6,2023-06-01,Monsoon,Bhopal City,Kolar Road,23.175,77.445,32.4,103.3,54.1,3.5,0.4,9116.0,10,Dengue,66.5,High
2023,6,2023-06-01,Monsoon,Bhopal City,Kolar Road,23.175,77.445,32.4,103.3,54.1,3.5,0.4,9116.0,7,Malaria,64.16,High
2023,6,2023-06-01,Monsoon,Bhopal City,Kolar Road,23.175,77.445,32.4,103.3,54.1,3.5,0.4,9116.0,7,Chikungunya,65.88,High
2023,6,2023-06-01,Monsoon,Bhopal City,Habibganj,23.23,77.438,31.0,150.1,64.2,1.8,0.38,11227.0,7,Dengue,73.42,High
2023,6,2023-06-01,Monsoon,Bhopal City,Habibganj,23.23,77.438,31.0,150.1,64.2,1.8,0.38,11227.0,12,Malaria,73.46,High
2023,6,2023-06-01,Monsoon,Bhopal City,Habibganj,23.23,77.438,31.0,150.1,64.2,1.8,0.38,11227.0,13,Chikungunya,73.94,High
2023,6,2023-06-01,Monsoon,Bhopal City,Shahpura,23.195,77.435,31.4,136.8,64.0,2.5,0.42,9685.0,17,Dengue,73.42,High
2023,6,2023-06-01,Monsoon,Bhopal City,Shahpura,23.195,77.435,31.4,136.8,64.0,2.5,0.42,9685.0,12,Malaria,70.93,High
2023,6,2023-06-01,Monsoon,Bhopal City,Shahpura,23.195,77.435,31.4,136.8,64.0,2.5,0.42,9685.0,9,Chikungunya,70.92,High
2023,6,2023-06-01,Monsoon,Bhopal City,Ayodhya Nagar,23.21,77.455,31.1,139.2,53.4,4.0,0.3,10289.0,4,Dengue,62.9,High
2023,6,2023-06-01,Monsoon,Bhopal City,Ayodhya Nagar,23.21,77.455,31.1,139.2,53.4,4.0,0.3,10289.0,6,Malaria,61.21,High
2023,6,2023-06-01,Monsoon,Bhopal City,Ayodhya Nagar,23.21,77.455,31.1,139.2,53.4,4.0,0.3,10289.0,4,Chikungunya,62.99,High
2023,6,2023-06-01,Monsoon,Bhopal City,Upper Lake Area,23.25,77.39,32.6,59.6,61.3,0.2,0.75,11833.0,14,Dengue,84.27,Critical
2023,6,2023-06-01,Monsoon,Bhopal City,Upper Lake Area,23.25,77.39,32.6,59.6,61.3,0.2,0.75,11833.0,17,Malaria,84.96,Critical
2023,6,2023-06-01,Monsoon,Bhopal City,Upper Lake Area,23.25,77.39,32.6,59.6,61.3,0.2,0.75,11833.0,19,Chikungunya,84.63,Critical
2023,6,2023-06-01,Monsoon,Bhopal City,Lower Lake Area,23.255,77.405,29.8,185.4,63.3,0.3,0.7,8175.0,19,Dengue,83.35,Critical
2023,6,2023-06-01,Monsoon,Bhopal City,Lower Lake Area,23.255,77.405,29.8,185.4,63.3,0.3,0.7,8175.0,19,Malaria,83.51,Critical
2023,6,2023-06-01,Monsoon,Bhopal City,Lower Lake Area,23.255,77.405,29.8,185.4,63.3,0.3,0.7,8175.0,15,Chikungunya,81.31,Critical
2023,6,2023-06-01,Monsoon,Bhopal City,Arera Colony,23.22,77.43,32.1,153.1,72.7,2.0,0.45,10886.0,13,Dengue,75.69,Critical
2023,6,2023-06-01,Monsoon,Bhopal City,Arera Colony,23.22,77.43,32.1,153.1,72.7,2.0,0.45,10886.0,11,Malaria,74.33,High
2023,6,2023-06-01,Monsoon,Bhopal City,Arera Colony,23.22,77.43,32.1,153.1,72.7,2.0,0.45,10886.0,14,Chikungunya,75.14,Critical
2023,6,2023-06-01,Monsoon,Bhopal City,Bairagarh,23.28,77.37,34.6,130.4,60.9,1.2,0.55,7789.0,14,Dengue,76.86,Critical
2023,6,2023-06-01,Monsoon,Bhopal City,Bairagarh,23.28,77.37,34.6,130.4,60.9,1.2,0.55,7789.0,21,Malaria,77.98,Critical
2023,6,2023-06-01,Monsoon,Bhopal City,Bairagarh,23.28,77.37,34.6,130.4,60.9,1.2,0.55,7789.0,11,Chikungunya,75.18,Critical
2023,6,2023-06-01,Monsoon,Bhopal City,Misrod,23.165,77.46,29.6,162.9,56.6,3.0,0.48,7888.0,21,Dengue,71.01,High
2023,6,2023-06-01,Monsoon,Bhopal City,Misrod,23.165,77.46,29.6,162.9,56.6,3.0,0.48,7888.0,13,Malaria,67.89,High
2023,6,2023-06-01,Monsoon,Bhopal City,Misrod,23.165,77.46,29.6,162.9,56.6,3.0,0.48,7888.0,12,Chikungunya,68.96,High
2023,6,2023-06-01,Monsoon,Bhopal City,BHEL Area,23.245,77.465,34.0,149.7,56.1,3.8,0.32,8689.0,6,Dengue,63.52,High
2023,6,2023-06-01,Monsoon,Bhopal City,BHEL Area,23.245,77.465,34.0,149.7,56.1,3.8,0.32,8689.0,7,Malaria,61.98,High
2023,6,2023-06-01,Monsoon,Bhopal City,BHEL Area,23.245,77.465,34.0,149.7,56.1,3.8,0.32,8689.0,7,Chikungunya,63.84,High
2023,6,2023-06-01,Monsoon,Ashta,Ashta Town Center,23.015,76.725,31.7,85.0,61.1,1.0,0.55,7149.0,12,Dengue,76.61,Critical
2023,6,2023-06-01,Monsoon,Ashta,Ashta Town Center,23.015,76.725,31.7,85.0,61.1,1.0,0.55,7149.0,15,Malaria,77.22,Critical
2023,6,2023-06-01,Monsoon,Ashta,Ashta Town Center,23.015,76.725,31.7,85.0,61.1,1.0,0.55,7149.0,16,Chikungunya,76.69,Critical
2023,6,2023-06-01,Monsoon,Ashta,Ashta Industrial Area,23.02,76.735,31.3,126.1,65.6,2.5,0.3,2008.0,10,Dengue,64.56,High
2023,6,2023-06-01,Monsoon,Ashta,Ashta Industrial Area,23.02,76.735,31.3,126.1,65.6,2.5,0.3,2008.0,12,Malaria,65.07,High
2023,6,2023-06-01,Monsoon,Ashta,Ashta Industrial Area,23.02,76.735,31.3,126.1,65.6,2.5,0.3,2008.0,12,Chikungunya,64.31,High
2023,6,2023-06-01,Monsoon,Ashta,Ashta Rural East,23.01,76.745,31.2,152.2,50.4,0.8,0.68,1703.0,18,Dengue,74.64,High
2023,6,2023-06-01,Monsoon,Ashta,Ashta Rural East,23.01,76.745,31.2,152.2,50.4,0.8,0.68,1703.0,19,Malaria,75.83,Critical
2023,6,2023-06-01,Monsoon,Ashta,Ashta Rural East,23.01,76.745,31.2,152.2,50.4,0.8,0.68,1703.0,22,Chikungunya,75.32,Critical
2023,6,2023-06-01,Monsoon,Ashta,Ashta Nadi Belt,23.008,76.715,30.5,128.9,60.4,0.3,0.72,9871.0,17,Dengue,84.13,Critical
2023,6,2023-06-01,Monsoon,Ashta,Ashta Nadi Belt,23.008,76.715,30.5,128.9,60.4,0.3,0.72,9871.0,18,Malaria,84.21,Critical
2023,6,2023-06-01,Monsoon,Ashta,Ashta Nadi Belt,23.008,76.715,30.5,128.9,60.4,0.3,0.72,9871.0,20,Chikungunya,84.07,Critical
2023,6,2023-06-01,Monsoon,VIT Bhopal University,VIT Main Campus,23.077,76.8512,33.7,101.3,56.9,1.5,0.5,3801.0,16,Dengue,72.17,High
2023,6,2023-06-01,Monsoon,VIT Bhopal University,VIT Main Campus,23.077,76.8512,33.7,101.3,56.9,1.5,0.5,3801.0,16,Malaria,72.31,High
2023,6,2023-06-01,Monsoon,VIT Bhopal University,VIT Main Campus,23.077,76.8512,33.7,101.3,56.9,1.5,0.5,3801.0,13,Chikungunya,70.73,High
2023,6,2023-06-01,Monsoon,VIT Bhopal University,VIT Hostel Area,23.078,76.853,32.7,119.1,49.6,1.8,0.45,3623.0,13,Dengue,69.0,High
2023,6,2023-06-01,Monsoon,VIT Bhopal University,VIT Hostel Area,23.078,76.853,32.7,119.1,49.6,1.8,0.45,3623.0,11,Malaria,68.53,High
2023,6,2023-06-01,Monsoon,VIT Bhopal University,VIT Hostel Area,23.078,76.853,32.7,119.1,49.6,1.8,0.45,3623.0,14,Chikungunya,68.79,High
2023,6,2023-06-01,Monsoon,VIT Bhopal University,VIT Surrounding Village,23.072,76.848,32.8,164.5,60.1,0.6,0.62,3165.0,20,Dengue,77.38,Critical
2023,6,2023-06-01,Monsoon,VIT Bhopal University,VIT Surrounding Village,23.072,76.848,32.8,164.5,60.1,0.6,0.62,3165.0,16,Malaria,77.35,Critical
2023,6,2023-06-01,Monsoon,VIT Bhopal University,VIT Surrounding Village,23.072,76.848,32.8,164.5,60.1,0.6,0.62,3165.0,20,Chikungunya,76.58,Critical
2023,6,2023-06-01,Monsoon,VIT Bhopal University,Kotri-Kalan Area,23.083,76.855,30.8,138.1,61.1,2.0,0.4,9796.0,8,Dengue,72.67,High
2023,6,2023-06-01,Monsoon,VIT Bhopal University,Kotri-Kalan Area,23.083,76.855,30.8,138.1,61.1,2.0,0.4,9796.0,9,Malaria,71.81,High
2023,6,2023-06-01,Monsoon,VIT Bhopal University,Kotri-Kalan Area,23.083,76.855,30.8,138.1,61.1,2.0,0.4,9796.0,15,Chikungunya,73.72,High
2023,7,2023-07-01,Monsoon,Bhopal City,Old Bhopal (Chowk),23.2676,77.412,29.0,367.8,80.8,0.5,0.65,11218.0,20,Dengue,81.58,Critical
2023,7,2023-07-01,Monsoon,Bhopal City,Old Bhopal (Chowk),23.2676,77.412,29.0,367.8,80.8,0.5,0.65,11218.0,14,Malaria,79.89,Critical
2023,7,2023-07-01,Monsoon,Bhopal City,Old Bhopal (Chowk),23.2676,77.412,29.0,367.8,80.8,0.5,0.65,11218.0,22,Chikungunya,81.32,Critical
2023,7,2023-07-01,Monsoon,Bhopal City,New Market,23.235,77.423,27.4,338.7,76.1,2.1,0.35,10991.0,10,Dengue,69.95,High
2023,7,2023-07-01,Monsoon,Bhopal City,New Market,23.235,77.423,27.4,338.7,76.1,2.1,0.35,10991.0,12,Malaria,68.93,High
2023,7,2023-07-01,Monsoon,Bhopal City,New Market,23.235,77.423,27.4,338.7,76.1,2.1,0.35,10991.0,8,Chikungunya,68.62,High
2023,7,2023-07-01,Monsoon,Bhopal City,Kolar Road,23.175,77.445,28.1,335.1,89.7,3.5,0.4,9283.0,8,Dengue,65.71,High
2023,7,2023-07-01,Monsoon,Bhopal City,Kolar Road,23.175,77.445,28.1,335.1,89.7,3.5,0.4,9283.0,12,Malaria,65.13,High
2023,7,2023-07-01,Monsoon,Bhopal City,Kolar Road,23.175,77.445,28.1,335.1,89.7,3.5,0.4,9283.0,12,Chikungunya,66.66,High
2023,7,2023-07-01,Monsoon,Bhopal City,Habibganj,23.23,77.438,29.2,431.8,80.8,1.8,0.38,10444.0,13,Dengue,59.52,High
2023,7,2023-07-01,Monsoon,Bhopal City,Habibganj,23.23,77.438,29.2,431.8,80.8,1.8,0.38,10444.0,10,Malaria,56.35,High
2023,7,2023-07-01,Monsoon,Bhopal City,Habibganj,23.23,77.438,29.2,431.8,80.8,1.8,0.38,10444.0,13,Chikungunya,59.96,High
2023,7,2023-07-01,Monsoon,Bhopal City,Shahpura,23.195,77.435,28.7,383.0,80.1,2.5,0.42,4208.0,12,Dengue,65.45,High
2023,7,2023-07-01,Monsoon,Bhopal City,Shahpura,23.195,77.435,28.7,383.0,80.1,2.5,0.42,4208.0,10,Malaria,64.77,High
2023,7,2023-07-01,Monsoon,Bhopal City,Shahpura,23.195,77.435,28.7,383.0,80.1,2.5,0.42,4208.0,9,Chikungunya,64.23,High
2023,7,2023-07-01,Monsoon,Bhopal City,Ayodhya Nagar,23.21,77.455,27.5,457.8,86.8,4.0,0.3,5582.0,9,Dengue,46.91,Medium
2023,7,2023-07-01,Monsoon,Bhopal City,Ayodhya Nagar,23.21,77.455,27.5,457.8,86.8,4.0,0.3,5582.0,1,Malaria,42.87,Medium
2023,7,2023-07-01,Monsoon,Bhopal City,Ayodhya Nagar,23.21,77.455,27.5,457.8,86.8,4.0,0.3,5582.0,7,Chikungunya,47.67,Medium
2023,7,2023-07-01,Monsoon,Bhopal City,Upper Lake Area,23.25,77.39,28.8,283.3,77.8,0.2,0.75,6282.0,20,Dengue,80.38,Critical
2023,7,2023-07-01,Monsoon,Bhopal City,Upper Lake Area,23.25,77.39,28.8,283.3,77.8,0.2,0.75,6282.0,22,Malaria,81.3,Critical
2023,7,2023-07-01,Monsoon,Bhopal City,Upper Lake Area,23.25,77.39,28.8,283.3,77.8,0.2,0.75,6282.0,20,Chikungunya,79.65,Critical
2023,7,2023-07-01,Monsoon,Bhopal City,Lower Lake Area,23.255,77.405,28.1,333.9,77.2,0.3,0.7,4228.0,16,Dengue,76.86,Critical
2023,7,2023-07-01,Monsoon,Bhopal City,Lower Lake Area,23.255,77.405,28.1,333.9,77.2,0.3,0.7,4228.0,19,Malaria,78.4,Critical
2023,7,2023-07-01,Monsoon,Bhopal City,Lower Lake Area,23.255,77.405,28.1,333.9,77.2,0.3,0.7,4228.0,20,Chikungunya,77.06,Critical
2023,7,2023-07-01,Monsoon,Bhopal City,Arera Colony,23.22,77.43,30.0,295.7,78.5,2.0,0.45,10140.0,10,Dengue,71.55,High
2023,7,2023-07-01,Monsoon,Bhopal City,Arera Colony,23.22,77.43,30.0,295.7,78.5,2.0,0.45,10140.0,14,Malaria,71.22,High
2023,7,2023-07-01,Monsoon,Bhopal City,Arera Colony,23.22,77.43,30.0,295.7,78.5,2.0,0.45,10140.0,16,Chikungunya,72.56,High
2023,7,2023-07-01,Monsoon,Bhopal City,Bairagarh,23.28,77.37,27.8,439.9,81.1,1.2,0.55,6505.0,13,Dengue,60.62,High
2023,7,2023-07-01,Monsoon,Bhopal City,Bairagarh,23.28,77.37,27.8,439.9,81.1,1.2,0.55,6505.0,11,Malaria,58.94,High
2023,7,2023-07-01,Monsoon,Bhopal City,Bairagarh,23.28,77.37,27.8,439.9,81.1,1.2,0.55,6505.0,14,Chikungunya,61.32,High
2023,7,2023-07-01,Monsoon,Bhopal City,Misrod,23.165,77.46,29.0,366.4,80.5,3.0,0.48,11974.0,10,Dengue,68.45,High
2023,7,2023-07-01,Monsoon,Bhopal City,Misrod,23.165,77.46,29.0,366.4,80.5,3.0,0.48,11974.0,12,Malaria,67.42,High
2023,7,2023-07-01,Monsoon,Bhopal City,Misrod,23.165,77.46,29.0,366.4,80.5,3.0,0.48,11974.0,9,Chikungunya,68.12,High
2023,7,2023-07-01,Monsoon,Bhopal City,BHEL Area,23.245,77.465,28.1,242.4,92.9,3.8,0.32,7480.0,6,Dengue,62.24,High
2023,7,2023-07-01,Monsoon,Bhopal City,BHEL Area,23.245,77.465,28.1,242.4,92.9,3.8,0.32,7480.0,3,Malaria,60.48,High
2023,7,2023-07-01,Monsoon,Bhopal City,BHEL Area,23.245,77.465,28.1,242.4,92.9,3.8,0.32,7480.0,8,Chikungunya,62.5,High
2023,7,2023-07-01,Monsoon,Ashta,Ashta Town Center,23.015,76.725,28.5,377.2,78.0,1.0,0.55,6186.0,15,Dengue,74.25,High
2023,7,2023-07-01,Monsoon,Ashta,Ashta Town Center,23.015,76.725,28.5,377.2,78.0,1.0,0.55,6186.0,20,Malaria,75.27,Critical
2023,7,2023-07-01,Monsoon,Ashta,Ashta Town Center,23.015,76.725,28.5,377.2,78.0,1.0,0.55,6186.0,15,Chikungunya,73.39,High
2023,7,2023-07-01,Monsoon,Ashta,Ashta Industrial Area,23.02,76.735,28.2,404.2,79.7,2.5,0.3,2917.0,7,Dengue,48.98,Medium
2023,7,2023-07-01,Monsoon,Ashta,Ashta Industrial Area,23.02,76.735,28.2,404.2,79.7,2.5,0.3,2917.0,9,Malaria,48.01,Medium
2023,7,2023-07-01,Monsoon,Ashta,Ashta Industrial Area,23.02,76.735,28.2,404.2,79.7,2.5,0.3,2917.0,10,Chikungunya,50.31,High
2023,7,2023-07-01,Monsoon,Ashta,Ashta Rural East,23.01,76.745,28.7,497.5,86.4,0.8,0.68,752.0,15,Dengue,59.77,High
2023,7,2023-07-01,Monsoon,Ashta,Ashta Rural East,23.01,76.745,28.7,497.5,86.4,0.8,0.68,752.0,18,Malaria,60.68,High
2023,7,2023-07-01,Monsoon,Ashta,Ashta Rural East,23.01,76.745,28.7,497.5,86.4,0.8,0.68,752.0,15,Chikungunya,60.18,High
2023,7,2023-07-01,Monsoon,Ashta,Ashta Nadi Belt,23.008,76.715,27.9,394.8,77.0,0.3,0.72,6794.0,24,Dengue,81.01,Critical
2023,7,2023-07-01,Monsoon,Ashta,Ashta Nadi Belt,23.008,76.715,27.9,394.8,77.0,0.3,0.72,6794.0,17,Malaria,79.75,Critical
2023,7,2023-07-01,Monsoon,Ashta,Ashta Nadi Belt,23.008,76.715,27.9,394.8,77.0,0.3,0.72,6794.0,12,Chikungunya,77.09,Critical
2023,7,2023-07-01,Monsoon,VIT Bhopal University,VIT Main Campus,23.077,76.8512,26.3,298.7,77.7,1.5,0.5,3392.0,14,Dengue,69.44,High
2023,7,2023-07-01,Monsoon,VIT Bhopal University,VIT Main Campus,23.077,76.8512,26.3,298.7,77.7,1.5,0.5,3392.0,17,Malaria,70.36,High
2023,7,2023-07-01,Monsoon,VIT Bhopal University,VIT Main Campus,23.077,76.8512,26.3,298.7,77.7,1.5,0.5,3392.0,12,Chikungunya,68.19,High
2023,7,2023-07-01,Monsoon,VIT Bhopal University,VIT Hostel Area,23.078,76.853,26.9,343.9,80.8,1.8,0.45,4777.0,8,Dengue,67.84,High
2023,7,2023-07-01,Monsoon,VIT Bhopal University,VIT Hostel Area,23.078,76.853,26.9,343.9,80.8,1.8,0.45,4777.0,12,Malaria,68.77,High
2023,7,2023-07-01,Monsoon,VIT Bhopal University,VIT Hostel Area,23.078,76.853,26.9,343.9,80.8,1.8,0.45,4777.0,13,Chikungunya,68.33,High
2023,7,2023-07-01,Monsoon,VIT Bhopal University,VIT Surrounding Village,23.072,76.848,27.5,295.7,77.6,0.6,0.62,4621.0,19,Dengue,76.06,Critical
2023,7,2023-07-01,Monsoon,VIT Bhopal University,VIT Surrounding Village,23.072,76.848,27.5,295.7,77.6,0.6,0.62,4621.0,18,Malaria,76.33,Critical
2023,7,2023-07-01,Monsoon,VIT Bhopal University,VIT Surrounding Village,23.072,76.848,27.5,295.7,77.6,0.6,0.62,4621.0,24,Chikungunya,76.67,Critical
2023,7,2023-07-01,Monsoon,VIT Bhopal University,Kotri-Kalan Area,23.083,76.855,27.3,467.3,84.8,2.0,0.4,9961.0,8,Dengue,58.17,High
2023,7,2023-07-01,Monsoon,VIT Bhopal University,Kotri-Kalan Area,23.083,76.855,27.3,467.3,84.8,2.0,0.4,9961.0,10,Malaria,56.25,High
2023,7,2023-07-01,Monsoon,VIT Bhopal University,Kotri-Kalan Area,23.083,76.855,27.3,467.3,84.8,2.0,0.4,9961.0,9,Chikungunya,58.77,High
2023,8,2023-08-01,Monsoon,Bhopal City,Old Bhopal (Chowk),23.2676,77.412,24.9,210.2,86.5,0.5,0.65,10336.0,24,Dengue,74.31,High
2023,8,2023-08-01,Monsoon,Bhopal City,Old Bhopal (Chowk),23.2676,77.412,24.9,210.2,86.5,0.5,0.65,10336.0,19,Malaria,74.38,High
2023,8,2023-08-01,Monsoon,Bhopal City,Old Bhopal (Chowk),23.2676,77.412,24.9,210.2,86.5,0.5,0.65,10336.0,23,Chikungunya,72.06,High
2023,8,2023-08-01,Monsoon,Bhopal City,New Market,23.235,77.423,26.5,254.1,83.3,2.1,0.35,4972.0,8,Dengue,66.17,High
2023,8,2023-08-01,Monsoon,Bhopal City,New Market,23.235,77.423,26.5,254.1,83.3,2.1,0.35,4972.0,7,Malaria,65.78,High
2023,8,2023-08-01,Monsoon,Bhopal City,New Market,23.235,77.423,26.5,254.1,83.3,2.1,0.35,4972.0,12,Chikungunya,66.3,High
2023,8,2023-08-01,Monsoon,Bhopal City,Kolar Road,23.175,77.445,24.1,332.1,88.2,3.5,0.4,8576.0,14,Dengue,57.64,High
2023,8,2023-08-01,Monsoon,Bhopal City,Kolar Road,23.175,77.445,24.1,332.1,88.2,3.5,0.4,8576.0,7,Malaria,56.33,High
2023,8,2023-08-01,Monsoon,Bhopal City,Kolar Road,23.175,77.445,24.1,332.1,88.2,3.5,0.4,8576.0,8,Chikungunya,54.86,High
2023,8,2023-08-01,Monsoon,Bhopal City,Habibganj,23.23,77.438,27.2,224.0,82.4,1.8,0.38,6703.0,15,Dengue,70.52,High
2023,8,2023-08-01,Monsoon,Bhopal City,Habibganj,23.23,77.438,27.2,224.0,82.4,1.8,0.38,6703.0,16,Malaria,70.07,High
2023,8,2023-08-01,Monsoon,Bhopal City,Habibganj,23.23,77.438,27.2,224.0,82.4,1.8,0.38,6703.0,11,Chikungunya,68.59,High
2023,8,2023-08-01,Monsoon,Bhopal City,Shahpura,23.195,77.435,24.5,296.8,80.2,2.5,0.42,10282.0,14,Dengue,61.78,High
2023,8,2023-08-01,Monsoon,Bhopal City,Shahpura,23.195,77.435,24.5,296.8,80.2,2.5,0.42,10282.0,8,Malaria,60.66,High
2023,8,2023-08-01,Monsoon,Bhopal City,Shahpura,23.195,77.435,24.5,296.8,80.2,2.5,0.42,10282.0,14,Chikungunya,60.28,High
2023,8,2023-08-01,Monsoon,Bhopal City,Ayodhya Nagar,23.21,77.455,26.4,368.6,87.1,4.0,0.3,11540.0,6,Dengue,62.75,High
2023,8,2023-08-01,Monsoon,Bhopal City,Ayodhya Nagar,23.21,77.455,26.4,368.6,87.1,4.0,0.3,11540.0,6,Malaria,60.85,High
2023,8,2023-08-01,Monsoon,Bhopal City,Ayodhya Nagar,23.21,77.455,26.4,368.6,87.1,4.0,0.3,11540.0,6,Chikungunya,62.64,High
2023,8,2023-08-01,Monsoon,Bhopal City,Upper Lake Area,23.25,77.39,26.8,348.4,85.1,0.2,0.75,9681.0,23,Dengue,84.55,Critical
2023,8,2023-08-01,Monsoon,Bhopal City,Upper Lake Area,23.25,77.39,26.8,348.4,85.1,0.2,0.75,9681.0,18,Malaria,83.42,Critical
2023,8,2023-08-01,Monsoon,Bhopal City,Upper Lake Area,23.25,77.39,26.8,348.4,85.1,0.2,0.75,9681.0,15,Chikungunya,81.55,Critical
2023,8,2023-08-01,Monsoon,Bhopal City,Lower Lake Area,23.255,77.405,26.8,196.8,81.2,0.3,0.7,9164.0,15,Dengue,84.97,Critical
2023,8,2023-08-01,Monsoon,Bhopal City,Lower Lake Area,23.255,77.405,26.8,196.8,81.2,0.3,0.7,9164.0,24,Malaria,87.25,Critical
2023,8,2023-08-01,Monsoon,Bhopal City,Lower Lake Area,23.255,77.405,26.8,196.8,81.2,0.3,0.7,9164.0,18,Chikungunya,84.37,Critical
2023,8,2023-08-01,Monsoon,Bhopal City,Arera Colony,23.22,77.43,25.0,370.5,87.2,2.0,0.45,4870.0,15,Dengue,69.52,High
2023,8,2023-08-01,Monsoon,Bhopal City,Arera Colony,23.22,77.43,25.0,370.5,87.2,2.0,0.45,4870.0,11,Malaria,68.59,High
2023,8,2023-08-01,Monsoon,Bhopal City,Arera Colony,23.22,77.43,25.0,370.5,87.2,2.0,0.45,4870.0,10,Chikungunya,67.48,High
2023,8,2023-08-01,Monsoon,Bhopal City,Bairagarh,23.28,77.37,29.1,398.6,83.5,1.2,0.55,11388.0,19,Dengue,78.09,Critical
2023,8,2023-08-01,Monsoon,Bhopal City,Bairagarh,23.28,77.37,29.1,398.6,83.5,1.2,0.55,11388.0,15,Malaria,76.42,Critical
2023,8,2023-08-01,Monsoon,Bhopal City,Bairagarh,23.28,77.37,29.1,398.6,83.5,1.2,0.55,11388.0,11,Chikungunya,75.16,Critical
2023,8,2023-08-01,Monsoon,Bhopal City,Misrod,23.165,77.46,25.0,272.8,87.0,3.0,0.48,6069.0,13,Dengue,57.87,High
2023,8,2023-08-01,Monsoon,Bhopal City,Misrod,23.165,77.46,25.0,272.8,87.0,3.0,0.48,6069.0,11,Malaria,58.44,High
2023,8,2023-08-01,Monsoon,Bhopal City,Misrod,23.165,77.46,25.0,272.8,87.0,3.0,0.48,6069.0,14,Chikungunya,56.89,High
2023,8,2023-08-01,Monsoon,Bhopal City,BHEL Area,23.245,77.465,27.0,298.2,86.5,3.8,0.32,5581.0,2,Dengue,59.11,High
2023,8,2023-08-01,Monsoon,Bhopal City,BHEL Area,23.245,77.465,27.0,298.2,86.5,3.8,0.32,5581.0,11,Malaria,60.16,High
2023,8,2023-08-01,Monsoon,Bhopal City,BHEL Area,23.245,77.465,27.0,298.2,86.5,3.8,0.32,5581.0,4,Chikungunya,59.34,High
2023,8,2023-08-01,Monsoon,Ashta,Ashta Town Center,23.015,76.725,27.9,361.7,81.1,1.0,0.55,8178.0,12,Dengue,75.43,Critical
2023,8,2023-08-01,Monsoon,Ashta,Ashta Town Center,23.015,76.725,27.9,361.7,81.1,1.0,0.55,8178.0,13,Malaria,75.44,Critical
2023,8,2023-08-01,Monsoon,Ashta,Ashta Town Center,23.015,76.725,27.9,361.7,81.1,1.0,0.55,8178.0,15,Chikungunya,75.23,Critical
2023,8,2023-08-01,Monsoon,Ashta,Ashta Industrial Area,23.02,76.735,28.4,409.6,79.3,2.5,0.3,2509.0,8,Dengue,48.86,Medium
2023,8,2023-08-01,Monsoon,Ashta,Ashta Industrial Area,23.02,76.735,28.4,409.6,79.3,2.5,0.3,2509.0,8,Malaria,47.52,Medium
2023,8,2023-08-01,Monsoon,Ashta,Ashta Industrial Area,23.02,76.735,28.4,409.6,79.3,2.5,0.3,2509.0,9,Chikungunya,49.67,Medium
2023,8,2023-08-01,Monsoon,Ashta,Ashta Rural East,23.01,76.745,27.5,460.5,90.4,0.8,0.68,808.0,17,Dengue,60.69,High
2023,8,2023-08-01,Monsoon,Ashta,Ashta Rural East,23.01,76.745,27.5,460.5,90.4,0.8,0.68,808.0,16,Malaria,60.79,High
2023,8,2023-08-01,Monsoon,Ashta,Ashta Rural East,23.01,76.745,27.5,460.5,90.4,0.8,0.68,808.0,19,Chikungunya,61.66,High
2023,8,2023-08-01,Monsoon,Ashta,Ashta Nadi Belt,23.008,76.715,26.6,277.8,72.1,0.3,0.72,7674.0,30,Dengue,82.67,Critical
2023,8,2023-08-01,Monsoon,Ashta,Ashta Nadi Belt,23.008,76.715,26.6,277.8,72.1,0.3,0.72,7674.0,27,Malaria,81.7,Critical
2023,8,2023-08-01,Monsoon,Ashta,Ashta Nadi Belt,23.008,76.715,26.6,277.8,72.1,0.3,0.72,7674.0,23,Chikungunya,80.49,Critical
2023,8,2023-08-01,Monsoon,VIT Bhopal University,VIT Main Campus,23.077,76.8512,28.0,302.2,83.7,1.5,0.5,3398.0,20,Dengue,71.49,High
2023,8,2023-08-01,Monsoon,VIT Bhopal University,VIT Main Campus,23.077,76.8512,28.0,302.2,83.7,1.5,0.5,3398.0,17,Malaria,71.09,High
2023,8,2023-08-01,Monsoon,VIT Bhopal University,VIT Main Campus,23.077,76.8512,28.0,302.2,83.7,1.5,0.5,3398.0,16,Chikungunya,69.8,High
2023,8,2023-08-01,Monsoon,VIT Bhopal University,VIT Hostel Area,23.078,76.853,27.1,273.7,86.4,1.8,0.45,4876.0,12,Dengue,69.44,High
2023,8,2023-08-01,Monsoon,VIT Bhopal University,VIT Hostel Area,23.078,76.853,27.1,273.7,86.4,1.8,0.45,4876.0,13,Malaria,69.69,High
2023,8,2023-08-01,Monsoon,VIT Bhopal University,VIT Hostel Area,23.078,76.853,27.1,273.7,86.4,1.8,0.45,4876.0,11,Chikungunya,68.29,High
2023,8,2023-08-01,Monsoon,VIT Bhopal University,VIT Surrounding Village,23.072,76.848,27.3,262.6,81.4,0.6,0.62,4135.0,16,Dengue,75.33,Critical
2023,8,2023-08-01,Monsoon,VIT Bhopal University,VIT Surrounding Village,23.072,76.848,27.3,262.6,81.4,0.6,0.62,4135.0,17,Malaria,76.29,Critical
2023,8,2023-08-01,Monsoon,VIT Bhopal University,VIT Surrounding Village,23.072,76.848,27.3,262.6,81.4,0.6,0.62,4135.0,14,Chikungunya,73.78,High
2023,8,2023-08-01,Monsoon,VIT Bhopal University,Kotri-Kalan Area,23.083,76.855,24.7,350.3,83.3,2.0,0.4,6416.0,13,Dengue,60.58,High
2023,8,2023-08-01,Monsoon,VIT Bhopal University,Kotri-Kalan Area,23.083,76.855,24.7,350.3,83.3,2.0,0.4,6416.0,15,Malaria,62.04,High
2023,8,2023-08-01,Monsoon,VIT Bhopal University,Kotri-Kalan Area,23.083,76.855,24.7,350.3,83.3,2.0,0.4,6416.0,13,Chikungunya,58.64,High
2023,9,2023-09-01,Monsoon,Bhopal City,Old Bhopal (Chowk),23.2676,77.412,25.4,191.6,70.7,0.5,0.65,5288.0,20,Dengue,80.8,Critical
2023,9,2023-09-01,Monsoon,Bhopal City,Old Bhopal (Chowk),23.2676,77.412,25.4,191.6,70.7,0.5,0.65,5288.0,15,Malaria,80.46,Critical
2023,9,2023-09-01,Monsoon,Bhopal City,Old Bhopal (Chowk),23.2676,77.412,25.4,191.6,70.7,0.5,0.65,5288.0,16,Chikungunya,78.67,Critical
2023,9,2023-09-01,Monsoon,Bhopal City,New Market,23.235,77.423,28.1,208.1,82.2,2.1,0.35,8078.0,12,Dengue,69.5,High
2023,9,2023-09-01,Monsoon,Bhopal City,New Market,23.235,77.423,28.1,208.1,82.2,2.1,0.35,8078.0,11,Malaria,68.31,High
2023,9,2023-09-01,Monsoon,Bhopal City,New Market,23.235,77.423,28.1,208.1,82.2,2.1,0.35,8078.0,13,Chikungunya,68.98,High
2023,9,2023-09-01,Monsoon,Bhopal City,Kolar Road,23.175,77.445,26.3,164.8,84.0,3.5,0.4,9225.0,7,Dengue,68.86,High
2023,9,2023-09-01,Monsoon,Bhopal City,Kolar Road,23.175,77.445,26.3,164.8,84.0,3.5,0.4,9225.0,13,Malaria,69.02,High
2023,9,2023-09-01,Monsoon,Bhopal City,Kolar Road,23.175,77.445,26.3,164.8,84.0,3.5,0.4,9225.0,7,Chikungunya,68.36,High
2023,9,2023-09-01,Monsoon,Bhopal City,Habibganj,23.23,77.438,25.8,113.3,82.1,1.8,0.38,5456.0,11,Dengue,72.53,High
2023,9,2023-09-01,Monsoon,Bhopal City,Habibganj,23.23,77.438,25.8,113.3,82.1,1.8,0.38,5456.0,13,Malaria,73.08,High
2023,9,2023-09-01,Monsoon,Bhopal City,Habibganj,23.23,77.438,25.8,113.3,82.1,1.8,0.38,5456.0,12,Chikungunya,71.45,High
2023,9,2023-09-01,Monsoon,Bhopal City,Shahpura,23.195,77.435,28.1,162.2,71.3,2.5,0.42,10763.0,12,Dengue,73.21,High
2023,9,2023-09-01,Monsoon,Bhopal City,Shahpura,23.195,77.435,28.1,162.2,71.3,2.5,0.42,10763.0,11,Malaria,71.8,High
2023,9,2023-09-01,Monsoon,Bhopal City,Shahpura,23.195,77.435,28.1,162.2,71.3,2.5,0.42,10763.0,8,Chikungunya,71.49,High
2023,9,2023-09-01,Monsoon,Bhopal City,Ayodhya Nagar,23.21,77.455,27.9,192.6,82.5,4.0,0.3,5835.0,7,Dengue,63.2,High
2023,9,2023-09-01,Monsoon,Bhopal City,Ayodhya Nagar,23.21,77.455,27.9,192.6,82.5,4.0,0.3,5835.0,7,Malaria,62.4,High
2023,9,2023-09-01,Monsoon,Bhopal City,Ayodhya Nagar,23.21,77.455,27.9,192.6,82.5,4.0,0.3,5835.0,6,Chikungunya,62.55,High
2023,9,2023-09-01,Monsoon,Bhopal City,Upper Lake Area,23.25,77.39,25.3,143.2,84.6,0.2,0.75,7931.0,22,Dengue,86.86,Critical
2023,9,2023-09-01,Monsoon,Bhopal City,Upper Lake Area,23.25,77.39,25.3,143.2,84.6,0.2,0.75,7931.0,23,Malaria,87.71,Critical
2023,9,2023-09-01,Monsoon,Bhopal City,Upper Lake Area,23.25,77.39,25.3,143.2,84.6,0.2,0.75,7931.0,23,Chikungunya,85.95,Critical
2023,9,2023-09-01,Monsoon,Bhopal City,Lower Lake Area,23.255,77.405,29.9,172.8,87.9,0.3,0.7,9336.0,13,Dengue,85.3,Critical
2023,9,2023-09-01,Monsoon,Bhopal City,Lower Lake Area,23.255,77.405,29.9,172.8,87.9,0.3,0.7,9336.0,20,Malaria,87.35,Critical
2023,9,2023-09-01,Monsoon,Bhopal City,Lower Lake Area,23.255,77.405,29.9,172.8,87.9,0.3,0.7,9336.0,19,Chikungunya,85.32,Critical
2023,9,2023-09-01,Monsoon,Bhopal City,Arera Colony,23.22,77.43,26.4,105.6,77.3,2.0,0.45,5860.0,14,Dengue,73.07,High
2023,9,2023-09-01,Monsoon,Bhopal City,Arera Colony,23.22,77.43,26.4,105.6,77.3,2.0,0.45,5860.0,10,Malaria,72.19,High
2023,9,2023-09-01,Monsoon,Bhopal City,Arera Colony,23.22,77.43,26.4,105.6,77.3,2.0,0.45,5860.0,18,Chikungunya,73.31,High
2023,9,2023-09-01,Monsoon,Bhopal City,Bairagarh,23.28,77.37,26.9,224.0,78.4,1.2,0.55,4889.0,19,Dengue,73.49,High
2023,9,2023-09-01,Monsoon,Bhopal City,Bairagarh,23.28,77.37,26.9,224.0,78.4,1.2,0.55,4889.0,20,Malaria,73.75,High
2023,9,2023-09-01,Monsoon,Bhopal City,Bairagarh,23.28,77.37,26.9,224.0,78.4,1.2,0.55,4889.0,15,Chikungunya,71.79,High
2023,9,2023-09-01,Monsoon,Bhopal City,Misrod,23.165,77.46,30.4,173.9,84.5,3.0,0.48,11026.0,11,Dengue,73.09,High
2023,9,2023-09-01,Monsoon,Bhopal City,Misrod,23.165,77.46,30.4,173.9,84.5,3.0,0.48,11026.0,13,Malaria,72.5,High
2023,9,2023-09-01,Monsoon,Bhopal City,Misrod,23.165,77.46,30.4,173.9,84.5,3.0,0.48,11026.0,12,Chikungunya,72.88,High
2023,9,2023-09-01,Monsoon,Bhopal City,BHEL Area,23.245,77.465,24.1,163.0,77.1,3.8,0.32,8175.0,6,Dengue,56.41,High
2023,9,2023-09-01,Monsoon,Bhopal City,BHEL Area,23.245,77.465,24.1,163.0,77.1,3.8,0.32,8175.0,5,Malaria,56.6,High
2023,9,2023-09-01,Monsoon,Bhopal City,BHEL Area,23.245,77.465,24.1,163.0,77.1,3.8,0.32,8175.0,5,Chikungunya,54.55,High
2023,9,2023-09-01,Monsoon,Ashta,Ashta Town Center,23.015,76.725,28.3,189.2,74.7,1.0,0.55,8740.0,21,Dengue,81.4,Critical
2023,9,2023-09-01,Monsoon,Ashta,Ashta Town Center,23.015,76.725,28.3,189.2,74.7,1.0,0.55,8740.0,14,Malaria,79.61,Critical
2023,9,2023-09-01,Monsoon,Ashta,Ashta Town Center,23.015,76.725,28.3,189.2,74.7,1.0,0.55,8740.0,17,Chikungunya,79.33,Critical
2023,9,2023-09-01,Monsoon,Ashta,Ashta Industrial Area,23.02,76.735,27.1,203.3,72.5,2.5,0.3,3341.0,8,Dengue,61.84,High
2023,9,2023-09-01,Monsoon,Ashta,Ashta Industrial Area,23.02,76.735,27.1,203.3,72.5,2.5,0.3,3341.0,8,Malaria,61.5,High
2023,9,2023-09-01,Monsoon,Ashta,Ashta Industrial Area,23.02,76.735,27.1,203.3,72.5,2.5,0.3,3341.0,11,Chikungunya,62.05,High
2023,9,2023-09-01,Monsoon,Ashta,Ashta Rural East,23.01,76.745,26.6,195.7,73.9,0.8,0.68,1417.0,18,Dengue,76.76,Critical
2023,9,2023-09-01,Monsoon,Ashta,Ashta Rural East,23.01,76.745,26.6,195.7,73.9,0.8,0.68,1417.0,20,Malaria,78.67,Critical
2023,9,2023-09-01,Monsoon,Ashta,Ashta Rural East,23.01,76.745,26.6,195.7,73.9,0.8,0.68,1417.0,17,Chikungunya,75.56,Critical
2023,9,2023-09-01,Monsoon,Ashta,Ashta Nadi Belt,23.008,76.715,25.4,164.8,81.6,0.3,0.72,5256.0,19,Dengue,83.04,Critical
2023,9,2023-09-01,Monsoon,Ashta,Ashta Nadi Belt,23.008,76.715,25.4,164.8,81.6,0.3,0.72,5256.0,18,Malaria,83.98,Critical
2023,9,2023-09-01,Monsoon,Ashta,Ashta Nadi Belt,23.008,76.715,25.4,164.8,81.6,0.3,0.72,5256.0,25,Chikungunya,83.47,Critical
2023,9,2023-09-01,Monsoon,VIT Bhopal University,VIT Main Campus,23.077,76.8512,26.7,193.0,77.9,1.5,0.5,3901.0,17,Dengue,74.59,High
2023,9,2023-09-01,Monsoon,VIT Bhopal University,VIT Main Campus,23.077,76.8512,26.7,193.0,77.9,1.5,0.5,3901.0,12,Malaria,74.09,High
2023,9,2023-09-01,Monsoon,VIT Bhopal University,VIT Main Campus,23.077,76.8512,26.7,193.0,77.9,1.5,0.5,3901.0,14,Chikungunya,72.78,High
2023,9,2023-09-01,Monsoon,VIT Bhopal University,VIT Hostel Area,23.078,76.853,25.6,167.5,66.7,1.8,0.45,3373.0,12,Dengue,70.27,High
2023,9,2023-09-01,Monsoon,VIT Bhopal University,VIT Hostel Area,23.078,76.853,25.6,167.5,66.7,1.8,0.45,3373.0,19,Malaria,72.03,High
2023,9,2023-09-01,Monsoon,VIT Bhopal University,VIT Hostel Area,23.078,76.853,25.6,167.5,66.7,1.8,0.45,3373.0,14,Chikungunya,69.96,High
2023,9,2023-09-01,Monsoon,VIT Bhopal University,VIT Surrounding Village,23.072,76.848,24.6,206.3,83.7,0.6,0.62,3710.0,16,Dengue,66.42,High
2023,9,2023-09-01,Monsoon,VIT Bhopal University,VIT Surrounding Village,23.072,76.848,24.6,206.3,83.7,0.6,0.62,3710.0,17,Malaria,69.11,High
2023,9,2023-09-01,Monsoon,VIT Bhopal University,VIT Surrounding Village,23.072,76.848,24.6,206.3,83.7,0.6,0.62,3710.0,24,Chikungunya,66.42,High
2023,9,2023-09-01,Monsoon,VIT Bhopal University,Kotri-Kalan Area,23.083,76.855,27.4,216.9,82.5,2.0,0.4,6284.0,9,Dengue,68.24,High
2023,9,2023-09-01,Monsoon,VIT Bhopal University,Kotri-Kalan Area,23.083,76.855,27.4,216.9,82.5,2.0,0.4,6284.0,15,Malaria,69.08,High
2023,9,2023-09-01,Monsoon,VIT Bhopal University,Kotri-Kalan Area,23.083,76.855,27.4,216.9,82.5,2.0,0.4,6284.0,12,Chikungunya,68.19,High
2023,10,2023-10-01,Post-Monsoon,Bhopal City,Old Bhopal (Chowk),23.2676,77.412,26.1,32.7,58.7,0.5,0.65,8566.0,14,Dengue,68.78,High
2023,10,2023-10-01,Post-Monsoon,Bhopal City,Old Bhopal (Chowk),23.2676,77.412,26.1,32.7,58.7,0.5,0.65,8566.0,11,Malaria,66.99,High
2023,10,2023-10-01,Post-Monsoon,Bhopal City,Old Bhopal (Chowk),23.2676,77.412,26.1,32.7,58.7,0.5,0.65,8566.0,16,Chikungunya,69.53,High
2023,10,2023-10-01,Post-Monsoon,Bhopal City,New Market,23.235,77.423,23.8,42.1,64.6,2.1,0.35,8369.0,11,Dengue,50.93,High
2023,10,2023-10-01,Post-Monsoon,Bhopal City,New Market,23.235,77.423,23.8,42.1,64.6,2.1,0.35,8369.0,7,Malaria,49.57,Medium
2023,10,2023-10-01,Post-Monsoon,Bhopal City,New Market,23.235,77.423,23.8,42.1,64.6,2.1,0.35,8369.0,10,Chikungunya,49.76,Medium
2023,10,2023-10-01,Post-Monsoon,Bhopal City,Kolar Road,23.175,77.445,25.2,47.0,61.3,3.5,0.4,6052.0,8,Dengue,52.29,High
2023,10,2023-10-01,Post-Monsoon,Bhopal City,Kolar Road,23.175,77.445,25.2,47.0,61.3,3.5,0.4,6052.0,8,Malaria,50.19,High
2023,10,2023-10-01,Post-Monsoon,Bhopal City,Kolar Road,23.175,77.445,25.2,47.0,61.3,3.5,0.4,6052.0,7,Chikungunya,53.21,High
2023,10,2023-10-01,Post-Monsoon,Bhopal City,Habibganj,23.23,77.438,25.9,46.6,62.6,1.8,0.38,11301.0,13,Dengue,62.7,High
2023,10,2023-10-01,Post-Monsoon,Bhopal City,Habibganj,23.23,77.438,25.9,46.6,62.6,1.8,0.38,11301.0,7,Malaria,59.08,High
2023,10,2023-10-01,Post-Monsoon,Bhopal City,Habibganj,23.23,77.438,25.9,46.6,62.6,1.8,0.38,11301.0,9,Chikungunya,61.89,High
2023,10,2023-10-01,Post-Monsoon,Bhopal City,Shahpura,23.195,77.435,25.7,36.0,71.5,2.5,0.42,5179.0,9,Dengue,56.65,High
2023,10,2023-10-01,Post-Monsoon,Bhopal City,Shahpura,23.195,77.435,25.7,36.0,71.5,2.5,0.42,5179.0,13,Malaria,56.12,High
2023,10,2023-10-01,Post-Monsoon,Bhopal City,Shahpura,23.195,77.435,25.7,36.0,71.5,2.5,0.42,5179.0,12,Chikungunya,57.96,High
2023,10,2023-10-01,Post-Monsoon,Bhopal City,Ayodhya Nagar,23.21,77.455,24.1,40.2,52.1,4.0,0.3,7646.0,7,Dengue,40.81,Medium
2023,10,2023-10-01,Post-Monsoon,Bhopal City,Ayodhya Nagar,23.21,77.455,24.1,40.2,52.1,4.0,0.3,7646.0,4,Malaria,38.84,Medium
2023,10,2023-10-01,Post-Monsoon,Bhopal City,Ayodhya Nagar,23.21,77.455,24.1,40.2,52.1,4.0,0.3,7646.0,8,Chikungunya,41.32,Medium
2023,10,2023-10-01,Post-Monsoon,Bhopal City,Upper Lake Area,23.25,77.39,24.2,53.3,63.4,0.2,0.75,10660.0,17,Dengue,76.4,Critical
2023,10,2023-10-01,Post-Monsoon,Bhopal City,Upper Lake Area,23.25,77.39,24.2,53.3,63.4,0.2,0.75,10660.0,14,Malaria,77.41,Critical
2023,10,2023-10-01,Post-Monsoon,Bhopal City,Upper Lake Area,23.25,77.39,24.2,53.3,63.4,0.2,0.75,10660.0,14,Chikungunya,73.39,High
2023,10,2023-10-01,Post-Monsoon,Bhopal City,Lower Lake Area,23.255,77.405,23.8,35.3,66.1,0.3,0.7,7052.0,16,Dengue,61.21,High
2023,10,2023-10-01,Post-Monsoon,Bhopal City,Lower Lake Area,23.255,77.405,23.8,35.3,66.1,0.3,0.7,7052.0,13,Malaria,61.56,High
2023,10,2023-10-01,Post-Monsoon,Bhopal City,Lower Lake Area,23.255,77.405,23.8,35.3,66.1,0.3,0.7,7052.0,15,Chikungunya,59.83,High
2023,10,2023-10-01,Post-Monsoon,Bhopal City,Arera Colony,23.22,77.43,27.1,42.5,53.5,2.0,0.45,8663.0,12,Dengue,60.47,High
2023,10,2023-10-01,Post-Monsoon,Bhopal City,Arera Colony,23.22,77.43,27.1,42.5,53.5,2.0,0.45,8663.0,10,Malaria,57.82,High
2023,10,2023-10-01,Post-Monsoon,Bhopal City,Arera Colony,23.22,77.43,27.1,42.5,53.5,2.0,0.45,8663.0,9,Chikungunya,60.33,High
2023,10,2023-10-01,Post-Monsoon,Bhopal City,Bairagarh,23.28,77.37,25.1,44.8,60.7,1.2,0.55,11724.0,12,Dengue,66.13,High
2023,10,2023-10-01,Post-Monsoon,Bhopal City,Bairagarh,23.28,77.37,25.1,44.8,60.7,1.2,0.55,11724.0,12,Malaria,64.28,High
2023,10,2023-10-01,Post-Monsoon,Bhopal City,Bairagarh,23.28,77.37,25.1,44.8,60.7,1.2,0.55,11724.0,13,Chikungunya,66.69,High
2023,10,2023-10-01,Post-Monsoon,Bhopal City,Misrod,23.165,77.46,24.6,18.2,58.4,3.0,0.48,6900.0,8,Dengue,46.48,Medium
2023,10,2023-10-01,Post-Monsoon,Bhopal City,Misrod,23.165,77.46,24.6,18.2,58.4,3.0,0.48,6900.0,7,Malaria,45.91,Medium
2023,10,2023-10-01,Post-Monsoon,Bhopal City,Misrod,23.165,77.46,24.6,18.2,58.4,3.0,0.48,6900.0,10,Chikungunya,46.95,Medium
2023,10,2023-10-01,Post-Monsoon,Bhopal City,BHEL Area,23.245,77.465,26.7,50.7,56.8,3.8,0.32,5948.0,9,Dengue,62.12,High
2023,10,2023-10-01,Post-Monsoon,Bhopal City,BHEL Area,23.245,77.465,26.7,50.7,56.8,3.8,0.32,5948.0,3,Malaria,59.63,High
2023,10,2023-10-01,Post-Monsoon,Bhopal City,BHEL Area,23.245,77.465,26.7,50.7,56.8,3.8,0.32,5948.0,4,Chikungunya,60.87,High
2023,10,2023-10-01,Post-Monsoon,Ashta,Ashta Town Center,23.015,76.725,25.7,35.9,66.8,1.0,0.55,10217.0,16,Dengue,68.42,High
2023,10,2023-10-01,Post-Monsoon,Ashta,Ashta Town Center,23.015,76.725,25.7,35.9,66.8,1.0,0.55,10217.0,12,Malaria,65.81,High
2023,10,2023-10-01,Post-Monsoon,Ashta,Ashta Town Center,23.015,76.725,25.7,35.9,66.8,1.0,0.55,10217.0,13,Chikungunya,67.78,High
2023,10,2023-10-01,Post-Monsoon,Ashta,Ashta Industrial Area,23.02,76.735,27.3,33.5,54.8,2.5,0.3,2028.0,9,Dengue,51.26,High
2023,10,2023-10-01,Post-Monsoon,Ashta,Ashta Industrial Area,23.02,76.735,27.3,33.5,54.8,2.5,0.3,2028.0,9,Malaria,49.99,Medium
2023,10,2023-10-01,Post-Monsoon,Ashta,Ashta Industrial Area,23.02,76.735,27.3,33.5,54.8,2.5,0.3,2028.0,8,Chikungunya,51.55,High
2023,10,2023-10-01,Post-Monsoon,Ashta,Ashta Rural East,23.01,76.745,24.0,28.1,53.4,0.8,0.68,1708.0,18,Dengue,54.14,High
2023,10,2023-10-01,Post-Monsoon,Ashta,Ashta Rural East,23.01,76.745,24.0,28.1,53.4,0.8,0.68,1708.0,10,Malaria,53.99,High
2023,10,2023-10-01,Post-Monsoon,Ashta,Ashta Rural East,23.01,76.745,24.0,28.1,53.4,0.8,0.68,1708.0,17,Chikungunya,53.35,High
2023,10,2023-10-01,Post-Monsoon,Ashta,Ashta Nadi Belt,23.008,76.715,23.9,22.4,58.1,0.3,0.72,10175.0,21,Dengue,64.17,High
2023,10,2023-10-01,Post-Monsoon,Ashta,Ashta Nadi Belt,23.008,76.715,23.9,22.4,58.1,0.3,0.72,10175.0,18,Malaria,63.61,High
2023,10,2023-10-01,Post-Monsoon,Ashta,Ashta Nadi Belt,23.008,76.715,23.9,22.4,58.1,0.3,0.72,10175.0,13,Chikungunya,61.23,High
2023,10,2023-10-01,Post-Monsoon,VIT Bhopal University,VIT Main Campus,23.077,76.8512,21.4,45.6,69.1,1.5,0.5,4844.0,11,Dengue,52.23,High
2023,10,2023-10-01,Post-Monsoon,VIT Bhopal University,VIT Main Campus,23.077,76.8512,21.4,45.6,69.1,1.5,0.5,4844.0,8,Malaria,52.4,High
2023,10,2023-10-01,Post-Monsoon,VIT Bhopal University,VIT Main Campus,23.077,76.8512,21.4,45.6,69.1,1.5,0.5,4844.0,12,Chikungunya,51.46,High
2023,10,2023-10-01,Post-Monsoon,VIT Bhopal University,VIT Hostel Area,23.078,76.853,25.9,39.7,53.8,1.8,0.45,3812.0,12,Dengue,57.33,High
2023,10,2023-10-01,Post-Monsoon,VIT Bhopal University,VIT Hostel Area,23.078,76.853,25.9,39.7,53.8,1.8,0.45,3812.0,8,Malaria,55.34,High
2023,10,2023-10-01,Post-Monsoon,VIT Bhopal University,VIT Hostel Area,23.078,76.853,25.9,39.7,53.8,1.8,0.45,3812.0,10,Chikungunya,57.35,High
2023,10,2023-10-01,Post-Monsoon,VIT Bhopal University,VIT Surrounding Village,23.072,76.848,23.6,40.8,59.5,0.6,0.62,4893.0,11,Dengue,55.74,High
2023,10,2023-10-01,Post-Monsoon,VIT Bhopal University,VIT Surrounding Village,23.072,76.848,23.6,40.8,59.5,0.6,0.62,4893.0,12,Malaria,57.12,High
2023,10,2023-10-01,Post-Monsoon,VIT Bhopal University,VIT Surrounding Village,23.072,76.848,23.6,40.8,59.5,0.6,0.62,4893.0,11,Chikungunya,54.59,High
2023,10,2023-10-01,Post-Monsoon,VIT Bhopal University,Kotri-Kalan Area,23.083,76.855,22.0,34.5,63.5,2.0,0.4,7800.0,8,Dengue,50.51,High
2023,10,2023-10-01,Post-Monsoon,VIT Bhopal University,Kotri-Kalan Area,23.083,76.855,22.0,34.5,63.5,2.0,0.4,7800.0,10,Malaria,50.7,High
2023,10,2023-10-01,Post-Monsoon,VIT Bhopal University,Kotri-Kalan Area,23.083,76.855,22.0,34.5,63.5,2.0,0.4,7800.0,10,Chikungunya,50.12,High
2023,11,2023-11-01,Post-Monsoon,Bhopal City,Old Bhopal (Chowk),23.2676,77.412,23.2,5.7,50.6,0.5,0.65,7839.0,15,Dengue,53.83,High
2023,11,2023-11-01,Post-Monsoon,Bhopal City,Old Bhopal (Chowk),23.2676,77.412,23.2,5.7,50.6,0.5,0.65,7839.0,16,Malaria,53.87,High
2023,11,2023-11-01,Post-Monsoon,Bhopal City,Old Bhopal (Chowk),23.2676,77.412,23.2,5.7,50.6,0.5,0.65,7839.0,17,Chikungunya,54.08,High
2023,11,2023-11-01,Post-Monsoon,Bhopal City,New Market,23.235,77.423,18.4,8.2,58.4,2.1,0.35,10708.0,10,Dengue,37.58,Medium
2023,11,2023-11-01,Post-Monsoon,Bhopal City,New Market,23.235,77.423,18.4,8.2,58.4,2.1,0.35,10708.0,11,Malaria,37.91,Medium
2023,11,2023-11-01,Post-Monsoon,Bhopal City,New Market,23.235,77.423,18.4,8.2,58.4,2.1,0.35,10708.0,12,Chikungunya,36.63,Medium
2023,11,2023-11-01,Post-Monsoon,Bhopal City,Kolar Road,23.175,77.445,22.4,13.6,55.8,3.5,0.4,8369.0,5,Dengue,44.08,Medium
2023,11,2023-11-01,Post-Monsoon,Bhopal City,Kolar Road,23.175,77.445,22.4,13.6,55.8,3.5,0.4,8369.0,7,Malaria,43.52,Medium
2023,11,2023-11-01,Post-Monsoon,Bhopal City,Kolar Road,23.175,77.445,22.4,13.6,55.8,3.5,0.4,8369.0,8,Chikungunya,44.9,Medium
2023,11,2023-11-01,Post-Monsoon,Bhopal City,Habibganj,23.23,77.438,21.0,13.6,57.6,1.8,0.38,9292.0,12,Dengue,52.59,High
2023,11,2023-11-01,Post-Monsoon,Bhopal City,Habibganj,23.23,77.438,21.0,13.6,57.6,1.8,0.38,9292.0,8,Malaria,51.04,High
2023,11,2023-11-01,Post-Monsoon,Bhopal City,Habibganj,23.23,77.438,21.0,13.6,57.6,1.8,0.38,9292.0,7,Chikungunya,50.36,High
2023,11,2023-11-01,Post-Monsoon,Bhopal City,Shahpura,23.195,77.435,21.0,16.2,45.9,2.5,0.42,9858.0,9,Dengue,49.04,Medium
2023,11,2023-11-01,Post-Monsoon,Bhopal City,Shahpura,23.195,77.435,21.0,16.2,45.9,2.5,0.42,9858.0,9,Malaria,47.87,Medium
2023,11,2023-11-01,Post-Monsoon,Bhopal City,Shahpura,23.195,77.435,21.0,16.2,45.9,2.5,0.42,9858.0,8,Chikungunya,48.54,Medium
2023,11,2023-11-01,Post-Monsoon,Bhopal City,Ayodhya Nagar,23.21,77.455,20.6,13.1,52.8,4.0,0.3,6618.0,3,Dengue,39.1,Medium
2023,11,2023-11-01,Post-Monsoon,Bhopal City,Ayodhya Nagar,23.21,77.455,20.6,13.1,52.8,4.0,0.3,6618.0,1,Malaria,37.71,Medium
2023,11,2023-11-01,Post-Monsoon,Bhopal City,Ayodhya Nagar,23.21,77.455,20.6,13.1,52.8,4.0,0.3,6618.0,2,Chikungunya,38.88,Medium
2023,11,2023-11-01,Post-Monsoon,Bhopal City,Upper Lake Area,23.25,77.39,17.2,10.0,47.1,0.2,0.75,6893.0,17,Dengue,51.48,High
2023,11,2023-11-01,Post-Monsoon,Bhopal City,Upper Lake Area,23.25,77.39,17.2,10.0,47.1,0.2,0.75,6893.0,23,Malaria,54.98,High
2023,11,2023-11-01,Post-Monsoon,Bhopal City,Upper Lake Area,23.25,77.39,17.2,10.0,47.1,0.2,0.75,6893.0,12,Chikungunya,48.24,Medium
2023,11,2023-11-01,Post-Monsoon,Bhopal City,Lower Lake Area,23.255,77.405,20.9,12.4,41.0,0.3,0.7,6760.0,14,Dengue,57.99,High
2023,11,2023-11-01,Post-Monsoon,Bhopal City,Lower Lake Area,23.255,77.405,20.9,12.4,41.0,0.3,0.7,6760.0,16,Malaria,58.98,High
2023,11,2023-11-01,Post-Monsoon,Bhopal City,Lower Lake Area,23.255,77.405,20.9,12.4,41.0,0.3,0.7,6760.0,17,Chikungunya,58.15,High
2023,11,2023-11-01,Post-Monsoon,Bhopal City,Arera Colony,23.22,77.43,25.9,13.7,63.7,2.0,0.45,4150.0,11,Dengue,57.63,High
2023,11,2023-11-01,Post-Monsoon,Bhopal City,Arera Colony,23.22,77.43,25.9,13.7,63.7,2.0,0.45,4150.0,8,Malaria,55.93,High
2023,11,2023-11-01,Post-Monsoon,Bhopal City,Arera Colony,23.22,77.43,25.9,13.7,63.7,2.0,0.45,4150.0,12,Chikungunya,58.37,High
2023,11,2023-11-01,Post-Monsoon,Bhopal City,Bairagarh,23.28,77.37,21.9,13.1,53.9,1.2,0.55,10192.0,11,Dengue,56.41,High
2023,11,2023-11-01,Post-Monsoon,Bhopal City,Bairagarh,23.28,77.37,21.9,13.1,53.9,1.2,0.55,10192.0,13,Malaria,56.47,High
2023,11,2023-11-01,Post-Monsoon,Bhopal City,Bairagarh,23.28,77.37,21.9,13.1,53.9,1.2,0.55,10192.0,12,Chikungunya,55.87,High
2023,11,2023-11-01,Post-Monsoon,Bhopal City,Misrod,23.165,77.46,21.6,10.4,50.6,3.0,0.48,6312.0,7,Dengue,44.99,Medium
2023,11,2023-11-01,Post-Monsoon,Bhopal City,Misrod,23.165,77.46,21.6,10.4,50.6,3.0,0.48,6312.0,11,Malaria,45.41,Medium
2023,11,2023-11-01,Post-Monsoon,Bhopal City,Misrod,23.165,77.46,21.6,10.4,50.6,3.0,0.48,6312.0,9,Chikungunya,45.57,Medium
2023,11,2023-11-01,Post-Monsoon,Bhopal City,BHEL Area,23.245,77.465,22.7,17.1,48.6,3.8,0.32,7462.0,5,Dengue,40.75,Medium
2023,11,2023-11-01,Post-Monsoon,Bhopal City,BHEL Area,23.245,77.465,22.7,17.1,48.6,3.8,0.32,7462.0,3,Malaria,39.15,Medium
2023,11,2023-11-01,Post-Monsoon,Bhopal City,BHEL Area,23.245,77.465,22.7,17.1,48.6,3.8,0.32,7462.0,5,Chikungunya,40.9,Medium
2023,11,2023-11-01,Post-Monsoon,Ashta,Ashta Town Center,23.015,76.725,20.5,9.8,45.6,1.0,0.55,8598.0,13,Dengue,50.65,High
2023,11,2023-11-01,Post-Monsoon,Ashta,Ashta Town Center,23.015,76.725,20.5,9.8,45.6,1.0,0.55,8598.0,13,Malaria,49.93,Medium
2023,11,2023-11-01,Post-Monsoon,Ashta,Ashta Town Center,23.015,76.725,20.5,9.8,45.6,1.0,0.55,8598.0,9,Chikungunya,49.34,Medium
2023,11,2023-11-01,Post-Monsoon,Ashta,Ashta Industrial Area,23.02,76.735,22.5,10.8,57.0,2.5,0.3,3632.0,8,Dengue,43.73,Medium
2023,11,2023-11-01,Post-Monsoon,Ashta,Ashta Industrial Area,23.02,76.735,22.5,10.8,57.0,2.5,0.3,3632.0,8,Malaria,43.82,Medium
2023,11,2023-11-01,Post-Monsoon,Ashta,Ashta Industrial Area,23.02,76.735,22.5,10.8,57.0,2.5,0.3,3632.0,7,Chikungunya,42.73,Medium
2023,11,2023-11-01,Post-Monsoon,Ashta,Ashta Rural East,23.01,76.745,18.2,16.2,47.0,0.8,0.68,1447.0,15,Dengue,43.78,Medium
2023,11,2023-11-01,Post-Monsoon,Ashta,Ashta Rural East,23.01,76.745,18.2,16.2,47.0,0.8,0.68,1447.0,17,Malaria,47.27,Medium
2023,11,2023-11-01,Post-Monsoon,Ashta,Ashta Rural East,23.01,76.745,18.2,16.2,47.0,0.8,0.68,1447.0,13,Chikungunya,41.52,Medium
2023,11,2023-11-01,Post-Monsoon,Ashta,Ashta Nadi Belt,23.008,76.715,20.5,11.7,48.9,0.3,0.72,8856.0,15,Dengue,60.9,High
2023,11,2023-11-01,Post-Monsoon,Ashta,Ashta Nadi Belt,23.008,76.715,20.5,11.7,48.9,0.3,0.72,8856.0,14,Malaria,61.03,High
2023,11,2023-11-01,Post-Monsoon,Ashta,Ashta Nadi Belt,23.008,76.715,20.5,11.7,48.9,0.3,0.72,8856.0,13,Chikungunya,59.58,High
2023,11,2023-11-01,Post-Monsoon,VIT Bhopal University,VIT Main Campus,23.077,76.8512,17.2,9.6,57.0,1.5,0.5,4431.0,8,Dengue,36.17,Medium
2023,11,2023-11-01,Post-Monsoon,VIT Bhopal University,VIT Main Campus,23.077,76.8512,17.2,9.6,57.0,1.5,0.5,4431.0,13,Malaria,39.0,Medium
2023,11,2023-11-01,Post-Monsoon,VIT Bhopal University,VIT Main Campus,23.077,76.8512,17.2,9.6,57.0,1.5,0.5,4431.0,14,Chikungunya,36.23,Medium
2023,11,2023-11-01,Post-Monsoon,VIT Bhopal University,VIT Hostel Area,23.078,76.853,20.5,10.2,58.2,1.8,0.45,4095.0,9,Dengue,48.48,Medium
2023,11,2023-11-01,Post-Monsoon,VIT Bhopal University,VIT Hostel Area,23.078,76.853,20.5,10.2,58.2,1.8,0.45,4095.0,8,Malaria,48.84,Medium
2023,11,2023-11-01,Post-Monsoon,VIT Bhopal University,VIT Hostel Area,23.078,76.853,20.5,10.2,58.2,1.8,0.45,4095.0,9,Chikungunya,47.65,Medium
2023,11,2023-11-01,Post-Monsoon,VIT Bhopal University,VIT Surrounding Village,23.072,76.848,22.5,9.8,42.6,0.6,0.62,3524.0,14,Dengue,48.68,Medium
2023,11,2023-11-01,Post-Monsoon,VIT Bhopal University,VIT Surrounding Village,23.072,76.848,22.5,9.8,42.6,0.6,0.62,3524.0,17,Malaria,49.76,Medium
2023,11,2023-11-01,Post-Monsoon,VIT Bhopal University,VIT Surrounding Village,23.072,76.848,22.5,9.8,42.6,0.6,0.62,3524.0,13,Chikungunya,48.21,Medium
2023,11,2023-11-01,Post-Monsoon,VIT Bhopal University,Kotri-Kalan Area,23.083,76.855,21.7,13.9,48.8,2.0,0.4,4168.0,11,Dengue,46.86,Medium
2023,11,2023-11-01,Post-Monsoon,VIT Bhopal University,Kotri-Kalan Area,23.083,76.855,21.7,13.9,48.8,2.0,0.4,4168.0,7,Malaria,46.16,Medium
2023,11,2023-11-01,Post-Monsoon,VIT Bhopal University,Kotri-Kalan Area,23.083,76.855,21.7,13.9,48.8,2.0,0.4,4168.0,9,Chikungunya,45.76,Medium
2023,12,2023-12-01,Winter,Bhopal City,Old Bhopal (Chowk),23.2676,77.412,18.8,7.2,54.9,0.5,0.65,4440.0,12,Dengue,42.02,Medium
2023,12,2023-12-01,Winter,Bhopal City,Old Bhopal (Chowk),23.2676,77.412,18.8,7.2,54.9,0.5,0.65,4440.0,10,Malaria,43.95,Medium
2023,12,2023-12-01,Winter,Bhopal City,Old Bhopal (Chowk),23.2676,77.412,18.8,7.2,54.9,0.5,0.65,4440.0,9,Chikungunya,39.46,Medium
2023,12,2023-12-01,Winter,Bhopal City,New Market,23.235,77.423,16.5,9.7,50.4,2.1,0.35,10039.0,6,Dengue,35.82,Medium
2023,12,2023-12-01,Winter,Bhopal City,New Market,23.235,77.423,16.5,9.7,50.4,2.1,0.35,10039.0,5,Malaria,35.75,Medium
2023,12,2023-12-01,Winter,Bhopal City,New Market,23.235,77.423,16.5,9.7,50.4,2.1,0.35,10039.0,8,Chikungunya,34.87,Medium
2023,12,2023-12-01,Winter,Bhopal City,Kolar Road,23.175,77.445,15.1,10.3,58.1,3.5,0.4,7154.0,4,Dengue,34.29,Medium
2023,12,2023-12-01,Winter,Bhopal City,Kolar Road,23.175,77.445,15.1,10.3,58.1,3.5,0.4,7154.0,4,Malaria,35.26,Medium
2023,12,2023-12-01,Winter,Bhopal City,Kolar Road,23.175,77.445,15.1,10.3,58.1,3.5,0.4,7154.0,3,Chikungunya,32.71,Medium
2023,12,2023-12-01,Winter,Bhopal City,Habibganj,23.23,77.438,19.9,8.3,60.0,1.8,0.38,4541.0,8,Dengue,34.27,Medium
2023,12,2023-12-01,Winter,Bhopal City,Habibganj,23.23,77.438,19.9,8.3,60.0,1.8,0.38,4541.0,7,Malaria,35.58,Medium
2023,12,2023-12-01,Winter,Bhopal City,Habibganj,23.23,77.438,19.9,8.3,60.0,1.8,0.38,4541.0,6,Chikungunya,31.97,Medium
2023,12,2023-12-01,Winter,Bhopal City,Shahpura,23.195,77.435,17.0,7.7,55.0,2.5,0.42,10374.0,7,Dengue,35.78,Medium
2023,12,2023-12-01,Winter,Bhopal City,Shahpura,23.195,77.435,17.0,7.7,55.0,2.5,0.42,10374.0,5,Malaria,35.54,Medium
2023,12,2023-12-01,Winter,Bhopal City,Shahpura,23.195,77.435,17.0,7.7,55.0,2.5,0.42,10374.0,5,Chikungunya,34.04,Medium
2023,12,2023-12-01,Winter,Bhopal City,Ayodhya Nagar,23.21,77.455,13.8,7.1,52.9,4.0,0.3,9871.0,2,Dengue,27.67,Medium
2023,12,2023-12-01,Winter,Bhopal City,Ayodhya Nagar,23.21,77.455,13.8,7.1,52.9,4.0,0.3,9871.0,2,Malaria,27.17,Medium
2023,12,2023-12-01,Winter,Bhopal City,Ayodhya Nagar,23.21,77.455,13.8,7.1,52.9,4.0,0.3,9871.0,2,Chikungunya,26.99,Medium
2023,12,2023-12-01,Winter,Bhopal City,Upper Lake Area,23.25,77.39,15.2,7.8,47.8,0.2,0.75,9908.0,13,Dengue,48.01,Medium
2023,12,2023-12-01,Winter,Bhopal City,Upper Lake Area,23.25,77.39,15.2,7.8,47.8,0.2,0.75,9908.0,11,Malaria,48.99,Medium
2023,12,2023-12-01,Winter,Bhopal City,Upper Lake Area,23.25,77.39,15.2,7.8,47.8,0.2,0.75,9908.0,14,Chikungunya,46.77,Medium
2023,12,2023-12-01,Winter,Bhopal City,Lower Lake Area,23.255,77.405,17.9,8.8,57.4,0.3,0.7,7219.0,12,Dengue,45.71,Medium
2023,12,2023-12-01,Winter,Bhopal City,Lower Lake Area,23.255,77.405,17.9,8.8,57.4,0.3,0.7,7219.0,12,Malaria,47.72,Medium
2023,12,2023-12-01,Winter,Bhopal City,Lower Lake Area,23.255,77.405,17.9,8.8,57.4,0.3,0.7,7219.0,13,Chikungunya,44.21,Medium
2023,12,2023-12-01,Winter,Bhopal City,Arera Colony,23.22,77.43,17.1,9.7,50.4,2.0,0.45,4496.0,7,Dengue,33.02,Medium
2023,12,2023-12-01,Winter,Bhopal City,Arera Colony,23.22,77.43,17.1,9.7,50.4,2.0,0.45,4496.0,10,Malaria,35.04,Medium
2023,12,2023-12-01,Winter,Bhopal City,Arera Colony,23.22,77.43,17.1,9.7,50.4,2.0,0.45,4496.0,9,Chikungunya,32.25,Medium
2023,12,2023-12-01,Winter,Bhopal City,Bairagarh,23.28,77.37,18.1,10.3,56.6,1.2,0.55,6025.0,11,Dengue,44.7,Medium
2023,12,2023-12-01,Winter,Bhopal City,Bairagarh,23.28,77.37,18.1,10.3,56.6,1.2,0.55,6025.0,10,Malaria,46.61,Medium
2023,12,2023-12-01,Winter,Bhopal City,Bairagarh,23.28,77.37,18.1,10.3,56.6,1.2,0.55,6025.0,7,Chikungunya,41.51,Medium
2023,12,2023-12-01,Winter,Bhopal City,Misrod,23.165,77.46,17.7,9.5,53.7,3.0,0.48,10586.0,5,Dengue,33.97,Medium
2023,12,2023-12-01,Winter,Bhopal City,Misrod,23.165,77.46,17.7,9.5,53.7,3.0,0.48,10586.0,7,Malaria,34.5,Medium
2023,12,2023-12-01,Winter,Bhopal City,Misrod,23.165,77.46,17.7,9.5,53.7,3.0,0.48,10586.0,5,Chikungunya,33.15,Medium
2023,12,2023-12-01,Winter,Bhopal City,BHEL Area,23.245,77.465,16.4,6.8,55.2,3.8,0.32,9340.0,7,Dengue,29.6,Medium
2023,12,2023-12-01,Winter,Bhopal City,BHEL Area,23.245,77.465,16.4,6.8,55.2,3.8,0.32,9340.0,2,Malaria,28.17,Medium
2023,12,2023-12-01,Winter,Bhopal City,BHEL Area,23.245,77.465,16.4,6.8,55.2,3.8,0.32,9340.0,4,Chikungunya,28.15,Medium
2023,12,2023-12-01,Winter,Ashta,Ashta Town Center,23.015,76.725,17.2,7.4,50.1,1.0,0.55,9454.0,11,Dengue,42.51,Medium
2023,12,2023-12-01,Winter,Ashta,Ashta Town Center,23.015,76.725,17.2,7.4,50.1,1.0,0.55,9454.0,9,Malaria,42.99,Medium
2023,12,2023-12-01,Winter,Ashta,Ashta Town Center,23.015,76.725,17.2,7.4,50.1,1.0,0.55,9454.0,8,Chikungunya,40.11,Medium
2023,12,2023-12-01,Winter,Ashta,Ashta Industrial Area,23.02,76.735,14.0,8.1,54.2,2.5,0.3,2256.0,5,Dengue,27.82,Medium
2023,12,2023-12-01,Winter,Ashta,Ashta Industrial Area,23.02,76.735,14.0,8.1,54.2,2.5,0.3,2256.0,6,Malaria,29.55,Medium
2023,12,2023-12-01,Winter,Ashta,Ashta Industrial Area,23.02,76.735,14.0,8.1,54.2,2.5,0.3,2256.0,5,Chikungunya,26.34,Medium
2023,12,2023-12-01,Winter,Ashta,Ashta Rural East,23.01,76.745,15.4,8.4,51.4,0.8,0.68,1434.0,8,Dengue,37.53,Medium
2023,12,2023-12-01,Winter,Ashta,Ashta Rural East,23.01,76.745,15.4,8.4,51.4,0.8,0.68,1434.0,10,Malaria,40.89,Medium
2023,12,2023-12-01,Winter,Ashta,Ashta Rural East,23.01,76.745,15.4,8.4,51.4,0.8,0.68,1434.0,9,Chikungunya,36.24,Medium
2023,12,2023-12-01,Winter,Ashta,Ashta Nadi Belt,23.008,76.715,16.3,8.0,48.9,0.3,0.72,5983.0,9,Dengue,43.36,Medium
2023,12,2023-12-01,Winter,Ashta,Ashta Nadi Belt,23.008,76.715,16.3,8.0,48.9,0.3,0.72,5983.0,16,Malaria,47.0,Medium
2023,12,2023-12-01,Winter,Ashta,Ashta Nadi Belt,23.008,76.715,16.3,8.0,48.9,0.3,0.72,5983.0,10,Chikungunya,41.94,Medium
2023,12,2023-12-01,Winter,VIT Bhopal University,VIT Main Campus,23.077,76.8512,19.6,7.6,37.9,1.5,0.5,3821.0,8,Dengue,33.77,Medium
2023,12,2023-12-01,Winter,VIT Bhopal University,VIT Main Campus,23.077,76.8512,19.6,7.6,37.9,1.5,0.5,3821.0,10,Malaria,35.74,Medium
2023,12,2023-12-01,Winter,VIT Bhopal University,VIT Main Campus,23.077,76.8512,19.6,7.6,37.9,1.5,0.5,3821.0,9,Chikungunya,32.81,Medium
2023,12,2023-12-01,Winter,VIT Bhopal University,VIT Hostel Area,23.078,76.853,16.7,6.5,57.4,1.8,0.45,3106.0,8,Dengue,33.57,Medium
2023,12,2023-12-01,Winter,VIT Bhopal University,VIT Hostel Area,23.078,76.853,16.7,6.5,57.4,1.8,0.45,3106.0,10,Malaria,35.85,Medium
2023,12,2023-12-01,Winter,VIT Bhopal University,VIT Hostel Area,23.078,76.853,16.7,6.5,57.4,1.8,0.45,3106.0,6,Chikungunya,31.46,Medium
2023,12,2023-12-01,Winter,VIT Bhopal University,VIT Surrounding Village,23.072,76.848,16.0,5.1,57.3,0.6,0.62,4342.0,12,Dengue,41.52,Medium
2023,12,2023-12-01,Winter,VIT Bhopal University,VIT Surrounding Village,23.072,76.848,16.0,5.1,57.3,0.6,0.62,4342.0,10,Malaria,43.42,Medium
2023,12,2023-12-01,Winter,VIT Bhopal University,VIT Surrounding Village,23.072,76.848,16.0,5.1,57.3,0.6,0.62,4342.0,11,Chikungunya,39.48,Medium
2023,12,2023-12-01,Winter,VIT Bhopal University,Kotri-Kalan Area,23.083,76.855,16.0,7.6,54.1,2.0,0.4,7018.0,7,Dengue,34.91,Medium
2023,12,2023-12-01,Winter,VIT Bhopal University,Kotri-Kalan Area,23.083,76.855,16.0,7.6,54.1,2.0,0.4,7018.0,7,Malaria,35.81,Medium
2023,12,2023-12-01,Winter,VIT Bhopal University,Kotri-Kalan Area,23.083,76.855,16.0,7.6,54.1,2.0,0.4,7018.0,6,Chikungunya,33.12,Medium
2024,1,2024-01-01,Winter,Bhopal City,Old Bhopal (Chowk),23.2676,77.412,15.5,9.8,51.7,0.5,0.65,11311.0,11,Dengue,45.91,Medium
2024,1,2024-01-01,Winter,Bhopal City,Old Bhopal (Chowk),23.2676,77.412,15.5,9.8,51.7,0.5,0.65,11311.0,10,Malaria,46.91,Medium
2024,1,2024-01-01,Winter,Bhopal City,Old Bhopal (Chowk),23.2676,77.412,15.5,9.8,51.7,0.5,0.65,11311.0,13,Chikungunya,44.78,Medium
2024,1,2024-01-01,Winter,Bhopal City,New Market,23.235,77.423,17.2,12.6,59.3,2.1,0.35,11922.0,6,Dengue,41.71,Medium
2024,1,2024-01-01,Winter,Bhopal City,New Market,23.235,77.423,17.2,12.6,59.3,2.1,0.35,11922.0,5,Malaria,42.31,Medium
2024,1,2024-01-01,Winter,Bhopal City,New Market,23.235,77.423,17.2,12.6,59.3,2.1,0.35,11922.0,7,Chikungunya,39.8,Medium
2024,1,2024-01-01,Winter,Bhopal City,Kolar Road,23.175,77.445,15.5,14.2,63.9,3.5,0.4,6609.0,4,Dengue,34.43,Medium
2024,1,2024-01-01,Winter,Bhopal City,Kolar Road,23.175,77.445,15.5,14.2,63.9,3.5,0.4,6609.0,3,Malaria,35.43,Medium
2024,1,2024-01-01,Winter,Bhopal City,Kolar Road,23.175,77.445,15.5,14.2,63.9,3.5,0.4,6609.0,4,Chikungunya,33.02,Medium
2024,1,2024-01-01,Winter,Bhopal City,Habibganj,23.23,77.438,17.5,14.3,57.5,1.8,0.38,10821.0,6,Dengue,42.91,Medium
2024,1,2024-01-01,Winter,Bhopal City,Habibganj,23.23,77.438,17.5,14.3,57.5,1.8,0.38,10821.0,8,Malaria,44.26,Medium
2024,1,2024-01-01,Winter,Bhopal City,Habibganj,23.23,77.438,17.5,14.3,57.5,1.8,0.38,10821.0,7,Chikungunya,40.92,Medium
2024,1,2024-01-01,Winter,Bhopal City,Shahpura,23.195,77.435,17.1,8.9,50.7,2.5,0.42,4838.0,6,Dengue,30.98,Medium
2024,1,2024-01-01,Winter,Bhopal City,Shahpura,23.195,77.435,17.1,8.9,50.7,2.5,0.42,4838.0,5,Malaria,31.93,Medium
2024,1,2024-01-01,Winter,Bhopal City,Shahpura,23.195,77.435,17.1,8.9,50.7,2.5,0.42,4838.0,5,Chikungunya,29.57,Medium
2024,1,2024-01-01,Winter,Bhopal City,Ayodhya Nagar,23.21,77.455,18.2,14.0,46.6,4.0,0.3,6867.0,1,Dengue,29.39,Medium
2024,1,2024-01-01,Winter,Bhopal City,Ayodhya Nagar,23.21,77.455,18.2,14.0,46.6,4.0,0.3,6867.0,1,Malaria,29.91,Medium
2024,1,2024-01-01,Winter,Bhopal City,Ayodhya Nagar,23.21,77.455,18.2,14.0,46.6,4.0,0.3,6867.0,1,Chikungunya,28.3,Medium
2024,1,2024-01-01,Winter,Bhopal City,Upper Lake Area,23.25,77.39,15.4,12.7,49.9,0.2,0.75,5693.0,10,Dengue,49.13,Medium
2024,1,2024-01-01,Winter,Bhopal City,Upper Lake Area,23.25,77.39,15.4,12.7,49.9,0.2,0.75,5693.0,12,Malaria,52.41,High
2024,1,2024-01-01,Winter,Bhopal City,Upper Lake Area,23.25,77.39,15.4,12.7,49.9,0.2,0.75,5693.0,10,Chikungunya,46.95,Medium
2024,1,2024-01-01,Winter,Bhopal City,Lower Lake Area,23.255,77.405,16.7,10.2,60.2,0.3,0.7,7267.0,10,Dengue,50.56,High
2024,1,2024-01-01,Winter,Bhopal City,Lower Lake Area,23.255,77.405,16.7,10.2,60.2,0.3,0.7,7267.0,14,Malaria,53.99,High
2024,1,2024-01-01,Winter,Bhopal City,Lower Lake Area,23.255,77.405,16.7,10.2,60.2,0.3,0.7,7267.0,10,Chikungunya,48.13,Medium
2024,1,2024-01-01,Winter,Bhopal City,Arera Colony,23.22,77.43,19.2,9.1,58.4,2.0,0.45,9372.0,6,Dengue,37.48,Medium
2024,1,2024-01-01,Winter,Bhopal City,Arera Colony,23.22,77.43,19.2,9.1,58.4,2.0,0.45,9372.0,7,Malaria,38.34,Medium
2024,1,2024-01-01,Winter,Bhopal City,Arera Colony,23.22,77.43,19.2,9.1,58.4,2.0,0.45,9372.0,8,Chikungunya,36.51,Medium
2024,1,2024-01-01,Winter,Bhopal City,Bairagarh,23.28,77.37,18.1,11.9,50.6,1.2,0.55,10854.0,8,Dengue,46.56,Medium
2024,1,2024-01-01,Winter,Bhopal City,Bairagarh,23.28,77.37,18.1,11.9,50.6,1.2,0.55,10854.0,9,Malaria,48.08,Medium
2024,1,2024-01-01,Winter,Bhopal City,Bairagarh,23.28,77.37,18.1,11.9,50.6,1.2,0.55,10854.0,9,Chikungunya,44.77,Medium
2024,1,2024-01-01,Winter,Bhopal City,Misrod,23.165,77.46,18.4,11.7,52.6,3.0,0.48,11661.0,4,Dengue,38.62,Medium
2024,1,2024-01-01,Winter,Bhopal City,Misrod,23.165,77.46,18.4,11.7,52.6,3.0,0.48,11661.0,6,Malaria,39.67,Medium
2024,1,2024-01-01,Winter,Bhopal City,Misrod,23.165,77.46,18.4,11.7,52.6,3.0,0.48,11661.0,4,Chikungunya,37.29,Medium
2024,1,2024-01-01,Winter,Bhopal City,BHEL Area,23.245,77.465,16.8,11.5,60.1,3.8,0.32,9237.0,3,Dengue,34.04,Medium
2024,1,2024-01-01,Winter,Bhopal City,BHEL Area,23.245,77.465,16.8,11.5,60.1,3.8,0.32,9237.0,3,Malaria,34.4,Medium
2024,1,2024-01-01,Winter,Bhopal City,BHEL Area,23.245,77.465,16.8,11.5,60.1,3.8,0.32,9237.0,2,Chikungunya,32.4,Medium
2024,1,2024-01-01,Winter,Ashta,Ashta Town Center,23.015,76.725,16.3,14.7,52.6,1.0,0.55,9540.0,9,Dengue,47.35,Medium
2024,1,2024-01-01,Winter,Ashta,Ashta Town Center,23.015,76.725,16.3,14.7,52.6,1.0,0.55,9540.0,9,Malaria,48.84,Medium
2024,1,2024-01-01,Winter,Ashta,Ashta Town Center,23.015,76.725,16.3,14.7,52.6,1.0,0.55,9540.0,9,Chikungunya,45.16,Medium
2024,1,2024-01-01,Winter,Ashta,Ashta Industrial Area,23.02,76.735,15.6,12.7,51.6,2.5,0.3,3558.0,6,Dengue,33.84,Medium
2024,1,2024-01-01,Winter,Ashta,Ashta Industrial Area,23.02,76.735,15.6,12.7,51.6,2.5,0.3,3558.0,6,Malaria,35.52,Medium
2024,1,2024-01-01,Winter,Ashta,Ashta Industrial Area,23.02,76.735,15.6,12.7,51.6,2.5,0.3,3558.0,7,Chikungunya,32.23,Medium
2024,1,2024-01-01,Winter,Ashta,Ashta Rural East,23.01,76.745,17.8,6.7,51.7,0.8,0.68,1715.0,14,Dengue,39.23,Medium
2024,1,2024-01-01,Winter,Ashta,Ashta Rural East,23.01,76.745,17.8,6.7,51.7,0.8,0.68,1715.0,12,Malaria,41.5,Medium
2024,1,2024-01-01,Winter,Ashta,Ashta Rural East,23.01,76.745,17.8,6.7,51.7,0.8,0.68,1715.0,9,Chikungunya,36.49,Medium
2024,1,2024-01-01,Winter,Ashta,Ashta Nadi Belt,23.008,76.715,20.0,9.1,55.1,0.3,0.72,5025.0,9,Dengue,43.21,Medium
2024,1,2024-01-01,Winter,Ashta,Ashta Nadi Belt,23.008,76.715,20.0,9.1,55.1,0.3,0.72,5025.0,11,Malaria,46.16,Medium
2024,1,2024-01-01,Winter,Ashta,Ashta Nadi Belt,23.008,76.715,20.0,9.1,55.1,0.3,0.72,5025.0,10,Chikungunya,41.67,Medium
2024,1,2024-01-01,Winter,VIT Bhopal University,VIT Main Campus,23.077,76.8512,16.3,13.0,59.7,1.5,0.5,4296.0,10,Dengue,41.81,Medium
2024,1,2024-01-01,Winter,VIT Bhopal University,VIT Main Campus,23.077,76.8512,16.3,13.0,59.7,1.5,0.5,4296.0,11,Malaria,44.35,Medium
2024,1,2024-01-01,Winter,VIT Bhopal University,VIT Main Campus,23.077,76.8512,16.3,13.0,59.7,1.5,0.5,4296.0,7,Chikungunya,38.88,Medium
2024,1,2024-01-01,Winter,VIT Bhopal University,VIT Hostel Area,23.078,76.853,15.8,6.6,58.2,1.8,0.45,4524.0,7,Dengue,34.54,Medium
2024,1,2024-01-01,Winter,VIT Bhopal University,VIT Hostel Area,23.078,76.853,15.8,6.6,58.2,1.8,0.45,4524.0,8,Malaria,36.4,Medium
2024,1,2024-01-01,Winter,VIT Bhopal University,VIT Hostel Area,23.078,76.853,15.8,6.6,58.2,1.8,0.45,4524.0,7,Chikungunya,32.93,Medium
2024,1,2024-01-01,Winter,VIT Bhopal University,VIT Surrounding Village,23.072,76.848,15.0,11.7,46.8,0.6,0.62,3706.0,9,Dengue,44.25,Medium
2024,1,2024-01-01,Winter,VIT Bhopal University,VIT Surrounding Village,23.072,76.848,15.0,11.7,46.8,0.6,0.62,3706.0,12,Malaria,47.68,Medium
2024,1,2024-01-01,Winter,VIT Bhopal University,VIT Surrounding Village,23.072,76.848,15.0,11.7,46.8,0.6,0.62,3706.0,8,Chikungunya,41.79,Medium
2024,1,2024-01-01,Winter,VIT Bhopal University,Kotri-Kalan Area,23.083,76.855,18.5,14.8,47.3,2.0,0.4,7917.0,11,Dengue,40.9,Medium
2024,1,2024-01-01,Winter,VIT Bhopal University,Kotri-Kalan Area,23.083,76.855,18.5,14.8,47.3,2.0,0.4,7917.0,10,Malaria,41.62,Medium
2024,1,2024-01-01,Winter,VIT Bhopal University,Kotri-Kalan Area,23.083,76.855,18.5,14.8,47.3,2.0,0.4,7917.0,8,Chikungunya,38.36,Medium
2024,2,2024-02-01,Winter,Bhopal City,Old Bhopal (Chowk),23.2676,77.412,21.8,5.4,40.8,0.5,0.65,5065.0,11,Dengue,49.67,Medium
2024,2,2024-02-01,Winter,Bhopal City,Old Bhopal (Chowk),23.2676,77.412,21.8,5.4,40.8,0.5,0.65,5065.0,11,Malaria,50.04,High
2024,2,2024-02-01,Winter,Bhopal City,Old Bhopal (Chowk),23.2676,77.412,21.8,5.4,40.8,0.5,0.65,5065.0,11,Chikungunya,49.4,Medium
2024,2,2024-02-01,Winter,Bhopal City,New Market,23.235,77.423,17.3,7.4,55.2,2.1,0.35,5231.0,6,Dengue,32.48,Medium
2024,2,2024-02-01,Winter,Bhopal City,New Market,23.235,77.423,17.3,7.4,55.2,2.1,0.35,5231.0,6,Malaria,33.66,Medium
2024,2,2024-02-01,Winter,Bhopal City,New Market,23.235,77.423,17.3,7.4,55.2,2.1,0.35,5231.0,5,Chikungunya,30.6,Medium
2024,2,2024-02-01,Winter,Bhopal City,Kolar Road,23.175,77.445,17.5,7.6,42.0,3.5,0.4,8472.0,4,Dengue,28.74,Medium
2024,2,2024-02-01,Winter,Bhopal City,Kolar Road,23.175,77.445,17.5,7.6,42.0,3.5,0.4,8472.0,4,Malaria,28.62,Medium
2024,2,2024-02-01,Winter,Bhopal City,Kolar Road,23.175,77.445,17.5,7.6,42.0,3.5,0.4,8472.0,3,Chikungunya,27.98,Medium
2024,2,2024-02-01,Winter,Bhopal City,Habibganj,23.23,77.438,19.2,7.4,58.4,1.8,0.38,7995.0,6,Dengue,36.39,Medium
2024,2,2024-02-01,Winter,Bhopal City,Habibganj,23.23,77.438,19.2,7.4,58.4,1.8,0.38,7995.0,8,Malaria,37.66,Medium
2024,2,2024-02-01,Winter,Bhopal City,Habibganj,23.23,77.438,19.2,7.4,58.4,1.8,0.38,7995.0,7,Chikungunya,34.88,Medium
2024,2,2024-02-01,Winter,Bhopal City,Shahpura,23.195,77.435,18.1,8.3,41.3,2.5,0.42,8140.0,7,Dengue,32.92,Medium
2024,2,2024-02-01,Winter,Bhopal City,Shahpura,23.195,77.435,18.1,8.3,41.3,2.5,0.42,8140.0,8,Malaria,33.38,Medium
2024,2,2024-02-01,Winter,Bhopal City,Shahpura,23.195,77.435,18.1,8.3,41.3,2.5,0.42,8140.0,7,Chikungunya,32.02,Medium
2024,2,2024-02-01,Winter,Bhopal City,Ayodhya Nagar,23.21,77.455,18.5,8.4,56.2,4.0,0.3,7696.0,1,Dengue,26.01,Medium
2024,2,2024-02-01,Winter,Bhopal City,Ayodhya Nagar,23.21,77.455,18.5,8.4,56.2,4.0,0.3,7696.0,1,Malaria,26.06,Medium
2024,2,2024-02-01,Winter,Bhopal City,Ayodhya Nagar,23.21,77.455,18.5,8.4,56.2,4.0,0.3,7696.0,2,Chikungunya,25.51,Medium
2024,2,2024-02-01,Winter,Bhopal City,Upper Lake Area,23.25,77.39,22.8,8.2,53.0,0.2,0.75,11917.0,10,Dengue,56.68,High
2024,2,2024-02-01,Winter,Bhopal City,Upper Lake Area,23.25,77.39,22.8,8.2,53.0,0.2,0.75,11917.0,10,Malaria,56.66,High
2024,2,2024-02-01,Winter,Bhopal City,Upper Lake Area,23.25,77.39,22.8,8.2,53.0,0.2,0.75,11917.0,12,Chikungunya,56.7,High
2024,2,2024-02-01,Winter,Bhopal City,Lower Lake Area,23.255,77.405,19.6,8.4,55.6,0.3,0.7,8316.0,9,Dengue,45.7,Medium
2024,2,2024-02-01,Winter,Bhopal City,Lower Lake Area,23.255,77.405,19.6,8.4,55.6,0.3,0.7,8316.0,11,Malaria,47.97,Medium
2024,2,2024-02-01,Winter,Bhopal City,Lower Lake Area,23.255,77.405,19.6,8.4,55.6,0.3,0.7,8316.0,14,Chikungunya,45.22,Medium
2024,2,2024-02-01,Winter,Bhopal City,Arera Colony,23.22,77.43,18.4,6.1,47.0,2.0,0.45,7686.0,9,Dengue,35.7,Medium
2024,2,2024-02-01,Winter,Bhopal City,Arera Colony,23.22,77.43,18.4,6.1,47.0,2.0,0.45,7686.0,6,Malaria,35.75,Medium
2024,2,2024-02-01,Winter,Bhopal City,Arera Colony,23.22,77.43,18.4,6.1,47.0,2.0,0.45,7686.0,8,Chikungunya,34.25,Medium
2024,2,2024-02-01,Winter,Bhopal City,Bairagarh,23.28,77.37,18.7,7.6,40.5,1.2,0.55,6648.0,9,Dengue,38.11,Medium
2024,2,2024-02-01,Winter,Bhopal City,Bairagarh,23.28,77.37,18.7,7.6,40.5,1.2,0.55,6648.0,9,Malaria,39.35,Medium
2024,2,2024-02-01,Winter,Bhopal City,Bairagarh,23.28,77.37,18.7,7.6,40.5,1.2,0.55,6648.0,11,Chikungunya,37.34,Medium
2024,2,2024-02-01,Winter,Bhopal City,Misrod,23.165,77.46,18.9,11.2,53.6,3.0,0.48,4401.0,7,Dengue,34.96,Medium
2024,2,2024-02-01,Winter,Bhopal City,Misrod,23.165,77.46,18.9,11.2,53.6,3.0,0.48,4401.0,6,Malaria,36.44,Medium
2024,2,2024-02-01,Winter,Bhopal City,Misrod,23.165,77.46,18.9,11.2,53.6,3.0,0.48,4401.0,8,Chikungunya,34.01,Medium
2024,2,2024-02-01,Winter,Bhopal City,BHEL Area,23.245,77.465,19.2,7.5,43.6,3.8,0.32,5111.0,5,Dengue,24.57,Low
2024,2,2024-02-01,Winter,Bhopal City,BHEL Area,23.245,77.465,19.2,7.5,43.6,3.8,0.32,5111.0,3,Malaria,24.44,Low
2024,2,2024-02-01,Winter,Bhopal City,BHEL Area,23.245,77.465,19.2,7.5,43.6,3.8,0.32,5111.0,2,Chikungunya,23.28,Low
2024,2,2024-02-01,Winter,Ashta,Ashta Town Center,23.015,76.725,20.1,6.9,50.5,1.0,0.55,9538.0,9,Dengue,50.94,High
2024,2,2024-02-01,Winter,Ashta,Ashta Town Center,23.015,76.725,20.1,6.9,50.5,1.0,0.55,9538.0,9,Malaria,50.28,High
2024,2,2024-02-01,Winter,Ashta,Ashta Town Center,23.015,76.725,20.1,6.9,50.5,1.0,0.55,9538.0,9,Chikungunya,50.49,High
2024,2,2024-02-01,Winter,Ashta,Ashta Industrial Area,23.02,76.735,18.3,8.8,51.3,2.5,0.3,2373.0,7,Dengue,28.11,Medium
2024,2,2024-02-01,Winter,Ashta,Ashta Industrial Area,23.02,76.735,18.3,8.8,51.3,2.5,0.3,2373.0,5,Malaria,29.08,Medium
2024,2,2024-02-01,Winter,Ashta,Ashta Industrial Area,23.02,76.735,18.3,8.8,51.3,2.5,0.3,2373.0,5,Chikungunya,26.2,Medium
2024,2,2024-02-01,Winter,Ashta,Ashta Rural East,23.01,76.745,18.5,5.9,51.3,0.8,0.68,1888.0,8,Dengue,37.88,Medium
2024,2,2024-02-01,Winter,Ashta,Ashta Rural East,23.01,76.745,18.5,5.9,51.3,0.8,0.68,1888.0,8,Malaria,40.75,Medium
2024,2,2024-02-01,Winter,Ashta,Ashta Rural East,23.01,76.745,18.5,5.9,51.3,0.8,0.68,1888.0,10,Chikungunya,36.88,Medium
2024,2,2024-02-01,Winter,Ashta,Ashta Nadi Belt,23.008,76.715,20.7,6.5,48.6,0.3,0.72,9142.0,12,Dengue,55.37,High
2024,2,2024-02-01,Winter,Ashta,Ashta Nadi Belt,23.008,76.715,20.7,6.5,48.6,0.3,0.72,9142.0,12,Malaria,55.25,High
2024,2,2024-02-01,Winter,Ashta,Ashta Nadi Belt,23.008,76.715,20.7,6.5,48.6,0.3,0.72,9142.0,12,Chikungunya,55.0,High
2024,2,2024-02-01,Winter,VIT Bhopal University,VIT Main Campus,23.077,76.8512,20.8,8.0,41.6,1.5,0.5,4216.0,9,Dengue,43.49,Medium
2024,2,2024-02-01,Winter,VIT Bhopal University,VIT Main Campus,23.077,76.8512,20.8,8.0,41.6,1.5,0.5,4216.0,9,Malaria,43.42,Medium
2024,2,2024-02-01,Winter,VIT Bhopal University,VIT Main Campus,23.077,76.8512,20.8,8.0,41.6,1.5,0.5,4216.0,7,Chikungunya,42.86,Medium
2024,2,2024-02-01,Winter,VIT Bhopal University,VIT Hostel Area,23.078,76.853,18.7,7.6,50.6,1.8,0.45,4484.0,7,Dengue,33.75,Medium
2024,2,2024-02-01,Winter,VIT Bhopal University,VIT Hostel Area,23.078,76.853,18.7,7.6,50.6,1.8,0.45,4484.0,8,Malaria,35.47,Medium
2024,2,2024-02-01,Winter,VIT Bhopal University,VIT Hostel Area,23.078,76.853,18.7,7.6,50.6,1.8,0.45,4484.0,10,Chikungunya,33.14,Medium
2024,2,2024-02-01,Winter,VIT Bhopal University,VIT Surrounding Village,23.072,76.848,21.2,7.4,39.8,0.6,0.62,4015.0,8,Dengue,47.35,Medium
2024,2,2024-02-01,Winter,VIT Bhopal University,VIT Surrounding Village,23.072,76.848,21.2,7.4,39.8,0.6,0.62,4015.0,10,Malaria,48.32,Medium
2024,2,2024-02-01,Winter,VIT Bhopal University,VIT Surrounding Village,23.072,76.848,21.2,7.4,39.8,0.6,0.62,4015.0,14,Chikungunya,48.65,Medium
2024,2,2024-02-01,Winter,VIT Bhopal University,Kotri-Kalan Area,23.083,76.855,19.4,7.8,51.0,2.0,0.4,8227.0,6,Dengue,35.32,Medium
2024,2,2024-02-01,Winter,VIT Bhopal University,Kotri-Kalan Area,23.083,76.855,19.4,7.8,51.0,2.0,0.4,8227.0,11,Malaria,36.96,Medium
2024,2,2024-02-01,Winter,VIT Bhopal University,Kotri-Kalan Area,23.083,76.855,19.4,7.8,51.0,2.0,0.4,8227.0,9,Chikungunya,34.68,Medium
2024,3,2024-03-01,Summer,Bhopal City,Old Bhopal (Chowk),23.2676,77.412,25.8,5.0,35.7,0.5,0.65,10383.0,12,Dengue,62.15,High
2024,3,2024-03-01,Summer,Bhopal City,Old Bhopal (Chowk),23.2676,77.412,25.8,5.0,35.7,0.5,0.65,10383.0,10,Malaria,59.38,High
2024,3,2024-03-01,Summer,Bhopal City,Old Bhopal (Chowk),23.2676,77.412,25.8,5.0,35.7,0.5,0.65,10383.0,12,Chikungunya,63.22,High
2024,3,2024-03-01,Summer,Bhopal City,New Market,23.235,77.423,25.5,6.8,37.2,2.1,0.35,9478.0,7,Dengue,51.92,High
2024,3,2024-03-01,Summer,Bhopal City,New Market,23.235,77.423,25.5,6.8,37.2,2.1,0.35,9478.0,7,Malaria,48.65,Medium
2024,3,2024-03-01,Summer,Bhopal City,New Market,23.235,77.423,25.5,6.8,37.2,2.1,0.35,9478.0,8,Chikungunya,53.4,High
2024,3,2024-03-01,Summer,Bhopal City,Kolar Road,23.175,77.445,24.8,5.1,27.1,3.5,0.4,10533.0,9,Dengue,38.47,Medium
2024,3,2024-03-01,Summer,Bhopal City,Kolar Road,23.175,77.445,24.8,5.1,27.1,3.5,0.4,10533.0,5,Malaria,35.16,Medium
2024,3,2024-03-01,Summer,Bhopal City,Kolar Road,23.175,77.445,24.8,5.1,27.1,3.5,0.4,10533.0,9,Chikungunya,39.69,Medium
2024,3,2024-03-01,Summer,Bhopal City,Habibganj,23.23,77.438,23.3,4.9,34.1,1.8,0.38,8028.0,12,Dengue,44.23,Medium
2024,3,2024-03-01,Summer,Bhopal City,Habibganj,23.23,77.438,23.3,4.9,34.1,1.8,0.38,8028.0,8,Malaria,41.97,Medium
2024,3,2024-03-01,Summer,Bhopal City,Habibganj,23.23,77.438,23.3,4.9,34.1,1.8,0.38,8028.0,10,Chikungunya,43.81,Medium
2024,3,2024-03-01,Summer,Bhopal City,Shahpura,23.195,77.435,23.4,4.6,26.0,2.5,0.42,5069.0,7,Dengue,37.74,Medium
2024,3,2024-03-01,Summer,Bhopal City,Shahpura,23.195,77.435,23.4,4.6,26.0,2.5,0.42,5069.0,8,Malaria,36.91,Medium
2024,3,2024-03-01,Summer,Bhopal City,Shahpura,23.195,77.435,23.4,4.6,26.0,2.5,0.42,5069.0,7,Chikungunya,38.34,Medium
2024,3,2024-03-01,Summer,Bhopal City,Ayodhya Nagar,23.21,77.455,25.7,5.2,36.6,4.0,0.3,9007.0,4,Dengue,43.43,Medium
2024,3,2024-03-01,Summer,Bhopal City,Ayodhya Nagar,23.21,77.455,25.7,5.2,36.6,4.0,0.3,9007.0,4,Malaria,39.5,Medium
2024,3,2024-03-01,Summer,Bhopal City,Ayodhya Nagar,23.21,77.455,25.7,5.2,36.6,4.0,0.3,9007.0,2,Chikungunya,45.0,Medium
2024,3,2024-03-01,Summer,Bhopal City,Upper Lake Area,23.25,77.39,26.0,5.6,34.4,0.2,0.75,5540.0,13,Dengue,60.78,High
2024,3,2024-03-01,Summer,Bhopal City,Upper Lake Area,23.25,77.39,26.0,5.6,34.4,0.2,0.75,5540.0,17,Malaria,60.36,High
2024,3,2024-03-01,Summer,Bhopal City,Upper Lake Area,23.25,77.39,26.0,5.6,34.4,0.2,0.75,5540.0,17,Chikungunya,63.05,High
2024,3,2024-03-01,Summer,Bhopal City,Lower Lake Area,23.255,77.405,27.0,5.4,40.9,0.3,0.7,11678.0,11,Dengue,63.65,High
2024,3,2024-03-01,Summer,Bhopal City,Lower Lake Area,23.255,77.405,27.0,5.4,40.9,0.3,0.7,11678.0,11,Malaria,61.6,High
2024,3,2024-03-01,Summer,Bhopal City,Lower Lake Area,23.255,77.405,27.0,5.4,40.9,0.3,0.7,11678.0,12,Chikungunya,64.83,High
2024,3,2024-03-01,Summer,Bhopal City,Arera Colony,23.22,77.43,26.4,4.9,40.1,2.0,0.45,9645.0,11,Dengue,54.67,High
2024,3,2024-03-01,Summer,Bhopal City,Arera Colony,23.22,77.43,26.4,4.9,40.1,2.0,0.45,9645.0,9,Malaria,51.1,High
2024,3,2024-03-01,Summer,Bhopal City,Arera Colony,23.22,77.43,26.4,4.9,40.1,2.0,0.45,9645.0,12,Chikungunya,56.39,High
2024,3,2024-03-01,Summer,Bhopal City,Bairagarh,23.28,77.37,27.3,5.9,36.8,1.2,0.55,10207.0,11,Dengue,58.5,High
2024,3,2024-03-01,Summer,Bhopal City,Bairagarh,23.28,77.37,27.3,5.9,36.8,1.2,0.55,10207.0,9,Malaria,55.31,High
2024,3,2024-03-01,Summer,Bhopal City,Bairagarh,23.28,77.37,27.3,5.9,36.8,1.2,0.55,10207.0,11,Chikungunya,59.72,High
2024,3,2024-03-01,Summer,Bhopal City,Misrod,23.165,77.46,25.9,3.4,31.2,3.0,0.48,5884.0,6,Dengue,46.27,Medium
2024,3,2024-03-01,Summer,Bhopal City,Misrod,23.165,77.46,25.9,3.4,31.2,3.0,0.48,5884.0,4,Malaria,43.14,Medium
2024,3,2024-03-01,Summer,Bhopal City,Misrod,23.165,77.46,25.9,3.4,31.2,3.0,0.48,5884.0,6,Chikungunya,48.35,Medium
2024,3,2024-03-01,Summer,Bhopal City,BHEL Area,23.245,77.465,25.9,4.5,33.8,3.8,0.32,4041.0,4,Dengue,40.09,Medium
2024,3,2024-03-01,Summer,Bhopal City,BHEL Area,23.245,77.465,25.9,4.5,33.8,3.8,0.32,4041.0,6,Malaria,37.62,Medium
2024,3,2024-03-01,Summer,Bhopal City,BHEL Area,23.245,77.465,25.9,4.5,33.8,3.8,0.32,4041.0,2,Chikungunya,41.63,Medium
2024,3,2024-03-01,Summer,Ashta,Ashta Town Center,23.015,76.725,24.5,3.1,50.7,1.0,0.55,6405.0,11,Dengue,48.93,Medium
2024,3,2024-03-01,Summer,Ashta,Ashta Town Center,23.015,76.725,24.5,3.1,50.7,1.0,0.55,6405.0,13,Malaria,49.23,Medium
2024,3,2024-03-01,Summer,Ashta,Ashta Town Center,23.015,76.725,24.5,3.1,50.7,1.0,0.55,6405.0,12,Chikungunya,48.84,Medium
2024,3,2024-03-01,Summer,Ashta,Ashta Industrial Area,23.02,76.735,24.8,7.4,28.3,2.5,0.3,4000.0,8,Dengue,36.15,Medium
2024,3,2024-03-01,Summer,Ashta,Ashta Industrial Area,23.02,76.735,24.8,7.4,28.3,2.5,0.3,4000.0,9,Malaria,35.3,Medium
2024,3,2024-03-01,Summer,Ashta,Ashta Industrial Area,23.02,76.735,24.8,7.4,28.3,2.5,0.3,4000.0,6,Chikungunya,35.95,Medium
2024,3,2024-03-01,Summer,Ashta,Ashta Rural East,23.01,76.745,23.9,3.7,34.8,0.8,0.68,543.0,14,Dengue,45.39,Medium
2024,3,2024-03-01,Summer,Ashta,Ashta Rural East,23.01,76.745,23.9,3.7,34.8,0.8,0.68,543.0,11,Malaria,45.76,Medium
2024,3,2024-03-01,Summer,Ashta,Ashta Rural East,23.01,76.745,23.9,3.7,34.8,0.8,0.68,543.0,12,Chikungunya,45.04,Medium
2024,3,2024-03-01,Summer,Ashta,Ashta Nadi Belt,23.008,76.715,27.6,5.6,43.2,0.3,0.72,8004.0,15,Dengue,63.44,High
2024,3,2024-03-01,Summer,Ashta,Ashta Nadi Belt,23.008,76.715,27.6,5.6,43.2,0.3,0.72,8004.0,15,Malaria,61.73,High
2024,3,2024-03-01,Summer,Ashta,Ashta Nadi Belt,23.008,76.715,27.6,5.6,43.2,0.3,0.72,8004.0,11,Chikungunya,63.38,High
2024,3,2024-03-01,Summer,VIT Bhopal University,VIT Main Campus,23.077,76.8512,25.3,3.5,36.5,1.5,0.5,3495.0,13,Dengue,52.16,High
2024,3,2024-03-01,Summer,VIT Bhopal University,VIT Main Campus,23.077,76.8512,25.3,3.5,36.5,1.5,0.5,3495.0,7,Malaria,49.17,Medium
2024,3,2024-03-01,Summer,VIT Bhopal University,VIT Main Campus,23.077,76.8512,25.3,3.5,36.5,1.5,0.5,3495.0,10,Chikungunya,52.71,High
2024,3,2024-03-01,Summer,VIT Bhopal University,VIT Hostel Area,23.078,76.853,19.6,6.2,41.6,1.8,0.45,4721.0,7,Dengue,33.03,Medium
2024,3,2024-03-01,Summer,VIT Bhopal University,VIT Hostel Area,23.078,76.853,19.6,6.2,41.6,1.8,0.45,4721.0,7,Malaria,34.32,Medium
2024,3,2024-03-01,Summer,VIT Bhopal University,VIT Hostel Area,23.078,76.853,19.6,6.2,41.6,1.8,0.45,4721.0,6,Chikungunya,31.48,Medium
2024,3,2024-03-01,Summer,VIT Bhopal University,VIT Surrounding Village,23.072,76.848,25.1,5.9,31.3,0.6,0.62,3773.0,11,Dengue,55.83,High
2024,3,2024-03-01,Summer,VIT Bhopal University,VIT Surrounding Village,23.072,76.848,25.1,5.9,31.3,0.6,0.62,3773.0,11,Malaria,54.56,High
2024,3,2024-03-01,Summer,VIT Bhopal University,VIT Surrounding Village,23.072,76.848,25.1,5.9,31.3,0.6,0.62,3773.0,10,Chikungunya,56.66,High
2024,3,2024-03-01,Summer,VIT Bhopal University,Kotri-Kalan Area,23.083,76.855,23.7,5.8,39.7,2.0,0.4,7024.0,6,Dengue,42.03,Medium
2024,3,2024-03-01,Summer,VIT Bhopal University,Kotri-Kalan Area,23.083,76.855,23.7,5.8,39.7,2.0,0.4,7024.0,6,Malaria,41.08,Medium
2024,3,2024-03-01,Summer,VIT Bhopal University,Kotri-Kalan Area,23.083,76.855,23.7,5.8,39.7,2.0,0.4,7024.0,7,Chikungunya,42.26,Medium
2024,4,2024-04-01,Summer,Bhopal City,Old Bhopal (Chowk),23.2676,77.412,29.4,2.1,29.0,0.5,0.65,11476.0,13,Dengue,61.72,High
2024,4,2024-04-01,Summer,Bhopal City,Old Bhopal (Chowk),23.2676,77.412,29.4,2.1,29.0,0.5,0.65,11476.0,9,Malaria,58.38,High
2024,4,2024-04-01,Summer,Bhopal City,Old Bhopal (Chowk),23.2676,77.412,29.4,2.1,29.0,0.5,0.65,11476.0,15,Chikungunya,63.52,High
2024,4,2024-04-01,Summer,Bhopal City,New Market,23.235,77.423,31.3,3.5,28.6,2.1,0.35,4204.0,7,Dengue,46.84,Medium
2024,4,2024-04-01,Summer,Bhopal City,New Market,23.235,77.423,31.3,3.5,28.6,2.1,0.35,4204.0,7,Malaria,44.45,Medium
2024,4,2024-04-01,Summer,Bhopal City,New Market,23.235,77.423,31.3,3.5,28.6,2.1,0.35,4204.0,6,Chikungunya,47.93,Medium
2024,4,2024-04-01,Summer,Bhopal City,Kolar Road,23.175,77.445,27.5,2.5,29.0,3.5,0.4,9389.0,3,Dengue,45.53,Medium
2024,4,2024-04-01,Summer,Bhopal City,Kolar Road,23.175,77.445,27.5,2.5,29.0,3.5,0.4,9389.0,5,Malaria,42.21,Medium
2024,4,2024-04-01,Summer,Bhopal City,Kolar Road,23.175,77.445,27.5,2.5,29.0,3.5,0.4,9389.0,6,Chikungunya,48.51,Medium
2024,4,2024-04-01,Summer,Bhopal City,Habibganj,23.23,77.438,30.0,2.8,21.7,1.8,0.38,4946.0,7,Dengue,48.12,Medium
2024,4,2024-04-01,Summer,Bhopal City,Habibganj,23.23,77.438,30.0,2.8,21.7,1.8,0.38,4946.0,8,Malaria,45.83,Medium
2024,4,2024-04-01,Summer,Bhopal City,Habibganj,23.23,77.438,30.0,2.8,21.7,1.8,0.38,4946.0,8,Chikungunya,49.79,Medium
2024,4,2024-04-01,Summer,Bhopal City,Shahpura,23.195,77.435,32.4,3.0,30.8,2.5,0.42,11391.0,6,Dengue,50.72,High
2024,4,2024-04-01,Summer,Bhopal City,Shahpura,23.195,77.435,32.4,3.0,30.8,2.5,0.42,11391.0,8,Malaria,47.64,Medium
2024,4,2024-04-01,Summer,Bhopal City,Shahpura,23.195,77.435,32.4,3.0,30.8,2.5,0.42,11391.0,7,Chikungunya,52.67,High
2024,4,2024-04-01,Summer,Bhopal City,Ayodhya Nagar,23.21,77.455,29.3,2.0,30.6,4.0,0.3,9291.0,2,Dengue,42.57,Medium
2024,4,2024-04-01,Summer,Bhopal City,Ayodhya Nagar,23.21,77.455,29.3,2.0,30.6,4.0,0.3,9291.0,3,Malaria,38.75,Medium
2024,4,2024-04-01,Summer,Bhopal City,Ayodhya Nagar,23.21,77.455,29.3,2.0,30.6,4.0,0.3,9291.0,3,Chikungunya,45.02,Medium
2024,4,2024-04-01,Summer,Bhopal City,Upper Lake Area,23.25,77.39,28.6,2.2,28.1,0.2,0.75,7070.0,13,Dengue,61.36,High
2024,4,2024-04-01,Summer,Bhopal City,Upper Lake Area,23.25,77.39,28.6,2.2,28.1,0.2,0.75,7070.0,13,Malaria,59.71,High
2024,4,2024-04-01,Summer,Bhopal City,Upper Lake Area,23.25,77.39,28.6,2.2,28.1,0.2,0.75,7070.0,17,Chikungunya,63.76,High
2024,4,2024-04-01,Summer,Bhopal City,Lower Lake Area,23.255,77.405,33.5,2.2,35.5,0.3,0.7,9011.0,12,Dengue,62.56,High
2024,4,2024-04-01,Summer,Bhopal City,Lower Lake Area,23.255,77.405,33.5,2.2,35.5,0.3,0.7,9011.0,16,Malaria,61.37,High
2024,4,2024-04-01,Summer,Bhopal City,Lower Lake Area,23.255,77.405,33.5,2.2,35.5,0.3,0.7,9011.0,15,Chikungunya,64.45,High
2024,4,2024-04-01,Summer,Bhopal City,Arera Colony,23.22,77.43,28.6,2.4,26.4,2.0,0.45,5866.0,9,Dengue,49.79,Medium
2024,4,2024-04-01,Summer,Bhopal City,Arera Colony,23.22,77.43,28.6,2.4,26.4,2.0,0.45,5866.0,8,Malaria,46.98,Medium
2024,4,2024-04-01,Summer,Bhopal City,Arera Colony,23.22,77.43,28.6,2.4,26.4,2.0,0.45,5866.0,7,Chikungunya,50.86,High
2024,4,2024-04-01,Summer,Bhopal City,Bairagarh,23.28,77.37,29.6,3.4,32.1,1.2,0.55,11216.0,9,Dengue,57.55,High
2024,4,2024-04-01,Summer,Bhopal City,Bairagarh,23.28,77.37,29.6,3.4,32.1,1.2,0.55,11216.0,9,Malaria,54.76,High
2024,4,2024-04-01,Summer,Bhopal City,Bairagarh,23.28,77.37,29.6,3.4,32.1,1.2,0.55,11216.0,16,Chikungunya,60.75,High
2024,4,2024-04-01,Summer,Bhopal City,Misrod,23.165,77.46,30.9,2.4,19.4,3.0,0.48,9469.0,7,Dengue,48.19,Medium
2024,4,2024-04-01,Summer,Bhopal City,Misrod,23.165,77.46,30.9,2.4,19.4,3.0,0.48,9469.0,5,Malaria,44.07,Medium
2024,4,2024-04-01,Summer,Bhopal City,Misrod,23.165,77.46,30.9,2.4,19.4,3.0,0.48,9469.0,6,Chikungunya,50.27,High
2024,4,2024-04-01,Summer,Bhopal City,BHEL Area,23.245,77.465,30.5,3.9,26.0,3.8,0.32,11625.0,5,Dengue,44.32,Medium
2024,4,2024-04-01,Summer,Bhopal City,BHEL Area,23.245,77.465,30.5,3.9,26.0,3.8,0.32,11625.0,4,Malaria,39.85,Medium
2024,4,2024-04-01,Summer,Bhopal City,BHEL Area,23.245,77.465,30.5,3.9,26.0,3.8,0.32,11625.0,3,Chikungunya,46.06,Medium
2024,4,2024-04-01,Summer,Ashta,Ashta Town Center,23.015,76.725,29.5,3.5,22.7,1.0,0.55,5649.0,12,Dengue,54.57,High
2024,4,2024-04-01,Summer,Ashta,Ashta Town Center,23.015,76.725,29.5,3.5,22.7,1.0,0.55,5649.0,11,Malaria,52.21,High
2024,4,2024-04-01,Summer,Ashta,Ashta Town Center,23.015,76.725,29.5,3.5,22.7,1.0,0.55,5649.0,10,Chikungunya,55.44,High
2024,4,2024-04-01,Summer,Ashta,Ashta Industrial Area,23.02,76.735,30.6,4.0,30.3,2.5,0.3,2964.0,6,Dengue,43.85,Medium
2024,4,2024-04-01,Summer,Ashta,Ashta Industrial Area,23.02,76.735,30.6,4.0,30.3,2.5,0.3,2964.0,8,Malaria,41.92,Medium
2024,4,2024-04-01,Summer,Ashta,Ashta Industrial Area,23.02,76.735,30.6,4.0,30.3,2.5,0.3,2964.0,10,Chikungunya,46.4,Medium
2024,4,2024-04-01,Summer,Ashta,Ashta Rural East,23.01,76.745,30.2,3.3,26.0,0.8,0.68,980.0,12,Dengue,53.18,High
2024,4,2024-04-01,Summer,Ashta,Ashta Rural East,23.01,76.745,30.2,3.3,26.0,0.8,0.68,980.0,10,Malaria,51.97,High
2024,4,2024-04-01,Summer,Ashta,Ashta Rural East,23.01,76.745,30.2,3.3,26.0,0.8,0.68,980.0,13,Chikungunya,54.96,High
2024,4,2024-04-01,Summer,Ashta,Ashta Nadi Belt,23.008,76.715,31.9,3.5,34.2,0.3,0.72,10142.0,12,Dengue,63.42,High
2024,4,2024-04-01,Summer,Ashta,Ashta Nadi Belt,23.008,76.715,31.9,3.5,34.2,0.3,0.72,10142.0,13,Malaria,61.44,High
2024,4,2024-04-01,Summer,Ashta,Ashta Nadi Belt,23.008,76.715,31.9,3.5,34.2,0.3,0.72,10142.0,17,Chikungunya,65.93,High
2024,4,2024-04-01,Summer,VIT Bhopal University,VIT Main Campus,23.077,76.8512,30.6,3.4,30.5,1.5,0.5,4903.0,9,Dengue,51.73,High
2024,4,2024-04-01,Summer,VIT Bhopal University,VIT Main Campus,23.077,76.8512,30.6,3.4,30.5,1.5,0.5,4903.0,12,Malaria,50.3,High
2024,4,2024-04-01,Summer,VIT Bhopal University,VIT Main Campus,23.077,76.8512,30.6,3.4,30.5,1.5,0.5,4903.0,10,Chikungunya,53.36,High
2024,4,2024-04-01,Summer,VIT Bhopal University,VIT Hostel Area,23.078,76.853,30.7,3.1,32.4,1.8,0.45,4650.0,8,Dengue,49.9,Medium
2024,4,2024-04-01,Summer,VIT Bhopal University,VIT Hostel Area,23.078,76.853,30.7,3.1,32.4,1.8,0.45,4650.0,8,Malaria,47.78,Medium
2024,4,2024-04-01,Summer,VIT Bhopal University,VIT Hostel Area,23.078,76.853,30.7,3.1,32.4,1.8,0.45,4650.0,12,Chikungunya,52.37,High
2024,4,2024-04-01,Summer,VIT Bhopal University,VIT Surrounding Village,23.072,76.848,30.0,2.8,27.0,0.6,0.62,3176.0,17,Dengue,56.36,High
2024,4,2024-04-01,Summer,VIT Bhopal University,VIT Surrounding Village,23.072,76.848,30.0,2.8,27.0,0.6,0.62,3176.0,13,Malaria,54.08,High
2024,4,2024-04-01,Summer,VIT Bhopal University,VIT Surrounding Village,23.072,76.848,30.0,2.8,27.0,0.6,0.62,3176.0,11,Chikungunya,56.12,High
2024,4,2024-04-01,Summer,VIT Bhopal University,Kotri-Kalan Area,23.083,76.855,29.4,3.7,26.1,2.0,0.4,10752.0,9,Dengue,52.57,High
2024,4,2024-04-01,Summer,VIT Bhopal University,Kotri-Kalan Area,23.083,76.855,29.4,3.7,26.1,2.0,0.4,10752.0,6,Malaria,48.43,Medium
2024,4,2024-04-01,Summer,VIT Bhopal University,Kotri-Kalan Area,23.083,76.855,29.4,3.7,26.1,2.0,0.4,10752.0,10,Chikungunya,54.39,High
2024,5,2024-05-01,Summer,Bhopal City,Old Bhopal (Chowk),23.2676,77.412,32.9,12.1,36.1,0.5,0.65,9661.0,15,Dengue,67.64,High
2024,5,2024-05-01,Summer,Bhopal City,Old Bhopal (Chowk),23.2676,77.412,32.9,12.1,36.1,0.5,0.65,9661.0,16,Malaria,65.93,High
2024,5,2024-05-01,Summer,Bhopal City,Old Bhopal (Chowk),23.2676,77.412,32.9,12.1,36.1,0.5,0.65,9661.0,16,Chikungunya,68.59,High
2024,5,2024-05-01,Summer,Bhopal City,New Market,23.235,77.423,32.6,7.5,22.7,2.1,0.35,9793.0,9,Dengue,51.2,High
2024,5,2024-05-01,Summer,Bhopal City,New Market,23.235,77.423,32.6,7.5,22.7,2.1,0.35,9793.0,6,Malaria,46.9,Medium
2024,5,2024-05-01,Summer,Bhopal City,New Market,23.235,77.423,32.6,7.5,22.7,2.1,0.35,9793.0,7,Chikungunya,52.21,High
2024,5,2024-05-01,Summer,Bhopal City,Kolar Road,23.175,77.445,34.0,8.7,32.9,3.5,0.4,7380.0,5,Dengue,44.79,Medium
2024,5,2024-05-01,Summer,Bhopal City,Kolar Road,23.175,77.445,34.0,8.7,32.9,3.5,0.4,7380.0,7,Malaria,41.88,Medium
2024,5,2024-05-01,Summer,Bhopal City,Kolar Road,23.175,77.445,34.0,8.7,32.9,3.5,0.4,7380.0,5,Chikungunya,46.94,Medium
2024,5,2024-05-01,Summer,Bhopal City,Habibganj,23.23,77.438,30.7,5.9,25.5,1.8,0.38,9358.0,7,Dengue,52.04,High
2024,5,2024-05-01,Summer,Bhopal City,Habibganj,23.23,77.438,30.7,5.9,25.5,1.8,0.38,9358.0,8,Malaria,48.94,Medium
2024,5,2024-05-01,Summer,Bhopal City,Habibganj,23.23,77.438,30.7,5.9,25.5,1.8,0.38,9358.0,8,Chikungunya,53.63,High
2024,5,2024-05-01,Summer,Bhopal City,Shahpura,23.195,77.435,35.0,10.7,43.2,2.5,0.42,5303.0,6,Dengue,53.21,High
2024,5,2024-05-01,Summer,Bhopal City,Shahpura,23.195,77.435,35.0,10.7,43.2,2.5,0.42,5303.0,8,Malaria,51.81,High
2024,5,2024-05-01,Summer,Bhopal City,Shahpura,23.195,77.435,35.0,10.7,43.2,2.5,0.42,5303.0,7,Chikungunya,54.4,High
2024,5,2024-05-01,Summer,Bhopal City,Ayodhya Nagar,23.21,77.455,34.7,5.9,24.2,4.0,0.3,8518.0,2,Dengue,41.32,Medium
2024,5,2024-05-01,Summer,Bhopal City,Ayodhya Nagar,23.21,77.455,34.7,5.9,24.2,4.0,0.3,8518.0,1,Malaria,37.12,Medium
2024,5,2024-05-01,Summer,Bhopal City,Ayodhya Nagar,23.21,77.455,34.7,5.9,24.2,4.0,0.3,8518.0,2,Chikungunya,43.61,Medium
2024,5,2024-05-01,Summer,Bhopal City,Upper Lake Area,23.25,77.39,35.7,8.6,33.9,0.2,0.75,10820.0,14,Dengue,55.73,High
2024,5,2024-05-01,Summer,Bhopal City,Upper Lake Area,23.25,77.39,35.7,8.6,33.9,0.2,0.75,10820.0,13,Malaria,54.97,High
2024,5,2024-05-01,Summer,Bhopal City,Upper Lake Area,23.25,77.39,35.7,8.6,33.9,0.2,0.75,10820.0,10,Chikungunya,54.61,High
2024,5,2024-05-01,Summer,Bhopal City,Lower Lake Area,23.255,77.405,36.3,11.4,28.0,0.3,0.7,6716.0,13,Dengue,56.41,High
2024,5,2024-05-01,Summer,Bhopal City,Lower Lake Area,23.255,77.405,36.3,11.4,28.0,0.3,0.7,6716.0,16,Malaria,57.38,High
2024,5,2024-05-01,Summer,Bhopal City,Lower Lake Area,23.255,77.405,36.3,11.4,28.0,0.3,0.7,6716.0,15,Chikungunya,56.51,High
2024,5,2024-05-01,Summer,Bhopal City,Arera Colony,23.22,77.43,37.0,8.0,22.2,2.0,0.45,4008.0,13,Dengue,40.04,Medium
2024,5,2024-05-01,Summer,Bhopal City,Arera Colony,23.22,77.43,37.0,8.0,22.2,2.0,0.45,4008.0,9,Malaria,38.37,Medium
2024,5,2024-05-01,Summer,Bhopal City,Arera Colony,23.22,77.43,37.0,8.0,22.2,2.0,0.45,4008.0,10,Chikungunya,39.88,Medium
2024,5,2024-05-01,Summer,Bhopal City,Bairagarh,23.28,77.37,32.1,12.7,26.1,1.2,0.55,9930.0,12,Dengue,62.62,High
2024,5,2024-05-01,Summer,Bhopal City,Bairagarh,23.28,77.37,32.1,12.7,26.1,1.2,0.55,9930.0,9,Malaria,59.49,High
2024,5,2024-05-01,Summer,Bhopal City,Bairagarh,23.28,77.37,32.1,12.7,26.1,1.2,0.55,9930.0,11,Chikungunya,63.31,High
2024,5,2024-05-01,Summer,Bhopal City,Misrod,23.165,77.46,34.2,11.5,23.3,3.0,0.48,11085.0,6,Dengue,53.77,High
2024,5,2024-05-01,Summer,Bhopal City,Misrod,23.165,77.46,34.2,11.5,23.3,3.0,0.48,11085.0,9,Malaria,51.16,High
2024,5,2024-05-01,Summer,Bhopal City,Misrod,23.165,77.46,34.2,11.5,23.3,3.0,0.48,11085.0,7,Chikungunya,55.79,High
2024,5,2024-05-01,Summer,Bhopal City,BHEL Area,23.245,77.465,36.8,9.4,28.2,3.8,0.32,6626.0,5,Dengue,33.04,Medium
2024,5,2024-05-01,Summer,Bhopal City,BHEL Area,23.245,77.465,36.8,9.4,28.2,3.8,0.32,6626.0,6,Malaria,31.3,Medium
2024,5,2024-05-01,Summer,Bhopal City,BHEL Area,23.245,77.465,36.8,9.4,28.2,3.8,0.32,6626.0,4,Chikungunya,33.82,Medium
2024,5,2024-05-01,Summer,Ashta,Ashta Town Center,23.015,76.725,33.7,8.8,33.7,1.0,0.55,7921.0,10,Dengue,57.01,High
2024,5,2024-05-01,Summer,Ashta,Ashta Town Center,23.015,76.725,33.7,8.8,33.7,1.0,0.55,7921.0,14,Malaria,55.5,High
2024,5,2024-05-01,Summer,Ashta,Ashta Town Center,23.015,76.725,33.7,8.8,33.7,1.0,0.55,7921.0,9,Chikungunya,57.85,High
2024,5,2024-05-01,Summer,Ashta,Ashta Industrial Area,23.02,76.735,32.6,9.4,20.1,2.5,0.3,3996.0,8,Dengue,44.12,Medium
2024,5,2024-05-01,Summer,Ashta,Ashta Industrial Area,23.02,76.735,32.6,9.4,20.1,2.5,0.3,3996.0,5,Malaria,40.7,Medium
2024,5,2024-05-01,Summer,Ashta,Ashta Industrial Area,23.02,76.735,32.6,9.4,20.1,2.5,0.3,3996.0,8,Chikungunya,45.84,Medium
2024,5,2024-05-01,Summer,Ashta,Ashta Rural East,23.01,76.745,33.6,11.7,34.2,0.8,0.68,579.0,9,Dengue,57.97,High
2024,5,2024-05-01,Summer,Ashta,Ashta Rural East,23.01,76.745,33.6,11.7,34.2,0.8,0.68,579.0,12,Malaria,58.62,High
2024,5,2024-05-01,Summer,Ashta,Ashta Rural East,23.01,76.745,33.6,11.7,34.2,0.8,0.68,579.0,14,Chikungunya,60.08,High
2024,5,2024-05-01,Summer,Ashta,Ashta Nadi Belt,23.008,76.715,36.5,8.3,27.1,0.3,0.72,9394.0,14,Dengue,53.9,High
2024,5,2024-05-01,Summer,Ashta,Ashta Nadi Belt,23.008,76.715,36.5,8.3,27.1,0.3,0.72,9394.0,12,Malaria,52.83,High
2024,5,2024-05-01,Summer,Ashta,Ashta Nadi Belt,23.008,76.715,36.5,8.3,27.1,0.3,0.72,9394.0,13,Chikungunya,53.76,High
2024,5,2024-05-01,Summer,VIT Bhopal University,VIT Main Campus,23.077,76.8512,36.9,9.7,31.5,1.5,0.5,3292.0,10,Dengue,41.98,Medium
2024,5,2024-05-01,Summer,VIT Bhopal University,VIT Main Campus,23.077,76.8512,36.9,9.7,31.5,1.5,0.5,3292.0,14,Malaria,42.65,Medium
2024,5,2024-05-01,Summer,VIT Bhopal University,VIT Main Campus,23.077,76.8512,36.9,9.7,31.5,1.5,0.5,3292.0,7,Chikungunya,41.31,Medium
2024,5,2024-05-01,Summer,VIT Bhopal University,VIT Hostel Area,23.078,76.853,35.8,12.8,21.8,1.8,0.45,4258.0,7,Dengue,44.48,Medium
2024,5,2024-05-01,Summer,VIT Bhopal University,VIT Hostel Area,23.078,76.853,35.8,12.8,21.8,1.8,0.45,4258.0,10,Malaria,44.97,Medium
2024,5,2024-05-01,Summer,VIT Bhopal University,VIT Hostel Area,23.078,76.853,35.8,12.8,21.8,1.8,0.45,4258.0,8,Chikungunya,44.59,Medium
2024,5,2024-05-01,Summer,VIT Bhopal University,VIT Surrounding Village,23.072,76.848,34.5,13.8,27.6,0.6,0.62,4233.0,11,Dengue,60.83,High
2024,5,2024-05-01,Summer,VIT Bhopal University,VIT Surrounding Village,23.072,76.848,34.5,13.8,27.6,0.6,0.62,4233.0,11,Malaria,59.89,High
2024,5,2024-05-01,Summer,VIT Bhopal University,VIT Surrounding Village,23.072,76.848,34.5,13.8,27.6,0.6,0.62,4233.0,9,Chikungunya,60.96,High
2024,5,2024-05-01,Summer,VIT Bhopal University,Kotri-Kalan Area,23.083,76.855,35.0,13.2,26.7,2.0,0.4,5630.0,9,Dengue,45.33,Medium
2024,5,2024-05-01,Summer,VIT Bhopal University,Kotri-Kalan Area,23.083,76.855,35.0,13.2,26.7,2.0,0.4,5630.0,9,Malaria,44.78,Medium
2024,5,2024-05-01,Summer,VIT Bhopal University,Kotri-Kalan Area,23.083,76.855,35.0,13.2,26.7,2.0,0.4,5630.0,9,Chikungunya,45.16,Medium
2024,6,2024-06-01,Monsoon,Bhopal City,Old Bhopal (Chowk),23.2676,77.412,32.1,109.5,56.1,0.5,0.65,7730.0,12,Dengue,79.37,Critical
2024,6,2024-06-01,Monsoon,Bhopal City,Old Bhopal (Chowk),23.2676,77.412,32.1,109.5,56.1,0.5,0.65,7730.0,19,Malaria,80.97,Critical
2024,6,2024-06-01,Monsoon,Bhopal City,Old Bhopal (Chowk),23.2676,77.412,32.1,109.5,56.1,0.5,0.65,7730.0,23,Chikungunya,81.41,Critical
2024,6,2024-06-01,Monsoon,Bhopal City,New Market,23.235,77.423,31.5,155.4,59.4,2.1,0.35,9571.0,11,Dengue,72.18,High
2024,6,2024-06-01,Monsoon,Bhopal City,New Market,23.235,77.423,31.5,155.4,59.4,2.1,0.35,9571.0,12,Malaria,71.07,High
2024,6,2024-06-01,Monsoon,Bhopal City,New Market,23.235,77.423,31.5,155.4,59.4,2.1,0.35,9571.0,11,Chikungunya,71.39,High
2024,6,2024-06-01,Monsoon,Bhopal City,Kolar Road,23.175,77.445,31.0,163.6,60.9,3.5,0.4,7116.0,8,Dengue,65.1,High
2024,6,2024-06-01,Monsoon,Bhopal City,Kolar Road,23.175,77.445,31.0,163.6,60.9,3.5,0.4,7116.0,6,Malaria,63.58,High
2024,6,2024-06-01,Monsoon,Bhopal City,Kolar Road,23.175,77.445,31.0,163.6,60.9,3.5,0.4,7116.0,7,Chikungunya,64.82,High
2024,6,2024-06-01,Monsoon,Bhopal City,Habibganj,23.23,77.438,34.8,111.3,60.0,1.8,0.38,8855.0,12,Dengue,73.28,High
2024,6,2024-06-01,Monsoon,Bhopal City,Habibganj,23.23,77.438,34.8,111.3,60.0,1.8,0.38,8855.0,11,Malaria,72.07,High
2024,6,2024-06-01,Monsoon,Bhopal City,Habibganj,23.23,77.438,34.8,111.3,60.0,1.8,0.38,8855.0,13,Chikungunya,72.68,High
2024,6,2024-06-01,Monsoon,Bhopal City,Shahpura,23.195,77.435,33.7,116.3,47.4,2.5,0.42,11507.0,14,Dengue,71.3,High
2024,6,2024-06-01,Monsoon,Bhopal City,Shahpura,23.195,77.435,33.7,116.3,47.4,2.5,0.42,11507.0,10,Malaria,68.73,High
2024,6,2024-06-01,Monsoon,Bhopal City,Shahpura,23.195,77.435,33.7,116.3,47.4,2.5,0.42,11507.0,12,Chikungunya,70.7,High
2024,6,2024-06-01,Monsoon,Bhopal City,Ayodhya Nagar,23.21,77.455,31.9,107.3,52.1,4.0,0.3,5928.0,3,Dengue,59.27,High
2024,6,2024-06-01,Monsoon,Bhopal City,Ayodhya Nagar,23.21,77.455,31.9,107.3,52.1,4.0,0.3,5928.0,2,Malaria,57.81,High
2024,6,2024-06-01,Monsoon,Bhopal City,Ayodhya Nagar,23.21,77.455,31.9,107.3,52.1,4.0,0.3,5928.0,11,Chikungunya,61.59,High
2024,6,2024-06-01,Monsoon,Bhopal City,Upper Lake Area,23.25,77.39,33.8,169.7,57.6,0.2,0.75,6845.0,20,Dengue,82.82,Critical
2024,6,2024-06-01,Monsoon,Bhopal City,Upper Lake Area,23.25,77.39,33.8,169.7,57.6,0.2,0.75,6845.0,16,Malaria,82.42,Critical
2024,6,2024-06-01,Monsoon,Bhopal City,Upper Lake Area,23.25,77.39,33.8,169.7,57.6,0.2,0.75,6845.0,19,Chikungunya,81.8,Critical
2024,6,2024-06-01,Monsoon,Bhopal City,Lower Lake Area,23.255,77.405,32.4,150.3,64.5,0.3,0.7,5383.0,20,Dengue,81.47,Critical
2024,6,2024-06-01,Monsoon,Bhopal City,Lower Lake Area,23.255,77.405,32.4,150.3,64.5,0.3,0.7,5383.0,20,Malaria,82.17,Critical
2024,6,2024-06-01,Monsoon,Bhopal City,Lower Lake Area,23.255,77.405,32.4,150.3,64.5,0.3,0.7,5383.0,16,Chikungunya,79.44,Critical
2024,6,2024-06-01,Monsoon,Bhopal City,Arera Colony,23.22,77.43,31.1,137.6,61.6,2.0,0.45,6164.0,11,Dengue,71.03,High
2024,6,2024-06-01,Monsoon,Bhopal City,Arera Colony,23.22,77.43,31.1,137.6,61.6,2.0,0.45,6164.0,9,Malaria,70.29,High
2024,6,2024-06-01,Monsoon,Bhopal City,Arera Colony,23.22,77.43,31.1,137.6,61.6,2.0,0.45,6164.0,13,Chikungunya,70.9,High
2024,6,2024-06-01,Monsoon,Bhopal City,Bairagarh,23.28,77.37,31.2,118.3,64.8,1.2,0.55,5746.0,19,Dengue,76.81,Critical
2024,6,2024-06-01,Monsoon,Bhopal City,Bairagarh,23.28,77.37,31.2,118.3,64.8,1.2,0.55,5746.0,16,Malaria,76.22,Critical
2024,6,2024-06-01,Monsoon,Bhopal City,Bairagarh,23.28,77.37,31.2,118.3,64.8,1.2,0.55,5746.0,19,Chikungunya,76.1,Critical
2024,6,2024-06-01,Monsoon,Bhopal City,Misrod,23.165,77.46,32.6,138.1,60.3,3.0,0.48,8177.0,10,Dengue,68.97,High
2024,6,2024-06-01,Monsoon,Bhopal City,Misrod,23.165,77.46,32.6,138.1,60.3,3.0,0.48,8177.0,12,Malaria,68.31,High
2024,6,2024-06-01,Monsoon,Bhopal City,Misrod,23.165,77.46,32.6,138.1,60.3,3.0,0.48,8177.0,11,Chikungunya,69.21,High
2024,6,2024-06-01,Monsoon,Bhopal City,BHEL Area,23.245,77.465,28.0,125.5,64.6,3.8,0.32,10318.0,7,Dengue,65.66,High
2024,6,2024-06-01,Monsoon,Bhopal City,BHEL Area,23.245,77.465,28.0,125.5,64.6,3.8,0.32,10318.0,6,Malaria,63.59,High
2024,6,2024-06-01,Monsoon,Bhopal City,BHEL Area,23.245,77.465,28.0,125.5,64.6,3.8,0.32,10318.0,5,Chikungunya,65.01,High
2024,6,2024-06-01,Monsoon,Ashta,Ashta Town Center,23.015,76.725,31.7,184.5,61.8,1.0,0.55,5843.0,12,Dengue,75.63,Critical
2024,6,2024-06-01,Monsoon,Ashta,Ashta Town Center,23.015,76.725,31.7,184.5,61.8,1.0,0.55,5843.0,19,Malaria,77.32,Critical
2024,6,2024-06-01,Monsoon,Ashta,Ashta Town Center,23.015,76.725,31.7,184.5,61.8,1.0,0.55,5843.0,12,Chikungunya,74.58,High
2024,6,2024-06-01,Monsoon,Ashta,Ashta Industrial Area,23.02,76.735,31.0,110.4,67.4,2.5,0.3,2147.0,9,Dengue,64.62,High
2024,6,2024-06-01,Monsoon,Ashta,Ashta Industrial Area,23.02,76.735,31.0,110.4,67.4,2.5,0.3,2147.0,9,Malaria,64.77,High
2024,6,2024-06-01,Monsoon,Ashta,Ashta Industrial Area,23.02,76.735,31.0,110.4,67.4,2.5,0.3,2147.0,10,Chikungunya,64.01,High
2024,6,2024-06-01,Monsoon,Ashta,Ashta Rural East,23.01,76.745,32.6,168.7,67.8,0.8,0.68,1949.0,15,Dengue,75.86,Critical
2024,6,2024-06-01,Monsoon,Ashta,Ashta Rural East,23.01,76.745,32.6,168.7,67.8,0.8,0.68,1949.0,23,Malaria,78.87,Critical
2024,6,2024-06-01,Monsoon,Ashta,Ashta Rural East,23.01,76.745,32.6,168.7,67.8,0.8,0.68,1949.0,18,Chikungunya,75.79,Critical
2024,6,2024-06-01,Monsoon,Ashta,Ashta Nadi Belt,23.008,76.715,31.3,151.5,63.7,0.3,0.72,11359.0,19,Dengue,85.05,Critical
2024,6,2024-06-01,Monsoon,Ashta,Ashta Nadi Belt,23.008,76.715,31.3,151.5,63.7,0.3,0.72,11359.0,21,Malaria,85.29,Critical
2024,6,2024-06-01,Monsoon,Ashta,Ashta Nadi Belt,23.008,76.715,31.3,151.5,63.7,0.3,0.72,11359.0,21,Chikungunya,84.72,Critical
2024,6,2024-06-01,Monsoon,VIT Bhopal University,VIT Main Campus,23.077,76.8512,31.8,98.9,64.9,1.5,0.5,3987.0,15,Dengue,72.88,High
2024,6,2024-06-01,Monsoon,VIT Bhopal University,VIT Main Campus,23.077,76.8512,31.8,98.9,64.9,1.5,0.5,3987.0,15,Malaria,73.18,High
2024,6,2024-06-01,Monsoon,VIT Bhopal University,VIT Main Campus,23.077,76.8512,31.8,98.9,64.9,1.5,0.5,3987.0,15,Chikungunya,72.08,High
2024,6,2024-06-01,Monsoon,VIT Bhopal University,VIT Hostel Area,23.078,76.853,32.9,152.4,52.8,1.8,0.45,3262.0,18,Dengue,70.23,High
2024,6,2024-06-01,Monsoon,VIT Bhopal University,VIT Hostel Area,23.078,76.853,32.9,152.4,52.8,1.8,0.45,3262.0,14,Malaria,69.29,High
2024,6,2024-06-01,Monsoon,VIT Bhopal University,VIT Hostel Area,23.078,76.853,32.9,152.4,52.8,1.8,0.45,3262.0,11,Chikungunya,67.91,High
2024,6,2024-06-01,Monsoon,VIT Bhopal University,VIT Surrounding Village,23.072,76.848,30.9,115.6,56.5,0.6,0.62,4609.0,18,Dengue,77.69,Critical
2024,6,2024-06-01,Monsoon,VIT Bhopal University,VIT Surrounding Village,23.072,76.848,30.9,115.6,56.5,0.6,0.62,4609.0,17,Malaria,77.98,Critical
2024,6,2024-06-01,Monsoon,VIT Bhopal University,VIT Surrounding Village,23.072,76.848,30.9,115.6,56.5,0.6,0.62,4609.0,18,Chikungunya,76.88,Critical
2024,6,2024-06-01,Monsoon,VIT Bhopal University,Kotri-Kalan Area,23.083,76.855,33.6,121.0,54.8,2.0,0.4,5048.0,9,Dengue,68.48,High
2024,6,2024-06-01,Monsoon,VIT Bhopal University,Kotri-Kalan Area,23.083,76.855,33.6,121.0,54.8,2.0,0.4,5048.0,14,Malaria,69.2,High
2024,6,2024-06-01,Monsoon,VIT Bhopal University,Kotri-Kalan Area,23.083,76.855,33.6,121.0,54.8,2.0,0.4,5048.0,7,Chikungunya,67.18,High
2024,7,2024-07-01,Monsoon,Bhopal City,Old Bhopal (Chowk),23.2676,77.412,30.4,436.1,76.3,0.5,0.65,10448.0,18,Dengue,67.65,High
2024,7,2024-07-01,Monsoon,Bhopal City,Old Bhopal (Chowk),23.2676,77.412,30.4,436.1,76.3,0.5,0.65,10448.0,16,Malaria,65.45,High
2024,7,2024-07-01,Monsoon,Bhopal City,Old Bhopal (Chowk),23.2676,77.412,30.4,436.1,76.3,0.5,0.65,10448.0,22,Chikungunya,69.26,High
2024,7,2024-07-01,Monsoon,Bhopal City,New Market,23.235,77.423,30.2,368.2,82.1,2.1,0.35,9904.0,9,Dengue,70.23,High
2024,7,2024-07-01,Monsoon,Bhopal City,New Market,23.235,77.423,30.2,368.2,82.1,2.1,0.35,9904.0,12,Malaria,69.59,High
2024,7,2024-07-01,Monsoon,Bhopal City,New Market,23.235,77.423,30.2,368.2,82.1,2.1,0.35,9904.0,11,Chikungunya,69.87,High
2024,7,2024-07-01,Monsoon,Bhopal City,Kolar Road,23.175,77.445,29.7,320.8,78.6,3.5,0.4,8924.0,11,Dengue,65.03,High
2024,7,2024-07-01,Monsoon,Bhopal City,Kolar Road,23.175,77.445,29.7,320.8,78.6,3.5,0.4,8924.0,8,Malaria,62.78,High
2024,7,2024-07-01,Monsoon,Bhopal City,Kolar Road,23.175,77.445,29.7,320.8,78.6,3.5,0.4,8924.0,11,Chikungunya,65.2,High
2024,7,2024-07-01,Monsoon,Bhopal City,Habibganj,23.23,77.438,25.1,369.2,81.1,1.8,0.38,9119.0,13,Dengue,71.84,High
2024,7,2024-07-01,Monsoon,Bhopal City,Habibganj,23.23,77.438,25.1,369.2,81.1,1.8,0.38,9119.0,14,Malaria,70.96,High
2024,7,2024-07-01,Monsoon,Bhopal City,Habibganj,23.23,77.438,25.1,369.2,81.1,1.8,0.38,9119.0,11,Chikungunya,70.42,High
2024,7,2024-07-01,Monsoon,Bhopal City,Shahpura,23.195,77.435,26.1,309.9,88.3,2.5,0.42,6588.0,9,Dengue,67.46,High
2024,7,2024-07-01,Monsoon,Bhopal City,Shahpura,23.195,77.435,26.1,309.9,88.3,2.5,0.42,6588.0,13,Malaria,67.79,High
2024,7,2024-07-01,Monsoon,Bhopal City,Shahpura,23.195,77.435,26.1,309.9,88.3,2.5,0.42,6588.0,11,Chikungunya,67.35,High
2024,7,2024-07-01,Monsoon,Bhopal City,Ayodhya Nagar,23.21,77.455,28.2,302.9,88.3,4.0,0.3,10411.0,3,Dengue,62.15,High
2024,7,2024-07-01,Monsoon,Bhopal City,Ayodhya Nagar,23.21,77.455,28.2,302.9,88.3,4.0,0.3,10411.0,6,Malaria,60.99,High
2024,7,2024-07-01,Monsoon,Bhopal City,Ayodhya Nagar,23.21,77.455,28.2,302.9,88.3,4.0,0.3,10411.0,6,Chikungunya,62.74,High
2024,7,2024-07-01,Monsoon,Bhopal City,Upper Lake Area,23.25,77.39,26.6,257.8,85.4,0.2,0.75,11440.0,24,Dengue,85.08,Critical
2024,7,2024-07-01,Monsoon,Bhopal City,Upper Lake Area,23.25,77.39,26.6,257.8,85.4,0.2,0.75,11440.0,24,Malaria,84.84,Critical
2024,7,2024-07-01,Monsoon,Bhopal City,Upper Lake Area,23.25,77.39,26.6,257.8,85.4,0.2,0.75,11440.0,18,Chikungunya,82.67,Critical
2024,7,2024-07-01,Monsoon,Bhopal City,Lower Lake Area,23.255,77.405,25.7,340.3,82.0,0.3,0.7,7000.0,15,Dengue,79.32,Critical
2024,7,2024-07-01,Monsoon,Bhopal City,Lower Lake Area,23.255,77.405,25.7,340.3,82.0,0.3,0.7,7000.0,23,Malaria,81.44,Critical
2024,7,2024-07-01,Monsoon,Bhopal City,Lower Lake Area,23.255,77.405,25.7,340.3,82.0,0.3,0.7,7000.0,19,Chikungunya,79.38,Critical
2024,7,2024-07-01,Monsoon,Bhopal City,Arera Colony,23.22,77.43,29.6,367.5,86.6,2.0,0.45,8527.0,14,Dengue,72.14,High
2024,7,2024-07-01,Monsoon,Bhopal City,Arera Colony,23.22,77.43,29.6,367.5,86.6,2.0,0.45,8527.0,10,Malaria,70.51,High
2024,7,2024-07-01,Monsoon,Bhopal City,Arera Colony,23.22,77.43,29.6,367.5,86.6,2.0,0.45,8527.0,15,Chikungunya,71.75,High
2024,7,2024-07-01,Monsoon,Bhopal City,Bairagarh,23.28,77.37,27.2,405.6,81.3,1.2,0.55,8611.0,19,Dengue,63.76,High
2024,7,2024-07-01,Monsoon,Bhopal City,Bairagarh,23.28,77.37,27.2,405.6,81.3,1.2,0.55,8611.0,14,Malaria,60.82,High
2024,7,2024-07-01,Monsoon,Bhopal City,Bairagarh,23.28,77.37,27.2,405.6,81.3,1.2,0.55,8611.0,14,Chikungunya,63.01,High
2024,7,2024-07-01,Monsoon,Bhopal City,Misrod,23.165,77.46,27.5,373.6,77.4,3.0,0.48,9364.0,12,Dengue,68.11,High
2024,7,2024-07-01,Monsoon,Bhopal City,Misrod,23.165,77.46,27.5,373.6,77.4,3.0,0.48,9364.0,12,Malaria,66.67,High
2024,7,2024-07-01,Monsoon,Bhopal City,Misrod,23.165,77.46,27.5,373.6,77.4,3.0,0.48,9364.0,8,Chikungunya,67.08,High
2024,7,2024-07-01,Monsoon,Bhopal City,BHEL Area,23.245,77.465,26.5,346.9,86.9,3.8,0.32,5085.0,5,Dengue,59.48,High
2024,7,2024-07-01,Monsoon,Bhopal City,BHEL Area,23.245,77.465,26.5,346.9,86.9,3.8,0.32,5085.0,8,Malaria,59.32,High
2024,7,2024-07-01,Monsoon,Bhopal City,BHEL Area,23.245,77.465,26.5,346.9,86.9,3.8,0.32,5085.0,7,Chikungunya,59.82,High
2024,7,2024-07-01,Monsoon,Ashta,Ashta Town Center,23.015,76.725,29.2,398.5,89.8,1.0,0.55,11687.0,14,Dengue,78.24,Critical
2024,7,2024-07-01,Monsoon,Ashta,Ashta Town Center,23.015,76.725,29.2,398.5,89.8,1.0,0.55,11687.0,15,Malaria,77.98,Critical
2024,7,2024-07-01,Monsoon,Ashta,Ashta Town Center,23.015,76.725,29.2,398.5,89.8,1.0,0.55,11687.0,22,Chikungunya,79.35,Critical
2024,7,2024-07-01,Monsoon,Ashta,Ashta Industrial Area,23.02,76.735,29.0,349.5,85.7,2.5,0.3,2492.0,10,Dengue,62.96,High
2024,7,2024-07-01,Monsoon,Ashta,Ashta Industrial Area,23.02,76.735,29.0,349.5,85.7,2.5,0.3,2492.0,6,Malaria,62.18,High
2024,7,2024-07-01,Monsoon,Ashta,Ashta Industrial Area,23.02,76.735,29.0,349.5,85.7,2.5,0.3,2492.0,9,Chikungunya,61.87,High
2024,7,2024-07-01,Monsoon,Ashta,Ashta Rural East,23.01,76.745,30.1,381.9,78.0,0.8,0.68,567.0,19,Dengue,72.73,High
2024,7,2024-07-01,Monsoon,Ashta,Ashta Rural East,23.01,76.745,30.1,381.9,78.0,0.8,0.68,567.0,21,Malaria,74.46,High
2024,7,2024-07-01,Monsoon,Ashta,Ashta Rural East,23.01,76.745,30.1,381.9,78.0,0.8,0.68,567.0,20,Chikungunya,72.45,High
2024,7,2024-07-01,Monsoon,Ashta,Ashta Nadi Belt,23.008,76.715,32.1,353.8,79.0,0.3,0.72,10352.0,21,Dengue,83.06,Critical
2024,7,2024-07-01,Monsoon,Ashta,Ashta Nadi Belt,23.008,76.715,32.1,353.8,79.0,0.3,0.72,10352.0,22,Malaria,82.92,Critical
2024,7,2024-07-01,Monsoon,Ashta,Ashta Nadi Belt,23.008,76.715,32.1,353.8,79.0,0.3,0.72,10352.0,18,Chikungunya,81.5,Critical
2024,7,2024-07-01,Monsoon,VIT Bhopal University,VIT Main Campus,23.077,76.8512,26.8,385.3,82.2,1.5,0.5,4885.0,18,Dengue,72.04,High
2024,7,2024-07-01,Monsoon,VIT Bhopal University,VIT Main Campus,23.077,76.8512,26.8,385.3,82.2,1.5,0.5,4885.0,15,Malaria,71.39,High
2024,7,2024-07-01,Monsoon,VIT Bhopal University,VIT Main Campus,23.077,76.8512,26.8,385.3,82.2,1.5,0.5,4885.0,17,Chikungunya,71.14,High
2024,7,2024-07-01,Monsoon,VIT Bhopal University,VIT Hostel Area,23.078,76.853,27.7,367.4,80.7,1.8,0.45,4291.0,14,Dengue,68.88,High
2024,7,2024-07-01,Monsoon,VIT Bhopal University,VIT Hostel Area,23.078,76.853,27.7,367.4,80.7,1.8,0.45,4291.0,12,Malaria,68.45,High
2024,7,2024-07-01,Monsoon,VIT Bhopal University,VIT Hostel Area,23.078,76.853,27.7,367.4,80.7,1.8,0.45,4291.0,19,Chikungunya,69.61,High
2024,7,2024-07-01,Monsoon,VIT Bhopal University,VIT Surrounding Village,23.072,76.848,26.2,256.4,84.2,0.6,0.62,3127.0,14,Dengue,74.33,High
2024,7,2024-07-01,Monsoon,VIT Bhopal University,VIT Surrounding Village,23.072,76.848,26.2,256.4,84.2,0.6,0.62,3127.0,17,Malaria,76.02,Critical
2024,7,2024-07-01,Monsoon,VIT Bhopal University,VIT Surrounding Village,23.072,76.848,26.2,256.4,84.2,0.6,0.62,3127.0,19,Chikungunya,74.6,High
2024,7,2024-07-01,Monsoon,VIT Bhopal University,Kotri-Kalan Area,23.083,76.855,27.4,286.9,80.4,2.0,0.4,7239.0,9,Dengue,68.79,High
2024,7,2024-07-01,Monsoon,VIT Bhopal University,Kotri-Kalan Area,23.083,76.855,27.4,286.9,80.4,2.0,0.4,7239.0,13,Malaria,68.99,High
2024,7,2024-07-01,Monsoon,VIT Bhopal University,Kotri-Kalan Area,23.083,76.855,27.4,286.9,80.4,2.0,0.4,7239.0,19,Chikungunya,70.74,High
2024,8,2024-08-01,Monsoon,Bhopal City,Old Bhopal (Chowk),23.2676,77.412,28.8,155.5,85.6,0.5,0.65,6043.0,20,Dengue,82.89,Critical
2024,8,2024-08-01,Monsoon,Bhopal City,Old Bhopal (Chowk),23.2676,77.412,28.8,155.5,85.6,0.5,0.65,6043.0,20,Malaria,83.7,Critical
2024,8,2024-08-01,Monsoon,Bhopal City,Old Bhopal (Chowk),23.2676,77.412,28.8,155.5,85.6,0.5,0.65,6043.0,20,Chikungunya,81.58,Critical
2024,8,2024-08-01,Monsoon,Bhopal City,New Market,23.235,77.423,27.9,264.7,72.9,2.1,0.35,11163.0,11,Dengue,69.87,High
2024,8,2024-08-01,Monsoon,Bhopal City,New Market,23.235,77.423,27.9,264.7,72.9,2.1,0.35,11163.0,11,Malaria,68.35,High
2024,8,2024-08-01,Monsoon,Bhopal City,New Market,23.235,77.423,27.9,264.7,72.9,2.1,0.35,11163.0,10,Chikungunya,68.93,High
2024,8,2024-08-01,Monsoon,Bhopal City,Kolar Road,23.175,77.445,26.9,258.1,93.9,3.5,0.4,11497.0,8,Dengue,66.71,High
2024,8,2024-08-01,Monsoon,Bhopal City,Kolar Road,23.175,77.445,26.9,258.1,93.9,3.5,0.4,11497.0,9,Malaria,65.47,High
2024,8,2024-08-01,Monsoon,Bhopal City,Kolar Road,23.175,77.445,26.9,258.1,93.9,3.5,0.4,11497.0,12,Chikungunya,67.57,High
2024,8,2024-08-01,Monsoon,Bhopal City,Habibganj,23.23,77.438,25.9,329.4,76.1,1.8,0.38,5426.0,12,Dengue,68.15,High
2024,8,2024-08-01,Monsoon,Bhopal City,Habibganj,23.23,77.438,25.9,329.4,76.1,1.8,0.38,5426.0,11,Malaria,67.55,High
2024,8,2024-08-01,Monsoon,Bhopal City,Habibganj,23.23,77.438,25.9,329.4,76.1,1.8,0.38,5426.0,11,Chikungunya,67.07,High
2024,8,2024-08-01,Monsoon,Bhopal City,Shahpura,23.195,77.435,27.5,210.4,86.3,2.5,0.42,9611.0,11,Dengue,70.16,High
2024,8,2024-08-01,Monsoon,Bhopal City,Shahpura,23.195,77.435,27.5,210.4,86.3,2.5,0.42,9611.0,14,Malaria,69.56,High
2024,8,2024-08-01,Monsoon,Bhopal City,Shahpura,23.195,77.435,27.5,210.4,86.3,2.5,0.42,9611.0,12,Chikungunya,69.89,High
2024,8,2024-08-01,Monsoon,Bhopal City,Ayodhya Nagar,23.21,77.455,26.5,240.5,89.8,4.0,0.3,7575.0,4,Dengue,60.6,High
2024,8,2024-08-01,Monsoon,Bhopal City,Ayodhya Nagar,23.21,77.455,26.5,240.5,89.8,4.0,0.3,7575.0,7,Malaria,59.92,High
2024,8,2024-08-01,Monsoon,Bhopal City,Ayodhya Nagar,23.21,77.455,26.5,240.5,89.8,4.0,0.3,7575.0,2,Chikungunya,59.8,High
2024,8,2024-08-01,Monsoon,Bhopal City,Upper Lake Area,23.25,77.39,27.2,297.7,86.8,0.2,0.75,6001.0,18,Dengue,80.58,Critical
2024,8,2024-08-01,Monsoon,Bhopal City,Upper Lake Area,23.25,77.39,27.2,297.7,86.8,0.2,0.75,6001.0,23,Malaria,82.41,Critical
2024,8,2024-08-01,Monsoon,Bhopal City,Upper Lake Area,23.25,77.39,27.2,297.7,86.8,0.2,0.75,6001.0,25,Chikungunya,81.54,Critical
2024,8,2024-08-01,Monsoon,Bhopal City,Lower Lake Area,23.255,77.405,26.3,295.1,89.7,0.3,0.7,10662.0,21,Dengue,83.93,Critical
2024,8,2024-08-01,Monsoon,Bhopal City,Lower Lake Area,23.255,77.405,26.3,295.1,89.7,0.3,0.7,10662.0,25,Malaria,84.56,Critical
2024,8,2024-08-01,Monsoon,Bhopal City,Lower Lake Area,23.255,77.405,26.3,295.1,89.7,0.3,0.7,10662.0,17,Chikungunya,81.83,Critical
2024,8,2024-08-01,Monsoon,Bhopal City,Arera Colony,23.22,77.43,26.2,290.8,91.4,2.0,0.45,5180.0,17,Dengue,70.67,High
2024,8,2024-08-01,Monsoon,Bhopal City,Arera Colony,23.22,77.43,26.2,290.8,91.4,2.0,0.45,5180.0,15,Malaria,70.08,High
2024,8,2024-08-01,Monsoon,Bhopal City,Arera Colony,23.22,77.43,26.2,290.8,91.4,2.0,0.45,5180.0,10,Chikungunya,68.06,High
2024,8,2024-08-01,Monsoon,Bhopal City,Bairagarh,23.28,77.37,26.5,362.7,77.9,1.2,0.55,8674.0,12,Dengue,74.79,High
2024,8,2024-08-01,Monsoon,Bhopal City,Bairagarh,23.28,77.37,26.5,362.7,77.9,1.2,0.55,8674.0,17,Malaria,75.35,Critical
2024,8,2024-08-01,Monsoon,Bhopal City,Bairagarh,23.28,77.37,26.5,362.7,77.9,1.2,0.55,8674.0,23,Chikungunya,77.01,Critical
2024,8,2024-08-01,Monsoon,Bhopal City,Misrod,23.165,77.46,26.3,423.0,85.4,3.0,0.48,11737.0,11,Dengue,56.18,High
2024,8,2024-08-01,Monsoon,Bhopal City,Misrod,23.165,77.46,26.3,423.0,85.4,3.0,0.48,11737.0,12,Malaria,53.71,High
2024,8,2024-08-01,Monsoon,Bhopal City,Misrod,23.165,77.46,26.3,423.0,85.4,3.0,0.48,11737.0,9,Chikungunya,56.81,High
2024,8,2024-08-01,Monsoon,Bhopal City,BHEL Area,23.245,77.465,30.0,237.1,84.2,3.8,0.32,10589.0,8,Dengue,63.86,High
2024,8,2024-08-01,Monsoon,Bhopal City,BHEL Area,23.245,77.465,30.0,237.1,84.2,3.8,0.32,10589.0,5,Malaria,61.35,High
2024,8,2024-08-01,Monsoon,Bhopal City,BHEL Area,23.245,77.465,30.0,237.1,84.2,3.8,0.32,10589.0,3,Chikungunya,62.42,High
2024,8,2024-08-01,Monsoon,Ashta,Ashta Town Center,23.015,76.725,24.7,413.7,81.9,1.0,0.55,9014.0,19,Dengue,56.06,High
2024,8,2024-08-01,Monsoon,Ashta,Ashta Town Center,23.015,76.725,24.7,413.7,81.9,1.0,0.55,9014.0,13,Malaria,54.54,High
2024,8,2024-08-01,Monsoon,Ashta,Ashta Town Center,23.015,76.725,24.7,413.7,81.9,1.0,0.55,9014.0,22,Chikungunya,56.22,High
2024,8,2024-08-01,Monsoon,Ashta,Ashta Industrial Area,23.02,76.735,25.1,217.7,86.0,2.5,0.3,3116.0,12,Dengue,63.97,High
2024,8,2024-08-01,Monsoon,Ashta,Ashta Industrial Area,23.02,76.735,25.1,217.7,86.0,2.5,0.3,3116.0,10,Malaria,63.39,High
2024,8,2024-08-01,Monsoon,Ashta,Ashta Industrial Area,23.02,76.735,25.1,217.7,86.0,2.5,0.3,3116.0,8,Chikungunya,62.11,High
2024,8,2024-08-01,Monsoon,Ashta,Ashta Rural East,23.01,76.745,26.4,304.2,82.5,0.8,0.68,1155.0,23,Dengue,74.61,High
2024,8,2024-08-01,Monsoon,Ashta,Ashta Rural East,23.01,76.745,26.4,304.2,82.5,0.8,0.68,1155.0,16,Malaria,74.35,High
2024,8,2024-08-01,Monsoon,Ashta,Ashta Rural East,23.01,76.745,26.4,304.2,82.5,0.8,0.68,1155.0,18,Chikungunya,72.72,High
2024,8,2024-08-01,Monsoon,Ashta,Ashta Nadi Belt,23.008,76.715,26.8,245.5,87.9,0.3,0.72,5600.0,19,Dengue,79.95,Critical
2024,8,2024-08-01,Monsoon,Ashta,Ashta Nadi Belt,23.008,76.715,26.8,245.5,87.9,0.3,0.72,5600.0,13,Malaria,79.55,Critical
2024,8,2024-08-01,Monsoon,Ashta,Ashta Nadi Belt,23.008,76.715,26.8,245.5,87.9,0.3,0.72,5600.0,21,Chikungunya,79.53,Critical
2024,8,2024-08-01,Monsoon,VIT Bhopal University,VIT Main Campus,23.077,76.8512,26.3,270.0,81.6,1.5,0.5,3270.0,12,Dengue,69.25,High
2024,8,2024-08-01,Monsoon,VIT Bhopal University,VIT Main Campus,23.077,76.8512,26.3,270.0,81.6,1.5,0.5,3270.0,9,Malaria,69.15,High
2024,8,2024-08-01,Monsoon,VIT Bhopal University,VIT Main Campus,23.077,76.8512,26.3,270.0,81.6,1.5,0.5,3270.0,14,Chikungunya,68.96,High
2024,8,2024-08-01,Monsoon,VIT Bhopal University,VIT Hostel Area,23.078,76.853,26.7,341.2,87.3,1.8,0.45,4693.0,11,Dengue,69.14,High
2024,8,2024-08-01,Monsoon,VIT Bhopal University,VIT Hostel Area,23.078,76.853,26.7,341.2,87.3,1.8,0.45,4693.0,13,Malaria,69.69,High
2024,8,2024-08-01,Monsoon,VIT Bhopal University,VIT Hostel Area,23.078,76.853,26.7,341.2,87.3,1.8,0.45,4693.0,12,Chikungunya,68.49,High
2024,8,2024-08-01,Monsoon,VIT Bhopal University,VIT Surrounding Village,23.072,76.848,27.9,245.0,86.0,0.6,0.62,4362.0,15,Dengue,75.73,Critical
2024,8,2024-08-01,Monsoon,VIT Bhopal University,VIT Surrounding Village,23.072,76.848,27.9,245.0,86.0,0.6,0.62,4362.0,18,Malaria,77.18,Critical
2024,8,2024-08-01,Monsoon,VIT Bhopal University,VIT Surrounding Village,23.072,76.848,27.9,245.0,86.0,0.6,0.62,4362.0,15,Chikungunya,74.61,High
2024,8,2024-08-01,Monsoon,VIT Bhopal University,Kotri-Kalan Area,23.083,76.855,27.2,247.2,79.5,2.0,0.4,5287.0,8,Dengue,66.9,High
2024,8,2024-08-01,Monsoon,VIT Bhopal University,Kotri-Kalan Area,23.083,76.855,27.2,247.2,79.5,2.0,0.4,5287.0,15,Malaria,68.11,High
2024,8,2024-08-01,Monsoon,VIT Bhopal University,Kotri-Kalan Area,23.083,76.855,27.2,247.2,79.5,2.0,0.4,5287.0,7,Chikungunya,65.75,High
2024,9,2024-09-01,Monsoon,Bhopal City,Old Bhopal (Chowk),23.2676,77.412,28.1,189.7,71.1,0.5,0.65,4724.0,18,Dengue,79.91,Critical
2024,9,2024-09-01,Monsoon,Bhopal City,Old Bhopal (Chowk),23.2676,77.412,28.1,189.7,71.1,0.5,0.65,4724.0,23,Malaria,81.77,Critical
2024,9,2024-09-01,Monsoon,Bhopal City,Old Bhopal (Chowk),23.2676,77.412,28.1,189.7,71.1,0.5,0.65,4724.0,16,Chikungunya,78.25,Critical
2024,9,2024-09-01,Monsoon,Bhopal City,New Market,23.235,77.423,27.1,221.1,76.3,2.1,0.35,7123.0,6,Dengue,66.71,High
2024,9,2024-09-01,Monsoon,Bhopal City,New Market,23.235,77.423,27.1,221.1,76.3,2.1,0.35,7123.0,10,Malaria,66.83,High
2024,9,2024-09-01,Monsoon,Bhopal City,New Market,23.235,77.423,27.1,221.1,76.3,2.1,0.35,7123.0,6,Chikungunya,65.78,High
2024,9,2024-09-01,Monsoon,Bhopal City,Kolar Road,23.175,77.445,26.7,141.5,76.3,3.5,0.4,6879.0,10,Dengue,66.93,High
2024,9,2024-09-01,Monsoon,Bhopal City,Kolar Road,23.175,77.445,26.7,141.5,76.3,3.5,0.4,6879.0,9,Malaria,65.88,High
2024,9,2024-09-01,Monsoon,Bhopal City,Kolar Road,23.175,77.445,26.7,141.5,76.3,3.5,0.4,6879.0,8,Chikungunya,66.14,High
2024,9,2024-09-01,Monsoon,Bhopal City,Habibganj,23.23,77.438,26.2,157.8,74.9,1.8,0.38,6210.0,13,Dengue,72.9,High
2024,9,2024-09-01,Monsoon,Bhopal City,Habibganj,23.23,77.438,26.2,157.8,74.9,1.8,0.38,6210.0,12,Malaria,72.47,High
2024,9,2024-09-01,Monsoon,Bhopal City,Habibganj,23.23,77.438,26.2,157.8,74.9,1.8,0.38,6210.0,14,Chikungunya,72.04,High
2024,9,2024-09-01,Monsoon,Bhopal City,Shahpura,23.195,77.435,26.1,188.1,79.1,2.5,0.42,11000.0,13,Dengue,74.23,High
2024,9,2024-09-01,Monsoon,Bhopal City,Shahpura,23.195,77.435,26.1,188.1,79.1,2.5,0.42,11000.0,15,Malaria,73.53,High
2024,9,2024-09-01,Monsoon,Bhopal City,Shahpura,23.195,77.435,26.1,188.1,79.1,2.5,0.42,11000.0,10,Chikungunya,72.67,High
2024,9,2024-09-01,Monsoon,Bhopal City,Ayodhya Nagar,23.21,77.455,28.5,181.8,74.7,4.0,0.3,5528.0,10,Dengue,62.89,High
2024,9,2024-09-01,Monsoon,Bhopal City,Ayodhya Nagar,23.21,77.455,28.5,181.8,74.7,4.0,0.3,5528.0,5,Malaria,60.88,High
2024,9,2024-09-01,Monsoon,Bhopal City,Ayodhya Nagar,23.21,77.455,28.5,181.8,74.7,4.0,0.3,5528.0,5,Chikungunya,61.4,High
2024,9,2024-09-01,Monsoon,Bhopal City,Upper Lake Area,23.25,77.39,24.7,133.4,76.1,0.2,0.75,6696.0,21,Dengue,75.99,Critical
2024,9,2024-09-01,Monsoon,Bhopal City,Upper Lake Area,23.25,77.39,24.7,133.4,76.1,0.2,0.75,6696.0,22,Malaria,78.55,Critical
2024,9,2024-09-01,Monsoon,Bhopal City,Upper Lake Area,23.25,77.39,24.7,133.4,76.1,0.2,0.75,6696.0,20,Chikungunya,73.44,High
2024,9,2024-09-01,Monsoon,Bhopal City,Lower Lake Area,23.255,77.405,23.8,253.3,82.1,0.3,0.7,5691.0,22,Dengue,71.16,High
2024,9,2024-09-01,Monsoon,Bhopal City,Lower Lake Area,23.255,77.405,23.8,253.3,82.1,0.3,0.7,5691.0,25,Malaria,73.87,High
2024,9,2024-09-01,Monsoon,Bhopal City,Lower Lake Area,23.255,77.405,23.8,253.3,82.1,0.3,0.7,5691.0,22,Chikungunya,69.18,High
2024,9,2024-09-01,Monsoon,Bhopal City,Arera Colony,23.22,77.43,29.0,255.4,83.4,2.0,0.45,4035.0,13,Dengue,67.99,High
2024,9,2024-09-01,Monsoon,Bhopal City,Arera Colony,23.22,77.43,29.0,255.4,83.4,2.0,0.45,4035.0,12,Malaria,67.83,High
2024,9,2024-09-01,Monsoon,Bhopal City,Arera Colony,23.22,77.43,29.0,255.4,83.4,2.0,0.45,4035.0,17,Chikungunya,68.46,High
2024,9,2024-09-01,Monsoon,Bhopal City,Bairagarh,23.28,77.37,26.0,232.0,79.1,1.2,0.55,5610.0,17,Dengue,73.65,High
2024,9,2024-09-01,Monsoon,Bhopal City,Bairagarh,23.28,77.37,26.0,232.0,79.1,1.2,0.55,5610.0,15,Malaria,73.25,High
2024,9,2024-09-01,Monsoon,Bhopal City,Bairagarh,23.28,77.37,26.0,232.0,79.1,1.2,0.55,5610.0,17,Chikungunya,72.97,High
2024,9,2024-09-01,Monsoon,Bhopal City,Misrod,23.165,77.46,27.3,213.3,85.1,3.0,0.48,9973.0,11,Dengue,69.13,High
2024,9,2024-09-01,Monsoon,Bhopal City,Misrod,23.165,77.46,27.3,213.3,85.1,3.0,0.48,9973.0,7,Malaria,66.96,High
2024,9,2024-09-01,Monsoon,Bhopal City,Misrod,23.165,77.46,27.3,213.3,85.1,3.0,0.48,9973.0,10,Chikungunya,68.75,High
2024,9,2024-09-01,Monsoon,Bhopal City,BHEL Area,23.245,77.465,28.3,166.2,69.5,3.8,0.32,5584.0,7,Dengue,62.61,High
2024,9,2024-09-01,Monsoon,Bhopal City,BHEL Area,23.245,77.465,28.3,166.2,69.5,3.8,0.32,5584.0,10,Malaria,62.33,High
2024,9,2024-09-01,Monsoon,Bhopal City,BHEL Area,23.245,77.465,28.3,166.2,69.5,3.8,0.32,5584.0,6,Chikungunya,62.14,High
2024,9,2024-09-01,Monsoon,Ashta,Ashta Town Center,23.015,76.725,25.7,206.3,79.7,1.0,0.55,9329.0,15,Dengue,76.94,Critical
2024,9,2024-09-01,Monsoon,Ashta,Ashta Town Center,23.015,76.725,25.7,206.3,79.7,1.0,0.55,9329.0,13,Malaria,75.97,Critical
2024,9,2024-09-01,Monsoon,Ashta,Ashta Town Center,23.015,76.725,25.7,206.3,79.7,1.0,0.55,9329.0,13,Chikungunya,75.48,Critical
2024,9,2024-09-01,Monsoon,Ashta,Ashta Industrial Area,23.02,76.735,27.5,163.9,84.3,2.5,0.3,2319.0,9,Dengue,66.45,High
2024,9,2024-09-01,Monsoon,Ashta,Ashta Industrial Area,23.02,76.735,27.5,163.9,84.3,2.5,0.3,2319.0,8,Malaria,66.71,High
2024,9,2024-09-01,Monsoon,Ashta,Ashta Industrial Area,23.02,76.735,27.5,163.9,84.3,2.5,0.3,2319.0,13,Chikungunya,66.34,High
2024,9,2024-09-01,Monsoon,Ashta,Ashta Rural East,23.01,76.745,23.5,210.0,70.0,0.8,0.68,1160.0,16,Dengue,62.89,High
2024,9,2024-09-01,Monsoon,Ashta,Ashta Rural East,23.01,76.745,23.5,210.0,70.0,0.8,0.68,1160.0,16,Malaria,65.66,High
2024,9,2024-09-01,Monsoon,Ashta,Ashta Rural East,23.01,76.745,23.5,210.0,70.0,0.8,0.68,1160.0,17,Chikungunya,61.45,High
2024,9,2024-09-01,Monsoon,Ashta,Ashta Nadi Belt,23.008,76.715,27.2,169.6,71.8,0.3,0.72,4919.0,15,Dengue,80.84,Critical
2024,9,2024-09-01,Monsoon,Ashta,Ashta Nadi Belt,23.008,76.715,27.2,169.6,71.8,0.3,0.72,4919.0,21,Malaria,83.21,Critical
2024,9,2024-09-01,Monsoon,Ashta,Ashta Nadi Belt,23.008,76.715,27.2,169.6,71.8,0.3,0.72,4919.0,19,Chikungunya,80.74,Critical
2024,9,2024-09-01,Monsoon,VIT Bhopal University,VIT Main Campus,23.077,76.8512,25.8,185.6,78.3,1.5,0.5,3941.0,14,Dengue,73.94,High
2024,9,2024-09-01,Monsoon,VIT Bhopal University,VIT Main Campus,23.077,76.8512,25.8,185.6,78.3,1.5,0.5,3941.0,12,Malaria,74.16,High
2024,9,2024-09-01,Monsoon,VIT Bhopal University,VIT Main Campus,23.077,76.8512,25.8,185.6,78.3,1.5,0.5,3941.0,19,Chikungunya,74.23,High
2024,9,2024-09-01,Monsoon,VIT Bhopal University,VIT Hostel Area,23.078,76.853,26.9,229.0,77.8,1.8,0.45,3626.0,14,Dengue,68.06,High
2024,9,2024-09-01,Monsoon,VIT Bhopal University,VIT Hostel Area,23.078,76.853,26.9,229.0,77.8,1.8,0.45,3626.0,8,Malaria,66.91,High
2024,9,2024-09-01,Monsoon,VIT Bhopal University,VIT Hostel Area,23.078,76.853,26.9,229.0,77.8,1.8,0.45,3626.0,18,Chikungunya,68.56,High
2024,9,2024-09-01,Monsoon,VIT Bhopal University,VIT Surrounding Village,23.072,76.848,26.1,175.2,76.4,0.6,0.62,4940.0,17,Dengue,79.71,Critical
2024,9,2024-09-01,Monsoon,VIT Bhopal University,VIT Surrounding Village,23.072,76.848,26.1,175.2,76.4,0.6,0.62,4940.0,14,Malaria,79.97,Critical
2024,9,2024-09-01,Monsoon,VIT Bhopal University,VIT Surrounding Village,23.072,76.848,26.1,175.2,76.4,0.6,0.62,4940.0,18,Chikungunya,78.74,Critical
2024,9,2024-09-01,Monsoon,VIT Bhopal University,Kotri-Kalan Area,23.083,76.855,27.2,167.0,66.9,2.0,0.4,8837.0,13,Dengue,73.68,High
2024,9,2024-09-01,Monsoon,VIT Bhopal University,Kotri-Kalan Area,23.083,76.855,27.2,167.0,66.9,2.0,0.4,8837.0,10,Malaria,72.13,High
2024,9,2024-09-01,Monsoon,VIT Bhopal University,Kotri-Kalan Area,23.083,76.855,27.2,167.0,66.9,2.0,0.4,8837.0,14,Chikungunya,73.14,High
2024,10,2024-10-01,Post-Monsoon,Bhopal City,Old Bhopal (Chowk),23.2676,77.412,26.4,40.3,62.5,0.5,0.65,4431.0,21,Dengue,67.54,High
2024,10,2024-10-01,Post-Monsoon,Bhopal City,Old Bhopal (Chowk),23.2676,77.412,26.4,40.3,62.5,0.5,0.65,4431.0,16,Malaria,65.96,High
2024,10,2024-10-01,Post-Monsoon,Bhopal City,Old Bhopal (Chowk),23.2676,77.412,26.4,40.3,62.5,0.5,0.65,4431.0,16,Chikungunya,66.53,High
2024,10,2024-10-01,Post-Monsoon,Bhopal City,New Market,23.235,77.423,24.4,43.9,57.9,2.1,0.35,8379.0,8,Dengue,49.55,Medium
2024,10,2024-10-01,Post-Monsoon,Bhopal City,New Market,23.235,77.423,24.4,43.9,57.9,2.1,0.35,8379.0,6,Malaria,48.57,Medium
2024,10,2024-10-01,Post-Monsoon,Bhopal City,New Market,23.235,77.423,24.4,43.9,57.9,2.1,0.35,8379.0,8,Chikungunya,48.67,Medium
2024,10,2024-10-01,Post-Monsoon,Bhopal City,Kolar Road,23.175,77.445,23.6,38.9,65.9,3.5,0.4,5566.0,4,Dengue,42.6,Medium
2024,10,2024-10-01,Post-Monsoon,Bhopal City,Kolar Road,23.175,77.445,23.6,38.9,65.9,3.5,0.4,5566.0,6,Malaria,42.85,Medium
2024,10,2024-10-01,Post-Monsoon,Bhopal City,Kolar Road,23.175,77.445,23.6,38.9,65.9,3.5,0.4,5566.0,11,Chikungunya,44.31,Medium
2024,10,2024-10-01,Post-Monsoon,Bhopal City,Habibganj,23.23,77.438,25.6,22.1,57.6,1.8,0.38,11885.0,8,Dengue,61.0,High
2024,10,2024-10-01,Post-Monsoon,Bhopal City,Habibganj,23.23,77.438,25.6,22.1,57.6,1.8,0.38,11885.0,10,Malaria,59.07,High
2024,10,2024-10-01,Post-Monsoon,Bhopal City,Habibganj,23.23,77.438,25.6,22.1,57.6,1.8,0.38,11885.0,14,Chikungunya,62.89,High
2024,10,2024-10-01,Post-Monsoon,Bhopal City,Shahpura,23.195,77.435,27.7,33.2,56.2,2.5,0.42,10688.0,7,Dengue,58.5,High
2024,10,2024-10-01,Post-Monsoon,Bhopal City,Shahpura,23.195,77.435,27.7,33.2,56.2,2.5,0.42,10688.0,12,Malaria,56.98,High
2024,10,2024-10-01,Post-Monsoon,Bhopal City,Shahpura,23.195,77.435,27.7,33.2,56.2,2.5,0.42,10688.0,6,Chikungunya,58.92,High
2024,10,2024-10-01,Post-Monsoon,Bhopal City,Ayodhya Nagar,23.21,77.455,24.1,33.3,55.8,4.0,0.3,5760.0,1,Dengue,38.23,Medium
2024,10,2024-10-01,Post-Monsoon,Bhopal City,Ayodhya Nagar,23.21,77.455,24.1,33.3,55.8,4.0,0.3,5760.0,3,Malaria,37.95,Medium
2024,10,2024-10-01,Post-Monsoon,Bhopal City,Ayodhya Nagar,23.21,77.455,24.1,33.3,55.8,4.0,0.3,5760.0,3,Chikungunya,38.71,Medium
2024,10,2024-10-01,Post-Monsoon,Bhopal City,Upper Lake Area,23.25,77.39,24.1,49.3,57.2,0.2,0.75,6574.0,20,Dengue,61.76,High
2024,10,2024-10-01,Post-Monsoon,Bhopal City,Upper Lake Area,23.25,77.39,24.1,49.3,57.2,0.2,0.75,6574.0,19,Malaria,62.41,High
2024,10,2024-10-01,Post-Monsoon,Bhopal City,Upper Lake Area,23.25,77.39,24.1,49.3,57.2,0.2,0.75,6574.0,11,Chikungunya,58.51,High
2024,10,2024-10-01,Post-Monsoon,Bhopal City,Lower Lake Area,23.255,77.405,24.5,27.7,62.4,0.3,0.7,9940.0,16,Dengue,63.16,High
2024,10,2024-10-01,Post-Monsoon,Bhopal City,Lower Lake Area,23.255,77.405,24.5,27.7,62.4,0.3,0.7,9940.0,16,Malaria,63.46,High
2024,10,2024-10-01,Post-Monsoon,Bhopal City,Lower Lake Area,23.255,77.405,24.5,27.7,62.4,0.3,0.7,9940.0,13,Chikungunya,61.29,High
2024,10,2024-10-01,Post-Monsoon,Bhopal City,Arera Colony,23.22,77.43,26.6,45.2,70.4,2.0,0.45,11380.0,11,Dengue,62.98,High
2024,10,2024-10-01,Post-Monsoon,Bhopal City,Arera Colony,23.22,77.43,26.6,45.2,70.4,2.0,0.45,11380.0,8,Malaria,60.25,High
2024,10,2024-10-01,Post-Monsoon,Bhopal City,Arera Colony,23.22,77.43,26.6,45.2,70.4,2.0,0.45,11380.0,11,Chikungunya,63.31,High
2024,10,2024-10-01,Post-Monsoon,Bhopal City,Bairagarh,23.28,77.37,26.8,28.3,59.2,1.2,0.55,10882.0,12,Dengue,65.98,High
2024,10,2024-10-01,Post-Monsoon,Bhopal City,Bairagarh,23.28,77.37,26.8,28.3,59.2,1.2,0.55,10882.0,11,Malaria,63.91,High
2024,10,2024-10-01,Post-Monsoon,Bhopal City,Bairagarh,23.28,77.37,26.8,28.3,59.2,1.2,0.55,10882.0,15,Chikungunya,67.14,High
2024,10,2024-10-01,Post-Monsoon,Bhopal City,Misrod,23.165,77.46,25.3,37.0,57.3,3.0,0.48,11222.0,8,Dengue,57.65,High
2024,10,2024-10-01,Post-Monsoon,Bhopal City,Misrod,23.165,77.46,25.3,37.0,57.3,3.0,0.48,11222.0,8,Malaria,55.03,High
2024,10,2024-10-01,Post-Monsoon,Bhopal City,Misrod,23.165,77.46,25.3,37.0,57.3,3.0,0.48,11222.0,10,Chikungunya,59.34,High
2024,10,2024-10-01,Post-Monsoon,Bhopal City,BHEL Area,23.245,77.465,24.9,57.1,62.5,3.8,0.32,9317.0,7,Dengue,56.1,High
2024,10,2024-10-01,Post-Monsoon,Bhopal City,BHEL Area,23.245,77.465,24.9,57.1,62.5,3.8,0.32,9317.0,6,Malaria,55.73,High
2024,10,2024-10-01,Post-Monsoon,Bhopal City,BHEL Area,23.245,77.465,24.9,57.1,62.5,3.8,0.32,9317.0,5,Chikungunya,54.29,High
2024,10,2024-10-01,Post-Monsoon,Ashta,Ashta Town Center,23.015,76.725,24.9,44.1,52.5,1.0,0.55,8863.0,15,Dengue,57.04,High
2024,10,2024-10-01,Post-Monsoon,Ashta,Ashta Town Center,23.015,76.725,24.9,44.1,52.5,1.0,0.55,8863.0,14,Malaria,56.62,High
2024,10,2024-10-01,Post-Monsoon,Ashta,Ashta Town Center,23.015,76.725,24.9,44.1,52.5,1.0,0.55,8863.0,14,Chikungunya,56.01,High
2024,10,2024-10-01,Post-Monsoon,Ashta,Ashta Industrial Area,23.02,76.735,26.2,38.0,50.2,2.5,0.3,3373.0,9,Dengue,51.88,High
2024,10,2024-10-01,Post-Monsoon,Ashta,Ashta Industrial Area,23.02,76.735,26.2,38.0,50.2,2.5,0.3,3373.0,10,Malaria,50.45,High
2024,10,2024-10-01,Post-Monsoon,Ashta,Ashta Industrial Area,23.02,76.735,26.2,38.0,50.2,2.5,0.3,3373.0,10,Chikungunya,52.81,High
2024,10,2024-10-01,Post-Monsoon,Ashta,Ashta Rural East,23.01,76.745,26.6,24.1,56.6,0.8,0.68,1940.0,14,Dengue,62.49,High
2024,10,2024-10-01,Post-Monsoon,Ashta,Ashta Rural East,23.01,76.745,26.6,24.1,56.6,0.8,0.68,1940.0,18,Malaria,63.31,High
2024,10,2024-10-01,Post-Monsoon,Ashta,Ashta Rural East,23.01,76.745,26.6,24.1,56.6,0.8,0.68,1940.0,16,Chikungunya,63.52,High
2024,10,2024-10-01,Post-Monsoon,Ashta,Ashta Nadi Belt,23.008,76.715,27.1,37.5,56.5,0.3,0.72,11127.0,15,Dengue,71.37,High
2024,10,2024-10-01,Post-Monsoon,Ashta,Ashta Nadi Belt,23.008,76.715,27.1,37.5,56.5,0.3,0.72,11127.0,17,Malaria,70.42,High
2024,10,2024-10-01,Post-Monsoon,Ashta,Ashta Nadi Belt,23.008,76.715,27.1,37.5,56.5,0.3,0.72,11127.0,16,Chikungunya,71.94,High
2024,10,2024-10-01,Post-Monsoon,VIT Bhopal University,VIT Main Campus,23.077,76.8512,23.7,26.0,63.8,1.5,0.5,3676.0,13,Dengue,51.25,High
2024,10,2024-10-01,Post-Monsoon,VIT Bhopal University,VIT Main Campus,23.077,76.8512,23.7,26.0,63.8,1.5,0.5,3676.0,13,Malaria,52.07,High
2024,10,2024-10-01,Post-Monsoon,VIT Bhopal University,VIT Main Campus,23.077,76.8512,23.7,26.0,63.8,1.5,0.5,3676.0,13,Chikungunya,50.39,High
2024,10,2024-10-01,Post-Monsoon,VIT Bhopal University,VIT Hostel Area,23.078,76.853,24.7,37.8,59.2,1.8,0.45,4444.0,8,Dengue,48.61,Medium
2024,10,2024-10-01,Post-Monsoon,VIT Bhopal University,VIT Hostel Area,23.078,76.853,24.7,37.8,59.2,1.8,0.45,4444.0,11,Malaria,49.77,Medium
2024,10,2024-10-01,Post-Monsoon,VIT Bhopal University,VIT Hostel Area,23.078,76.853,24.7,37.8,59.2,1.8,0.45,4444.0,14,Chikungunya,49.41,Medium
2024,10,2024-10-01,Post-Monsoon,VIT Bhopal University,VIT Surrounding Village,23.072,76.848,24.8,40.7,45.4,0.6,0.62,4680.0,12,Dengue,54.4,High
2024,10,2024-10-01,Post-Monsoon,VIT Bhopal University,VIT Surrounding Village,23.072,76.848,24.8,40.7,45.4,0.6,0.62,4680.0,13,Malaria,55.5,High
2024,10,2024-10-01,Post-Monsoon,VIT Bhopal University,VIT Surrounding Village,23.072,76.848,24.8,40.7,45.4,0.6,0.62,4680.0,15,Chikungunya,54.42,High
2024,10,2024-10-01,Post-Monsoon,VIT Bhopal University,Kotri-Kalan Area,23.083,76.855,25.0,51.3,62.3,2.0,0.4,11685.0,10,Dengue,73.43,High
2024,10,2024-10-01,Post-Monsoon,VIT Bhopal University,Kotri-Kalan Area,23.083,76.855,25.0,51.3,62.3,2.0,0.4,11685.0,9,Malaria,72.07,High
2024,10,2024-10-01,Post-Monsoon,VIT Bhopal University,Kotri-Kalan Area,23.083,76.855,25.0,51.3,62.3,2.0,0.4,11685.0,10,Chikungunya,72.58,High
2024,11,2024-11-01,Post-Monsoon,Bhopal City,Old Bhopal (Chowk),23.2676,77.412,19.3,11.3,40.5,0.5,0.65,7914.0,13,Dengue,48.6,Medium
2024,11,2024-11-01,Post-Monsoon,Bhopal City,Old Bhopal (Chowk),23.2676,77.412,19.3,11.3,40.5,0.5,0.65,7914.0,14,Malaria,50.61,High
2024,11,2024-11-01,Post-Monsoon,Bhopal City,Old Bhopal (Chowk),23.2676,77.412,19.3,11.3,40.5,0.5,0.65,7914.0,17,Chikungunya,47.83,Medium
2024,11,2024-11-01,Post-Monsoon,Bhopal City,New Market,23.235,77.423,21.5,10.2,45.7,2.1,0.35,5841.0,7,Dengue,46.06,Medium
2024,11,2024-11-01,Post-Monsoon,Bhopal City,New Market,23.235,77.423,21.5,10.2,45.7,2.1,0.35,5841.0,7,Malaria,45.78,Medium
2024,11,2024-11-01,Post-Monsoon,Bhopal City,New Market,23.235,77.423,21.5,10.2,45.7,2.1,0.35,5841.0,6,Chikungunya,45.11,Medium
2024,11,2024-11-01,Post-Monsoon,Bhopal City,Kolar Road,23.175,77.445,21.7,14.4,49.2,3.5,0.4,6229.0,7,Dengue,42.18,Medium
2024,11,2024-11-01,Post-Monsoon,Bhopal City,Kolar Road,23.175,77.445,21.7,14.4,49.2,3.5,0.4,6229.0,7,Malaria,41.44,Medium
2024,11,2024-11-01,Post-Monsoon,Bhopal City,Kolar Road,23.175,77.445,21.7,14.4,49.2,3.5,0.4,6229.0,7,Chikungunya,42.38,Medium
2024,11,2024-11-01,Post-Monsoon,Bhopal City,Habibganj,23.23,77.438,20.0,8.5,56.3,1.8,0.38,10151.0,9,Dengue,47.31,Medium
2024,11,2024-11-01,Post-Monsoon,Bhopal City,Habibganj,23.23,77.438,20.0,8.5,56.3,1.8,0.38,10151.0,8,Malaria,45.82,Medium
2024,11,2024-11-01,Post-Monsoon,Bhopal City,Habibganj,23.23,77.438,20.0,8.5,56.3,1.8,0.38,10151.0,12,Chikungunya,47.73,Medium
2024,11,2024-11-01,Post-Monsoon,Bhopal City,Shahpura,23.195,77.435,20.1,14.0,51.1,2.5,0.42,10282.0,9,Dengue,49.67,Medium
2024,11,2024-11-01,Post-Monsoon,Bhopal City,Shahpura,23.195,77.435,20.1,14.0,51.1,2.5,0.42,10282.0,8,Malaria,48.37,Medium
2024,11,2024-11-01,Post-Monsoon,Bhopal City,Shahpura,23.195,77.435,20.1,14.0,51.1,2.5,0.42,10282.0,6,Chikungunya,48.51,Medium
2024,11,2024-11-01,Post-Monsoon,Bhopal City,Ayodhya Nagar,23.21,77.455,21.7,10.7,56.5,4.0,0.3,4857.0,4,Dengue,38.29,Medium
2024,11,2024-11-01,Post-Monsoon,Bhopal City,Ayodhya Nagar,23.21,77.455,21.7,10.7,56.5,4.0,0.3,4857.0,1,Malaria,37.09,Medium
2024,11,2024-11-01,Post-Monsoon,Bhopal City,Ayodhya Nagar,23.21,77.455,21.7,10.7,56.5,4.0,0.3,4857.0,6,Chikungunya,38.88,Medium
2024,11,2024-11-01,Post-Monsoon,Bhopal City,Upper Lake Area,23.25,77.39,21.1,13.7,53.2,0.2,0.75,11453.0,23,Dengue,64.82,High
2024,11,2024-11-01,Post-Monsoon,Bhopal City,Upper Lake Area,23.25,77.39,21.1,13.7,53.2,0.2,0.75,11453.0,13,Malaria,62.78,High
2024,11,2024-11-01,Post-Monsoon,Bhopal City,Upper Lake Area,23.25,77.39,21.1,13.7,53.2,0.2,0.75,11453.0,17,Chikungunya,62.61,High
2024,11,2024-11-01,Post-Monsoon,Bhopal City,Lower Lake Area,23.255,77.405,21.3,8.3,44.0,0.3,0.7,10731.0,14,Dengue,55.88,High
2024,11,2024-11-01,Post-Monsoon,Bhopal City,Lower Lake Area,23.255,77.405,21.3,8.3,44.0,0.3,0.7,10731.0,18,Malaria,56.18,High
2024,11,2024-11-01,Post-Monsoon,Bhopal City,Lower Lake Area,23.255,77.405,21.3,8.3,44.0,0.3,0.7,10731.0,14,Chikungunya,55.64,High
2024,11,2024-11-01,Post-Monsoon,Bhopal City,Arera Colony,23.22,77.43,20.5,9.1,48.5,2.0,0.45,7156.0,9,Dengue,44.24,Medium
2024,11,2024-11-01,Post-Monsoon,Bhopal City,Arera Colony,23.22,77.43,20.5,9.1,48.5,2.0,0.45,7156.0,9,Malaria,43.42,Medium
2024,11,2024-11-01,Post-Monsoon,Bhopal City,Arera Colony,23.22,77.43,20.5,9.1,48.5,2.0,0.45,7156.0,11,Chikungunya,44.79,Medium
2024,11,2024-11-01,Post-Monsoon,Bhopal City,Bairagarh,23.28,77.37,22.4,9.4,49.1,1.2,0.55,11902.0,15,Dengue,51.89,High
2024,11,2024-11-01,Post-Monsoon,Bhopal City,Bairagarh,23.28,77.37,22.4,9.4,49.1,1.2,0.55,11902.0,13,Malaria,50.39,High
2024,11,2024-11-01,Post-Monsoon,Bhopal City,Bairagarh,23.28,77.37,22.4,9.4,49.1,1.2,0.55,11902.0,12,Chikungunya,50.99,High
2024,11,2024-11-01,Post-Monsoon,Bhopal City,Misrod,23.165,77.46,19.1,11.4,52.8,3.0,0.48,5943.0,5,Dengue,35.63,Medium
2024,11,2024-11-01,Post-Monsoon,Bhopal City,Misrod,23.165,77.46,19.1,11.4,52.8,3.0,0.48,5943.0,4,Malaria,36.86,Medium
2024,11,2024-11-01,Post-Monsoon,Bhopal City,Misrod,23.165,77.46,19.1,11.4,52.8,3.0,0.48,5943.0,8,Chikungunya,35.18,Medium
2024,11,2024-11-01,Post-Monsoon,Bhopal City,BHEL Area,23.245,77.465,19.4,12.2,51.2,3.8,0.32,5215.0,2,Dengue,29.69,Medium
2024,11,2024-11-01,Post-Monsoon,Bhopal City,BHEL Area,23.245,77.465,19.4,12.2,51.2,3.8,0.32,5215.0,4,Malaria,31.11,Medium
2024,11,2024-11-01,Post-Monsoon,Bhopal City,BHEL Area,23.245,77.465,19.4,12.2,51.2,3.8,0.32,5215.0,5,Chikungunya,29.31,Medium
2024,11,2024-11-01,Post-Monsoon,Ashta,Ashta Town Center,23.015,76.725,23.2,12.3,52.9,1.0,0.55,5185.0,12,Dengue,53.42,High
2024,11,2024-11-01,Post-Monsoon,Ashta,Ashta Town Center,23.015,76.725,23.2,12.3,52.9,1.0,0.55,5185.0,11,Malaria,53.86,High
2024,11,2024-11-01,Post-Monsoon,Ashta,Ashta Town Center,23.015,76.725,23.2,12.3,52.9,1.0,0.55,5185.0,12,Chikungunya,52.54,High
2024,11,2024-11-01,Post-Monsoon,Ashta,Ashta Industrial Area,23.02,76.735,21.2,15.6,64.5,2.5,0.3,2039.0,6,Dengue,42.72,Medium
2024,11,2024-11-01,Post-Monsoon,Ashta,Ashta Industrial Area,23.02,76.735,21.2,15.6,64.5,2.5,0.3,2039.0,11,Malaria,44.36,Medium
2024,11,2024-11-01,Post-Monsoon,Ashta,Ashta Industrial Area,23.02,76.735,21.2,15.6,64.5,2.5,0.3,2039.0,8,Chikungunya,42.33,Medium
2024,11,2024-11-01,Post-Monsoon,Ashta,Ashta Rural East,23.01,76.745,21.8,9.8,46.9,0.8,0.68,1076.0,20,Dengue,48.47,Medium
2024,11,2024-11-01,Post-Monsoon,Ashta,Ashta Rural East,23.01,76.745,21.8,9.8,46.9,0.8,0.68,1076.0,18,Malaria,48.94,Medium
2024,11,2024-11-01,Post-Monsoon,Ashta,Ashta Rural East,23.01,76.745,21.8,9.8,46.9,0.8,0.68,1076.0,14,Chikungunya,47.0,Medium
2024,11,2024-11-01,Post-Monsoon,Ashta,Ashta Nadi Belt,23.008,76.715,18.5,14.9,56.7,0.3,0.72,11527.0,23,Dengue,55.71,High
2024,11,2024-11-01,Post-Monsoon,Ashta,Ashta Nadi Belt,23.008,76.715,18.5,14.9,56.7,0.3,0.72,11527.0,16,Malaria,55.84,High
2024,11,2024-11-01,Post-Monsoon,Ashta,Ashta Nadi Belt,23.008,76.715,18.5,14.9,56.7,0.3,0.72,11527.0,19,Chikungunya,52.79,High
2024,11,2024-11-01,Post-Monsoon,VIT Bhopal University,VIT Main Campus,23.077,76.8512,20.5,10.7,57.4,1.5,0.5,3146.0,15,Dengue,50.65,High
2024,11,2024-11-01,Post-Monsoon,VIT Bhopal University,VIT Main Campus,23.077,76.8512,20.5,10.7,57.4,1.5,0.5,3146.0,11,Malaria,50.57,High
2024,11,2024-11-01,Post-Monsoon,VIT Bhopal University,VIT Main Campus,23.077,76.8512,20.5,10.7,57.4,1.5,0.5,3146.0,16,Chikungunya,50.29,High
2024,11,2024-11-01,Post-Monsoon,VIT Bhopal University,VIT Hostel Area,23.078,76.853,20.1,9.9,40.4,1.8,0.45,4486.0,9,Dengue,42.01,Medium
2024,11,2024-11-01,Post-Monsoon,VIT Bhopal University,VIT Hostel Area,23.078,76.853,20.1,9.9,40.4,1.8,0.45,4486.0,14,Malaria,42.64,Medium
2024,11,2024-11-01,Post-Monsoon,VIT Bhopal University,VIT Hostel Area,23.078,76.853,20.1,9.9,40.4,1.8,0.45,4486.0,7,Chikungunya,41.48,Medium
2024,11,2024-11-01,Post-Monsoon,VIT Bhopal University,VIT Surrounding Village,23.072,76.848,20.8,10.0,60.1,0.6,0.62,3558.0,15,Dengue,55.7,High
2024,11,2024-11-01,Post-Monsoon,VIT Bhopal University,VIT Surrounding Village,23.072,76.848,20.8,10.0,60.1,0.6,0.62,3558.0,17,Malaria,57.39,High
2024,11,2024-11-01,Post-Monsoon,VIT Bhopal University,VIT Surrounding Village,23.072,76.848,20.8,10.0,60.1,0.6,0.62,3558.0,12,Chikungunya,53.85,High
2024,11,2024-11-01,Post-Monsoon,VIT Bhopal University,Kotri-Kalan Area,23.083,76.855,21.8,13.7,57.5,2.0,0.4,8639.0,14,Dengue,52.02,High
2024,11,2024-11-01,Post-Monsoon,VIT Bhopal University,Kotri-Kalan Area,23.083,76.855,21.8,13.7,57.5,2.0,0.4,8639.0,9,Malaria,50.28,High
2024,11,2024-11-01,Post-Monsoon,VIT Bhopal University,Kotri-Kalan Area,23.083,76.855,21.8,13.7,57.5,2.0,0.4,8639.0,9,Chikungunya,50.03,High
2024,12,2024-12-01,Winter,Bhopal City,Old Bhopal (Chowk),23.2676,77.412,15.2,9.4,54.6,0.5,0.65,5924.0,9,Dengue,42.46,Medium
2024,12,2024-12-01,Winter,Bhopal City,Old Bhopal (Chowk),23.2676,77.412,15.2,9.4,54.6,0.5,0.65,5924.0,9,Malaria,44.61,Medium
2024,12,2024-12-01,Winter,Bhopal City,Old Bhopal (Chowk),23.2676,77.412,15.2,9.4,54.6,0.5,0.65,5924.0,11,Chikungunya,41.19,Medium
2024,12,2024-12-01,Winter,Bhopal City,New Market,23.235,77.423,16.7,7.4,52.8,2.1,0.35,10859.0,8,Dengue,36.54,Medium
2024,12,2024-12-01,Winter,Bhopal City,New Market,23.235,77.423,16.7,7.4,52.8,2.1,0.35,10859.0,6,Malaria,36.24,Medium
2024,12,2024-12-01,Winter,Bhopal City,New Market,23.235,77.423,16.7,7.4,52.8,2.1,0.35,10859.0,5,Chikungunya,34.23,Medium
2024,12,2024-12-01,Winter,Bhopal City,Kolar Road,23.175,77.445,15.9,7.4,62.6,3.5,0.4,5689.0,3,Dengue,28.34,Medium
2024,12,2024-12-01,Winter,Bhopal City,Kolar Road,23.175,77.445,15.9,7.4,62.6,3.5,0.4,5689.0,4,Malaria,29.43,Medium
2024,12,2024-12-01,Winter,Bhopal City,Kolar Road,23.175,77.445,15.9,7.4,62.6,3.5,0.4,5689.0,4,Chikungunya,27.68,Medium
2024,12,2024-12-01,Winter,Bhopal City,Habibganj,23.23,77.438,14.2,6.8,61.5,1.8,0.38,4477.0,7,Dengue,34.13,Medium
2024,12,2024-12-01,Winter,Bhopal City,Habibganj,23.23,77.438,14.2,6.8,61.5,1.8,0.38,4477.0,8,Malaria,35.92,Medium
2024,12,2024-12-01,Winter,Bhopal City,Habibganj,23.23,77.438,14.2,6.8,61.5,1.8,0.38,4477.0,6,Chikungunya,32.04,Medium
2024,12,2024-12-01,Winter,Bhopal City,Shahpura,23.195,77.435,15.9,7.4,53.7,2.5,0.42,8117.0,8,Dengue,34.38,Medium
2024,12,2024-12-01,Winter,Bhopal City,Shahpura,23.195,77.435,15.9,7.4,53.7,2.5,0.42,8117.0,7,Malaria,34.65,Medium
2024,12,2024-12-01,Winter,Bhopal City,Shahpura,23.195,77.435,15.9,7.4,53.7,2.5,0.42,8117.0,7,Chikungunya,32.99,Medium
2024,12,2024-12-01,Winter,Bhopal City,Ayodhya Nagar,23.21,77.455,17.0,8.8,43.5,4.0,0.3,7235.0,2,Dengue,24.61,Low
2024,12,2024-12-01,Winter,Bhopal City,Ayodhya Nagar,23.21,77.455,17.0,8.8,43.5,4.0,0.3,7235.0,1,Malaria,24.26,Low
2024,12,2024-12-01,Winter,Bhopal City,Ayodhya Nagar,23.21,77.455,17.0,8.8,43.5,4.0,0.3,7235.0,4,Chikungunya,24.68,Low
2024,12,2024-12-01,Winter,Bhopal City,Upper Lake Area,23.25,77.39,16.2,9.2,56.4,0.2,0.75,7636.0,10,Dengue,46.33,Medium
2024,12,2024-12-01,Winter,Bhopal City,Upper Lake Area,23.25,77.39,16.2,9.2,56.4,0.2,0.75,7636.0,16,Malaria,49.65,Medium
2024,12,2024-12-01,Winter,Bhopal City,Upper Lake Area,23.25,77.39,16.2,9.2,56.4,0.2,0.75,7636.0,12,Chikungunya,45.08,Medium
2024,12,2024-12-01,Winter,Bhopal City,Lower Lake Area,23.255,77.405,16.8,9.6,56.5,0.3,0.7,11975.0,12,Dengue,47.85,Medium
2024,12,2024-12-01,Winter,Bhopal City,Lower Lake Area,23.255,77.405,16.8,9.6,56.5,0.3,0.7,11975.0,10,Malaria,48.88,Medium
2024,12,2024-12-01,Winter,Bhopal City,Lower Lake Area,23.255,77.405,16.8,9.6,56.5,0.3,0.7,11975.0,10,Chikungunya,45.52,Medium
2024,12,2024-12-01,Winter,Bhopal City,Arera Colony,23.22,77.43,15.8,6.6,50.9,2.0,0.45,8702.0,8,Dengue,36.67,Medium
2024,12,2024-12-01,Winter,Bhopal City,Arera Colony,23.22,77.43,15.8,6.6,50.9,2.0,0.45,8702.0,8,Malaria,37.23,Medium
2024,12,2024-12-01,Winter,Bhopal City,Arera Colony,23.22,77.43,15.8,6.6,50.9,2.0,0.45,8702.0,6,Chikungunya,34.81,Medium
2024,12,2024-12-01,Winter,Bhopal City,Bairagarh,23.28,77.37,15.8,6.8,49.9,1.2,0.55,7739.0,7,Dengue,39.44,Medium
2024,12,2024-12-01,Winter,Bhopal City,Bairagarh,23.28,77.37,15.8,6.8,49.9,1.2,0.55,7739.0,8,Malaria,40.93,Medium
2024,12,2024-12-01,Winter,Bhopal City,Bairagarh,23.28,77.37,15.8,6.8,49.9,1.2,0.55,7739.0,8,Chikungunya,38.12,Medium
2024,12,2024-12-01,Winter,Bhopal City,Misrod,23.165,77.46,15.1,8.3,48.6,3.0,0.48,9313.0,6,Dengue,33.15,Medium
2024,12,2024-12-01,Winter,Bhopal City,Misrod,23.165,77.46,15.1,8.3,48.6,3.0,0.48,9313.0,5,Malaria,33.08,Medium
2024,12,2024-12-01,Winter,Bhopal City,Misrod,23.165,77.46,15.1,8.3,48.6,3.0,0.48,9313.0,5,Chikungunya,32.2,Medium
2024,12,2024-12-01,Winter,Bhopal City,BHEL Area,23.245,77.465,17.4,8.2,52.4,3.8,0.32,10798.0,7,Dengue,29.84,Medium
2024,12,2024-12-01,Winter,Bhopal City,BHEL Area,23.245,77.465,17.4,8.2,52.4,3.8,0.32,10798.0,6,Malaria,29.03,Medium
2024,12,2024-12-01,Winter,Bhopal City,BHEL Area,23.245,77.465,17.4,8.2,52.4,3.8,0.32,10798.0,4,Chikungunya,28.45,Medium
2024,12,2024-12-01,Winter,Ashta,Ashta Town Center,23.015,76.725,17.0,7.6,43.9,1.0,0.55,7203.0,12,Dengue,40.33,Medium
2024,12,2024-12-01,Winter,Ashta,Ashta Town Center,23.015,76.725,17.0,7.6,43.9,1.0,0.55,7203.0,11,Malaria,41.29,Medium
2024,12,2024-12-01,Winter,Ashta,Ashta Town Center,23.015,76.725,17.0,7.6,43.9,1.0,0.55,7203.0,8,Chikungunya,37.81,Medium
2024,12,2024-12-01,Winter,Ashta,Ashta Industrial Area,23.02,76.735,13.8,7.0,50.0,2.5,0.3,2589.0,5,Dengue,27.68,Medium
2024,12,2024-12-01,Winter,Ashta,Ashta Industrial Area,23.02,76.735,13.8,7.0,50.0,2.5,0.3,2589.0,9,Malaria,29.86,Medium
2024,12,2024-12-01,Winter,Ashta,Ashta Industrial Area,23.02,76.735,13.8,7.0,50.0,2.5,0.3,2589.0,6,Chikungunya,26.55,Medium
2024,12,2024-12-01,Winter,Ashta,Ashta Rural East,23.01,76.745,18.3,7.3,51.5,0.8,0.68,514.0,10,Dengue,37.28,Medium
2024,12,2024-12-01,Winter,Ashta,Ashta Rural East,23.01,76.745,18.3,7.3,51.5,0.8,0.68,514.0,13,Malaria,40.94,Medium
2024,12,2024-12-01,Winter,Ashta,Ashta Rural East,23.01,76.745,18.3,7.3,51.5,0.8,0.68,514.0,9,Chikungunya,35.51,Medium
2024,12,2024-12-01,Winter,Ashta,Ashta Nadi Belt,23.008,76.715,18.3,7.6,59.0,0.3,0.72,5308.0,9,Dengue,43.83,Medium
2024,12,2024-12-01,Winter,Ashta,Ashta Nadi Belt,23.008,76.715,18.3,7.6,59.0,0.3,0.72,5308.0,12,Malaria,47.01,Medium
2024,12,2024-12-01,Winter,Ashta,Ashta Nadi Belt,23.008,76.715,18.3,7.6,59.0,0.3,0.72,5308.0,10,Chikungunya,42.21,Medium
2024,12,2024-12-01,Winter,VIT Bhopal University,VIT Main Campus,23.077,76.8512,18.2,10.7,48.8,1.5,0.5,4883.0,9,Dengue,40.95,Medium
2024,12,2024-12-01,Winter,VIT Bhopal University,VIT Main Campus,23.077,76.8512,18.2,10.7,48.8,1.5,0.5,4883.0,10,Malaria,43.19,Medium
2024,12,2024-12-01,Winter,VIT Bhopal University,VIT Main Campus,23.077,76.8512,18.2,10.7,48.8,1.5,0.5,4883.0,8,Chikungunya,38.75,Medium
2024,12,2024-12-01,Winter,VIT Bhopal University,VIT Hostel Area,23.078,76.853,17.7,8.9,46.7,1.8,0.45,3197.0,11,Dengue,33.29,Medium
2024,12,2024-12-01,Winter,VIT Bhopal University,VIT Hostel Area,23.078,76.853,17.7,8.9,46.7,1.8,0.45,3197.0,7,Malaria,34.03,Medium
2024,12,2024-12-01,Winter,VIT Bhopal University,VIT Hostel Area,23.078,76.853,17.7,8.9,46.7,1.8,0.45,3197.0,7,Chikungunya,30.96,Medium
2024,12,2024-12-01,Winter,VIT Bhopal University,VIT Surrounding Village,23.072,76.848,18.2,5.5,58.1,0.6,0.62,4303.0,9,Dengue,40.86,Medium
2024,12,2024-12-01,Winter,VIT Bhopal University,VIT Surrounding Village,23.072,76.848,18.2,5.5,58.1,0.6,0.62,4303.0,10,Malaria,43.5,Medium
2024,12,2024-12-01,Winter,VIT Bhopal University,VIT Surrounding Village,23.072,76.848,18.2,5.5,58.1,0.6,0.62,4303.0,9,Chikungunya,38.95,Medium
2024,12,2024-12-01,Winter,VIT Bhopal University,Kotri-Kalan Area,23.083,76.855,16.0,8.2,47.2,2.0,0.4,10109.0,8,Dengue,36.84,Medium
2024,12,2024-12-01,Winter,VIT Bhopal University,Kotri-Kalan Area,23.083,76.855,16.0,8.2,47.2,2.0,0.4,10109.0,7,Malaria,36.76,Medium
2024,12,2024-12-01,Winter,VIT Bhopal University,Kotri-Kalan Area,23.083,76.855,16.0,8.2,47.2,2.0,0.4,10109.0,9,Chikungunya,35.79,Medium
2025,1,2025-01-01,Winter,Bhopal City,Old Bhopal (Chowk),23.2676,77.412,16.9,10.6,60.5,0.5,0.65,8119.0,13,Dengue,50.76,High
2025,1,2025-01-01,Winter,Bhopal City,Old Bhopal (Chowk),23.2676,77.412,16.9,10.6,60.5,0.5,0.65,8119.0,12,Malaria,52.73,High
2025,1,2025-01-01,Winter,Bhopal City,Old Bhopal (Chowk),23.2676,77.412,16.9,10.6,60.5,0.5,0.65,8119.0,12,Chikungunya,48.19,Medium
2025,1,2025-01-01,Winter,Bhopal City,New Market,23.235,77.423,18.2,9.2,60.2,2.1,0.35,4072.0,6,Dengue,32.05,Medium
2025,1,2025-01-01,Winter,Bhopal City,New Market,23.235,77.423,18.2,9.2,60.2,2.1,0.35,4072.0,8,Malaria,33.96,Medium
2025,1,2025-01-01,Winter,Bhopal City,New Market,23.235,77.423,18.2,9.2,60.2,2.1,0.35,4072.0,6,Chikungunya,30.35,Medium
2025,1,2025-01-01,Winter,Bhopal City,Kolar Road,23.175,77.445,16.7,12.5,54.2,3.5,0.4,6699.0,5,Dengue,33.78,Medium
2025,1,2025-01-01,Winter,Bhopal City,Kolar Road,23.175,77.445,16.7,12.5,54.2,3.5,0.4,6699.0,6,Malaria,34.92,Medium
2025,1,2025-01-01,Winter,Bhopal City,Kolar Road,23.175,77.445,16.7,12.5,54.2,3.5,0.4,6699.0,6,Chikungunya,32.88,Medium
2025,1,2025-01-01,Winter,Bhopal City,Habibganj,23.23,77.438,15.4,9.4,49.1,1.8,0.38,7476.0,6,Dengue,35.05,Medium
2025,1,2025-01-01,Winter,Bhopal City,Habibganj,23.23,77.438,15.4,9.4,49.1,1.8,0.38,7476.0,8,Malaria,36.24,Medium
2025,1,2025-01-01,Winter,Bhopal City,Habibganj,23.23,77.438,15.4,9.4,49.1,1.8,0.38,7476.0,7,Chikungunya,33.73,Medium
2025,1,2025-01-01,Winter,Bhopal City,Shahpura,23.195,77.435,17.9,12.7,56.5,2.5,0.42,4953.0,6,Dengue,36.65,Medium
2025,1,2025-01-01,Winter,Bhopal City,Shahpura,23.195,77.435,17.9,12.7,56.5,2.5,0.42,4953.0,6,Malaria,38.39,Medium
2025,1,2025-01-01,Winter,Bhopal City,Shahpura,23.195,77.435,17.9,12.7,56.5,2.5,0.42,4953.0,6,Chikungunya,34.9,Medium
2025,1,2025-01-01,Winter,Bhopal City,Ayodhya Nagar,23.21,77.455,16.0,12.9,59.8,4.0,0.3,5722.0,1,Dengue,29.8,Medium
2025,1,2025-01-01,Winter,Bhopal City,Ayodhya Nagar,23.21,77.455,16.0,12.9,59.8,4.0,0.3,5722.0,2,Malaria,31.01,Medium
2025,1,2025-01-01,Winter,Bhopal City,Ayodhya Nagar,23.21,77.455,16.0,12.9,59.8,4.0,0.3,5722.0,2,Chikungunya,28.72,Medium
2025,1,2025-01-01,Winter,Bhopal City,Upper Lake Area,23.25,77.39,14.5,9.7,47.6,0.2,0.75,6274.0,9,Dengue,44.11,Medium
2025,1,2025-01-01,Winter,Bhopal City,Upper Lake Area,23.25,77.39,14.5,9.7,47.6,0.2,0.75,6274.0,10,Malaria,46.57,Medium
2025,1,2025-01-01,Winter,Bhopal City,Upper Lake Area,23.25,77.39,14.5,9.7,47.6,0.2,0.75,6274.0,12,Chikungunya,43.28,Medium
2025,1,2025-01-01,Winter,Bhopal City,Lower Lake Area,23.255,77.405,16.3,9.2,57.4,0.3,0.7,7238.0,11,Dengue,45.49,Medium
2025,1,2025-01-01,Winter,Bhopal City,Lower Lake Area,23.255,77.405,16.3,9.2,57.4,0.3,0.7,7238.0,13,Malaria,47.93,Medium
2025,1,2025-01-01,Winter,Bhopal City,Lower Lake Area,23.255,77.405,16.3,9.2,57.4,0.3,0.7,7238.0,14,Chikungunya,44.5,Medium
2025,1,2025-01-01,Winter,Bhopal City,Arera Colony,23.22,77.43,16.7,11.6,61.1,2.0,0.45,5013.0,7,Dengue,39.5,Medium
2025,1,2025-01-01,Winter,Bhopal City,Arera Colony,23.22,77.43,16.7,11.6,61.1,2.0,0.45,5013.0,6,Malaria,41.33,Medium
2025,1,2025-01-01,Winter,Bhopal City,Arera Colony,23.22,77.43,16.7,11.6,61.1,2.0,0.45,5013.0,7,Chikungunya,37.45,Medium
2025,1,2025-01-01,Winter,Bhopal City,Bairagarh,23.28,77.37,15.9,10.1,59.0,1.2,0.55,8186.0,7,Dengue,45.71,Medium
2025,1,2025-01-01,Winter,Bhopal City,Bairagarh,23.28,77.37,15.9,10.1,59.0,1.2,0.55,8186.0,8,Malaria,47.79,Medium
2025,1,2025-01-01,Winter,Bhopal City,Bairagarh,23.28,77.37,15.9,10.1,59.0,1.2,0.55,8186.0,8,Chikungunya,43.71,Medium
2025,1,2025-01-01,Winter,Bhopal City,Misrod,23.165,77.46,17.1,11.5,58.4,3.0,0.48,11931.0,5,Dengue,39.44,Medium
2025,1,2025-01-01,Winter,Bhopal City,Misrod,23.165,77.46,17.1,11.5,58.4,3.0,0.48,11931.0,5,Malaria,40.17,Medium
2025,1,2025-01-01,Winter,Bhopal City,Misrod,23.165,77.46,17.1,11.5,58.4,3.0,0.48,11931.0,5,Chikungunya,38.03,Medium
2025,1,2025-01-01,Winter,Bhopal City,BHEL Area,23.245,77.465,16.3,8.7,53.5,3.8,0.32,9209.0,3,Dengue,28.36,Medium
2025,1,2025-01-01,Winter,Bhopal City,BHEL Area,23.245,77.465,16.3,8.7,53.5,3.8,0.32,9209.0,2,Malaria,27.88,Medium
2025,1,2025-01-01,Winter,Bhopal City,BHEL Area,23.245,77.465,16.3,8.7,53.5,3.8,0.32,9209.0,2,Chikungunya,27.35,Medium
2025,1,2025-01-01,Winter,Ashta,Ashta Town Center,23.015,76.725,18.5,10.5,59.8,1.0,0.55,4050.0,8,Dengue,43.44,Medium
2025,1,2025-01-01,Winter,Ashta,Ashta Town Center,23.015,76.725,18.5,10.5,59.8,1.0,0.55,4050.0,9,Malaria,46.4,Medium
2025,1,2025-01-01,Winter,Ashta,Ashta Town Center,23.015,76.725,18.5,10.5,59.8,1.0,0.55,4050.0,8,Chikungunya,41.06,Medium
2025,1,2025-01-01,Winter,Ashta,Ashta Industrial Area,23.02,76.735,18.4,10.2,54.2,2.5,0.3,3500.0,7,Dengue,34.3,Medium
2025,1,2025-01-01,Winter,Ashta,Ashta Industrial Area,23.02,76.735,18.4,10.2,54.2,2.5,0.3,3500.0,7,Malaria,36.01,Medium
2025,1,2025-01-01,Winter,Ashta,Ashta Industrial Area,23.02,76.735,18.4,10.2,54.2,2.5,0.3,3500.0,7,Chikungunya,32.4,Medium
2025,1,2025-01-01,Winter,Ashta,Ashta Rural East,23.01,76.745,16.1,7.2,42.4,0.8,0.68,1895.0,10,Dengue,37.48,Medium
2025,1,2025-01-01,Winter,Ashta,Ashta Rural East,23.01,76.745,16.1,7.2,42.4,0.8,0.68,1895.0,9,Malaria,39.89,Medium
2025,1,2025-01-01,Winter,Ashta,Ashta Rural East,23.01,76.745,16.1,7.2,42.4,0.8,0.68,1895.0,11,Chikungunya,36.45,Medium
2025,1,2025-01-01,Winter,Ashta,Ashta Nadi Belt,23.008,76.715,17.0,12.1,49.7,0.3,0.72,8381.0,11,Dengue,50.84,High
2025,1,2025-01-01,Winter,Ashta,Ashta Nadi Belt,23.008,76.715,17.0,12.1,49.7,0.3,0.72,8381.0,10,Malaria,52.83,High
2025,1,2025-01-01,Winter,Ashta,Ashta Nadi Belt,23.008,76.715,17.0,12.1,49.7,0.3,0.72,8381.0,9,Chikungunya,48.14,Medium
2025,1,2025-01-01,Winter,VIT Bhopal University,VIT Main Campus,23.077,76.8512,15.0,15.8,62.1,1.5,0.5,3999.0,9,Dengue,41.56,Medium
2025,1,2025-01-01,Winter,VIT Bhopal University,VIT Main Campus,23.077,76.8512,15.0,15.8,62.1,1.5,0.5,3999.0,11,Malaria,44.45,Medium
2025,1,2025-01-01,Winter,VIT Bhopal University,VIT Main Campus,23.077,76.8512,15.0,15.8,62.1,1.5,0.5,3999.0,8,Chikungunya,39.1,Medium
2025,1,2025-01-01,Winter,VIT Bhopal University,VIT Hostel Area,23.078,76.853,15.7,11.4,51.5,1.8,0.45,3824.0,9,Dengue,38.79,Medium
2025,1,2025-01-01,Winter,VIT Bhopal University,VIT Hostel Area,23.078,76.853,15.7,11.4,51.5,1.8,0.45,3824.0,8,Malaria,40.68,Medium
2025,1,2025-01-01,Winter,VIT Bhopal University,VIT Hostel Area,23.078,76.853,15.7,11.4,51.5,1.8,0.45,3824.0,6,Chikungunya,36.06,Medium
2025,1,2025-01-01,Winter,VIT Bhopal University,VIT Surrounding Village,23.072,76.848,19.1,10.6,45.4,0.6,0.62,4340.0,10,Dengue,44.85,Medium
2025,1,2025-01-01,Winter,VIT Bhopal University,VIT Surrounding Village,23.072,76.848,19.1,10.6,45.4,0.6,0.62,4340.0,12,Malaria,47.89,Medium
2025,1,2025-01-01,Winter,VIT Bhopal University,VIT Surrounding Village,23.072,76.848,19.1,10.6,45.4,0.6,0.62,4340.0,9,Chikungunya,42.46,Medium
2025,1,2025-01-01,Winter,VIT Bhopal University,Kotri-Kalan Area,23.083,76.855,13.2,13.1,53.3,2.0,0.4,10859.0,7,Dengue,42.21,Medium
2025,1,2025-01-01,Winter,VIT Bhopal University,Kotri-Kalan Area,23.083,76.855,13.2,13.1,53.3,2.0,0.4,10859.0,8,Malaria,43.19,Medium
2025,1,2025-01-01,Winter,VIT Bhopal University,Kotri-Kalan Area,23.083,76.855,13.2,13.1,53.3,2.0,0.4,10859.0,8,Chikungunya,40.5,Medium
2025,2,2025-02-01,Winter,Bhopal City,Old Bhopal (Chowk),23.2676,77.412,18.7,7.1,46.6,0.5,0.65,9026.0,12,Dengue,44.86,Medium
2025,2,2025-02-01,Winter,Bhopal City,Old Bhopal (Chowk),23.2676,77.412,18.7,7.1,46.6,0.5,0.65,9026.0,11,Malaria,45.91,Medium
2025,2,2025-02-01,Winter,Bhopal City,Old Bhopal (Chowk),23.2676,77.412,18.7,7.1,46.6,0.5,0.65,9026.0,11,Chikungunya,43.03,Medium
2025,2,2025-02-01,Winter,Bhopal City,New Market,23.235,77.423,18.6,7.6,50.3,2.1,0.35,7146.0,8,Dengue,34.01,Medium
2025,2,2025-02-01,Winter,Bhopal City,New Market,23.235,77.423,18.6,7.6,50.3,2.1,0.35,7146.0,5,Malaria,34.02,Medium
2025,2,2025-02-01,Winter,Bhopal City,New Market,23.235,77.423,18.6,7.6,50.3,2.1,0.35,7146.0,7,Chikungunya,32.3,Medium
2025,2,2025-02-01,Winter,Bhopal City,Kolar Road,23.175,77.445,19.1,10.4,35.6,3.5,0.4,9623.0,5,Dengue,34.26,Medium
2025,2,2025-02-01,Winter,Bhopal City,Kolar Road,23.175,77.445,19.1,10.4,35.6,3.5,0.4,9623.0,4,Malaria,34.04,Medium
2025,2,2025-02-01,Winter,Bhopal City,Kolar Road,23.175,77.445,19.1,10.4,35.6,3.5,0.4,9623.0,4,Chikungunya,33.16,Medium
2025,2,2025-02-01,Winter,Bhopal City,Habibganj,23.23,77.438,21.2,9.0,52.5,1.8,0.38,10327.0,9,Dengue,46.93,Medium
2025,2,2025-02-01,Winter,Bhopal City,Habibganj,23.23,77.438,21.2,9.0,52.5,1.8,0.38,10327.0,8,Malaria,45.36,Medium
2025,2,2025-02-01,Winter,Bhopal City,Habibganj,23.23,77.438,21.2,9.0,52.5,1.8,0.38,10327.0,9,Chikungunya,46.58,Medium
2025,2,2025-02-01,Winter,Bhopal City,Shahpura,23.195,77.435,17.8,9.7,46.7,2.5,0.42,8780.0,6,Dengue,33.73,Medium
2025,2,2025-02-01,Winter,Bhopal City,Shahpura,23.195,77.435,17.8,9.7,46.7,2.5,0.42,8780.0,5,Malaria,33.81,Medium
2025,2,2025-02-01,Winter,Bhopal City,Shahpura,23.195,77.435,17.8,9.7,46.7,2.5,0.42,8780.0,5,Chikungunya,32.4,Medium
2025,2,2025-02-01,Winter,Bhopal City,Ayodhya Nagar,23.21,77.455,22.0,9.7,49.8,4.0,0.3,4167.0,1,Dengue,31.35,Medium
2025,2,2025-02-01,Winter,Bhopal City,Ayodhya Nagar,23.21,77.455,22.0,9.7,49.8,4.0,0.3,4167.0,2,Malaria,30.57,Medium
2025,2,2025-02-01,Winter,Bhopal City,Ayodhya Nagar,23.21,77.455,22.0,9.7,49.8,4.0,0.3,4167.0,1,Chikungunya,31.9,Medium
2025,2,2025-02-01,Winter,Bhopal City,Upper Lake Area,23.25,77.39,18.1,6.8,41.1,0.2,0.75,6821.0,11,Dengue,44.39,Medium
2025,2,2025-02-01,Winter,Bhopal City,Upper Lake Area,23.25,77.39,18.1,6.8,41.1,0.2,0.75,6821.0,12,Malaria,46.53,Medium
2025,2,2025-02-01,Winter,Bhopal City,Upper Lake Area,23.25,77.39,18.1,6.8,41.1,0.2,0.75,6821.0,13,Chikungunya,43.49,Medium
2025,2,2025-02-01,Winter,Bhopal City,Lower Lake Area,23.255,77.405,18.7,6.6,50.2,0.3,0.7,6062.0,11,Dengue,43.83,Medium
2025,2,2025-02-01,Winter,Bhopal City,Lower Lake Area,23.255,77.405,18.7,6.6,50.2,0.3,0.7,6062.0,11,Malaria,45.96,Medium
2025,2,2025-02-01,Winter,Bhopal City,Lower Lake Area,23.255,77.405,18.7,6.6,50.2,0.3,0.7,6062.0,9,Chikungunya,41.58,Medium
2025,2,2025-02-01,Winter,Bhopal City,Arera Colony,23.22,77.43,18.1,11.0,44.5,2.0,0.45,5763.0,6,Dengue,38.2,Medium
2025,2,2025-02-01,Winter,Bhopal City,Arera Colony,23.22,77.43,18.1,11.0,44.5,2.0,0.45,5763.0,8,Malaria,40.2,Medium
2025,2,2025-02-01,Winter,Bhopal City,Arera Colony,23.22,77.43,18.1,11.0,44.5,2.0,0.45,5763.0,6,Chikungunya,36.45,Medium
2025,2,2025-02-01,Winter,Bhopal City,Bairagarh,23.28,77.37,19.1,8.3,44.2,1.2,0.55,5493.0,8,Dengue,37.32,Medium
2025,2,2025-02-01,Winter,Bhopal City,Bairagarh,23.28,77.37,19.1,8.3,44.2,1.2,0.55,5493.0,9,Malaria,39.1,Medium
2025,2,2025-02-01,Winter,Bhopal City,Bairagarh,23.28,77.37,19.1,8.3,44.2,1.2,0.55,5493.0,10,Chikungunya,36.43,Medium
2025,2,2025-02-01,Winter,Bhopal City,Misrod,23.165,77.46,19.7,3.8,48.3,3.0,0.48,11240.0,4,Dengue,33.19,Medium
2025,2,2025-02-01,Winter,Bhopal City,Misrod,23.165,77.46,19.7,3.8,48.3,3.0,0.48,11240.0,6,Malaria,33.66,Medium
2025,2,2025-02-01,Winter,Bhopal City,Misrod,23.165,77.46,19.7,3.8,48.3,3.0,0.48,11240.0,5,Chikungunya,32.73,Medium
2025,2,2025-02-01,Winter,Bhopal City,BHEL Area,23.245,77.465,19.8,7.8,52.5,3.8,0.32,4590.0,3,Dengue,24.56,Low
2025,2,2025-02-01,Winter,Bhopal City,BHEL Area,23.245,77.465,19.8,7.8,52.5,3.8,0.32,4590.0,2,Malaria,25.0,Medium
2025,2,2025-02-01,Winter,Bhopal City,BHEL Area,23.245,77.465,19.8,7.8,52.5,3.8,0.32,4590.0,2,Chikungunya,23.57,Low
2025,2,2025-02-01,Winter,Ashta,Ashta Town Center,23.015,76.725,19.4,6.4,50.8,1.0,0.55,4944.0,9,Dengue,38.5,Medium
2025,2,2025-02-01,Winter,Ashta,Ashta Town Center,23.015,76.725,19.4,6.4,50.8,1.0,0.55,4944.0,11,Malaria,40.77,Medium
2025,2,2025-02-01,Winter,Ashta,Ashta Town Center,23.015,76.725,19.4,6.4,50.8,1.0,0.55,4944.0,10,Chikungunya,37.12,Medium
2025,2,2025-02-01,Winter,Ashta,Ashta Industrial Area,23.02,76.735,18.4,8.9,55.5,2.5,0.3,3081.0,5,Dengue,28.62,Medium
2025,2,2025-02-01,Winter,Ashta,Ashta Industrial Area,23.02,76.735,18.4,8.9,55.5,2.5,0.3,3081.0,5,Malaria,30.01,Medium
2025,2,2025-02-01,Winter,Ashta,Ashta Industrial Area,23.02,76.735,18.4,8.9,55.5,2.5,0.3,3081.0,6,Chikungunya,27.39,Medium
2025,2,2025-02-01,Winter,Ashta,Ashta Rural East,23.01,76.745,19.8,9.4,47.5,0.8,0.68,1923.0,10,Dengue,38.01,Medium
2025,2,2025-02-01,Winter,Ashta,Ashta Rural East,23.01,76.745,19.8,9.4,47.5,0.8,0.68,1923.0,13,Malaria,41.32,Medium
2025,2,2025-02-01,Winter,Ashta,Ashta Rural East,23.01,76.745,19.8,9.4,47.5,0.8,0.68,1923.0,9,Chikungunya,36.32,Medium
2025,2,2025-02-01,Winter,Ashta,Ashta Nadi Belt,23.008,76.715,17.9,7.6,45.5,0.3,0.72,6569.0,13,Dengue,44.45,Medium
2025,2,2025-02-01,Winter,Ashta,Ashta Nadi Belt,23.008,76.715,17.9,7.6,45.5,0.3,0.72,6569.0,11,Malaria,45.95,Medium
2025,2,2025-02-01,Winter,Ashta,Ashta Nadi Belt,23.008,76.715,17.9,7.6,45.5,0.3,0.72,6569.0,10,Chikungunya,42.14,Medium
2025,2,2025-02-01,Winter,VIT Bhopal University,VIT Main Campus,23.077,76.8512,19.3,7.8,49.0,1.5,0.5,4311.0,8,Dengue,35.27,Medium
2025,2,2025-02-01,Winter,VIT Bhopal University,VIT Main Campus,23.077,76.8512,19.3,7.8,49.0,1.5,0.5,4311.0,9,Malaria,37.17,Medium
2025,2,2025-02-01,Winter,VIT Bhopal University,VIT Main Campus,23.077,76.8512,19.3,7.8,49.0,1.5,0.5,4311.0,8,Chikungunya,33.81,Medium
2025,2,2025-02-01,Winter,VIT Bhopal University,VIT Hostel Area,23.078,76.853,20.2,8.8,45.6,1.8,0.45,4320.0,8,Dengue,42.15,Medium
2025,2,2025-02-01,Winter,VIT Bhopal University,VIT Hostel Area,23.078,76.853,20.2,8.8,45.6,1.8,0.45,4320.0,9,Malaria,42.16,Medium
2025,2,2025-02-01,Winter,VIT Bhopal University,VIT Hostel Area,23.078,76.853,20.2,8.8,45.6,1.8,0.45,4320.0,9,Chikungunya,42.32,Medium
2025,2,2025-02-01,Winter,VIT Bhopal University,VIT Surrounding Village,23.072,76.848,18.5,8.0,52.5,0.6,0.62,4560.0,9,Dengue,40.49,Medium
2025,2,2025-02-01,Winter,VIT Bhopal University,VIT Surrounding Village,23.072,76.848,18.5,8.0,52.5,0.6,0.62,4560.0,9,Malaria,42.77,Medium
2025,2,2025-02-01,Winter,VIT Bhopal University,VIT Surrounding Village,23.072,76.848,18.5,8.0,52.5,0.6,0.62,4560.0,10,Chikungunya,38.98,Medium
2025,2,2025-02-01,Winter,VIT Bhopal University,Kotri-Kalan Area,23.083,76.855,19.7,5.0,57.3,2.0,0.4,6293.0,6,Dengue,34.41,Medium
2025,2,2025-02-01,Winter,VIT Bhopal University,Kotri-Kalan Area,23.083,76.855,19.7,5.0,57.3,2.0,0.4,6293.0,7,Malaria,35.75,Medium
2025,2,2025-02-01,Winter,VIT Bhopal University,Kotri-Kalan Area,23.083,76.855,19.7,5.0,57.3,2.0,0.4,6293.0,6,Chikungunya,32.8,Medium
2025,3,2025-03-01,Summer,Bhopal City,Old Bhopal (Chowk),23.2676,77.412,25.4,6.3,35.3,0.5,0.65,4175.0,12,Dengue,57.45,High
2025,3,2025-03-01,Summer,Bhopal City,Old Bhopal (Chowk),23.2676,77.412,25.4,6.3,35.3,0.5,0.65,4175.0,12,Malaria,56.24,High
2025,3,2025-03-01,Summer,Bhopal City,Old Bhopal (Chowk),23.2676,77.412,25.4,6.3,35.3,0.5,0.65,4175.0,15,Chikungunya,59.36,High
2025,3,2025-03-01,Summer,Bhopal City,New Market,23.235,77.423,24.6,3.4,34.6,2.1,0.35,10157.0,9,Dengue,43.76,Medium
2025,3,2025-03-01,Summer,Bhopal City,New Market,23.235,77.423,24.6,3.4,34.6,2.1,0.35,10157.0,7,Malaria,41.45,Medium
2025,3,2025-03-01,Summer,Bhopal City,New Market,23.235,77.423,24.6,3.4,34.6,2.1,0.35,10157.0,6,Chikungunya,43.05,Medium
2025,3,2025-03-01,Summer,Bhopal City,Kolar Road,23.175,77.445,29.7,6.1,35.4,3.5,0.4,5846.0,7,Dengue,44.29,Medium
2025,3,2025-03-01,Summer,Bhopal City,Kolar Road,23.175,77.445,29.7,6.1,35.4,3.5,0.4,5846.0,10,Malaria,41.85,Medium
2025,3,2025-03-01,Summer,Bhopal City,Kolar Road,23.175,77.445,29.7,6.1,35.4,3.5,0.4,5846.0,5,Chikungunya,45.91,Medium
2025,3,2025-03-01,Summer,Bhopal City,Habibganj,23.23,77.438,27.0,6.4,33.2,1.8,0.38,10439.0,7,Dengue,53.32,High
2025,3,2025-03-01,Summer,Bhopal City,Habibganj,23.23,77.438,27.0,6.4,33.2,1.8,0.38,10439.0,7,Malaria,50.04,High
2025,3,2025-03-01,Summer,Bhopal City,Habibganj,23.23,77.438,27.0,6.4,33.2,1.8,0.38,10439.0,8,Chikungunya,54.75,High
2025,3,2025-03-01,Summer,Bhopal City,Shahpura,23.195,77.435,27.6,4.2,33.0,2.5,0.42,4516.0,13,Dengue,48.24,Medium
2025,3,2025-03-01,Summer,Bhopal City,Shahpura,23.195,77.435,27.6,4.2,33.0,2.5,0.42,4516.0,7,Malaria,44.41,Medium
2025,3,2025-03-01,Summer,Bhopal City,Shahpura,23.195,77.435,27.6,4.2,33.0,2.5,0.42,4516.0,6,Chikungunya,48.18,Medium
2025,3,2025-03-01,Summer,Bhopal City,Ayodhya Nagar,23.21,77.455,23.8,6.2,29.7,4.0,0.3,10543.0,3,Dengue,34.49,Medium
2025,3,2025-03-01,Summer,Bhopal City,Ayodhya Nagar,23.21,77.455,23.8,6.2,29.7,4.0,0.3,10543.0,2,Malaria,31.67,Medium
2025,3,2025-03-01,Summer,Bhopal City,Ayodhya Nagar,23.21,77.455,23.8,6.2,29.7,4.0,0.3,10543.0,2,Chikungunya,35.24,Medium
2025,3,2025-03-01,Summer,Bhopal City,Upper Lake Area,23.25,77.39,25.2,4.7,39.4,0.2,0.75,6017.0,16,Dengue,62.38,High
2025,3,2025-03-01,Summer,Bhopal City,Upper Lake Area,23.25,77.39,25.2,4.7,39.4,0.2,0.75,6017.0,11,Malaria,60.04,High
2025,3,2025-03-01,Summer,Bhopal City,Upper Lake Area,23.25,77.39,25.2,4.7,39.4,0.2,0.75,6017.0,15,Chikungunya,63.27,High
2025,3,2025-03-01,Summer,Bhopal City,Lower Lake Area,23.255,77.405,24.6,5.8,41.6,0.3,0.7,10071.0,17,Dengue,56.36,High
2025,3,2025-03-01,Summer,Bhopal City,Lower Lake Area,23.255,77.405,24.6,5.8,41.6,0.3,0.7,10071.0,14,Malaria,55.09,High
2025,3,2025-03-01,Summer,Bhopal City,Lower Lake Area,23.255,77.405,24.6,5.8,41.6,0.3,0.7,10071.0,13,Chikungunya,55.17,High
2025,3,2025-03-01,Summer,Bhopal City,Arera Colony,23.22,77.43,25.0,2.7,32.2,2.0,0.45,8067.0,10,Dengue,43.58,Medium
2025,3,2025-03-01,Summer,Bhopal City,Arera Colony,23.22,77.43,25.0,2.7,32.2,2.0,0.45,8067.0,9,Malaria,42.01,Medium
2025,3,2025-03-01,Summer,Bhopal City,Arera Colony,23.22,77.43,25.0,2.7,32.2,2.0,0.45,8067.0,9,Chikungunya,43.65,Medium
2025,3,2025-03-01,Summer,Bhopal City,Bairagarh,23.28,77.37,24.3,4.2,31.2,1.2,0.55,11969.0,7,Dengue,48.18,Medium
2025,3,2025-03-01,Summer,Bhopal City,Bairagarh,23.28,77.37,24.3,4.2,31.2,1.2,0.55,11969.0,14,Malaria,48.44,Medium
2025,3,2025-03-01,Summer,Bhopal City,Bairagarh,23.28,77.37,24.3,4.2,31.2,1.2,0.55,11969.0,13,Chikungunya,49.84,Medium
2025,3,2025-03-01,Summer,Bhopal City,Misrod,23.165,77.46,25.9,3.9,27.1,3.0,0.48,7223.0,9,Dengue,47.65,Medium
2025,3,2025-03-01,Summer,Bhopal City,Misrod,23.165,77.46,25.9,3.9,27.1,3.0,0.48,7223.0,8,Malaria,44.25,Medium
2025,3,2025-03-01,Summer,Bhopal City,Misrod,23.165,77.46,25.9,3.9,27.1,3.0,0.48,7223.0,10,Chikungunya,50.21,High
2025,3,2025-03-01,Summer,Bhopal City,BHEL Area,23.245,77.465,25.1,6.7,29.2,3.8,0.32,8144.0,2,Dengue,42.43,Medium
2025,3,2025-03-01,Summer,Bhopal City,BHEL Area,23.245,77.465,25.1,6.7,29.2,3.8,0.32,8144.0,6,Malaria,39.53,Medium
2025,3,2025-03-01,Summer,Bhopal City,BHEL Area,23.245,77.465,25.1,6.7,29.2,3.8,0.32,8144.0,5,Chikungunya,45.39,Medium
2025,3,2025-03-01,Summer,Ashta,Ashta Town Center,23.015,76.725,27.8,5.3,32.4,1.0,0.55,8044.0,9,Dengue,56.74,High
2025,3,2025-03-01,Summer,Ashta,Ashta Town Center,23.015,76.725,27.8,5.3,32.4,1.0,0.55,8044.0,9,Malaria,54.42,High
2025,3,2025-03-01,Summer,Ashta,Ashta Town Center,23.015,76.725,27.8,5.3,32.4,1.0,0.55,8044.0,11,Chikungunya,58.41,High
2025,3,2025-03-01,Summer,Ashta,Ashta Industrial Area,23.02,76.735,24.7,5.6,35.0,2.5,0.3,3250.0,7,Dengue,35.98,Medium
2025,3,2025-03-01,Summer,Ashta,Ashta Industrial Area,23.02,76.735,24.7,5.6,35.0,2.5,0.3,3250.0,7,Malaria,35.25,Medium
2025,3,2025-03-01,Summer,Ashta,Ashta Industrial Area,23.02,76.735,24.7,5.6,35.0,2.5,0.3,3250.0,7,Chikungunya,36.16,Medium
2025,3,2025-03-01,Summer,Ashta,Ashta Rural East,23.01,76.745,21.8,2.9,37.4,0.8,0.68,1639.0,10,Dengue,45.57,Medium
2025,3,2025-03-01,Summer,Ashta,Ashta Rural East,23.01,76.745,21.8,2.9,37.4,0.8,0.68,1639.0,14,Malaria,47.33,Medium
2025,3,2025-03-01,Summer,Ashta,Ashta Rural East,23.01,76.745,21.8,2.9,37.4,0.8,0.68,1639.0,14,Chikungunya,46.68,Medium
2025,3,2025-03-01,Summer,Ashta,Ashta Nadi Belt,23.008,76.715,25.7,4.6,33.5,0.3,0.72,7623.0,10,Dengue,60.96,High
2025,3,2025-03-01,Summer,Ashta,Ashta Nadi Belt,23.008,76.715,25.7,4.6,33.5,0.3,0.72,7623.0,14,Malaria,60.13,High
2025,3,2025-03-01,Summer,Ashta,Ashta Nadi Belt,23.008,76.715,25.7,4.6,33.5,0.3,0.72,7623.0,15,Chikungunya,63.42,High
2025,3,2025-03-01,Summer,VIT Bhopal University,VIT Main Campus,23.077,76.8512,26.9,4.5,22.9,1.5,0.5,3059.0,12,Dengue,50.21,High
2025,3,2025-03-01,Summer,VIT Bhopal University,VIT Main Campus,23.077,76.8512,26.9,4.5,22.9,1.5,0.5,3059.0,7,Malaria,47.28,Medium
2025,3,2025-03-01,Summer,VIT Bhopal University,VIT Main Campus,23.077,76.8512,26.9,4.5,22.9,1.5,0.5,3059.0,13,Chikungunya,52.12,High
2025,3,2025-03-01,Summer,VIT Bhopal University,VIT Hostel Area,23.078,76.853,26.0,4.8,25.9,1.8,0.45,4746.0,6,Dengue,48.84,Medium
2025,3,2025-03-01,Summer,VIT Bhopal University,VIT Hostel Area,23.078,76.853,26.0,4.8,25.9,1.8,0.45,4746.0,10,Malaria,47.45,Medium
2025,3,2025-03-01,Summer,VIT Bhopal University,VIT Hostel Area,23.078,76.853,26.0,4.8,25.9,1.8,0.45,4746.0,7,Chikungunya,50.52,High
2025,3,2025-03-01,Summer,VIT Bhopal University,VIT Surrounding Village,23.072,76.848,24.0,5.0,30.8,0.6,0.62,3399.0,15,Dengue,47.64,Medium
2025,3,2025-03-01,Summer,VIT Bhopal University,VIT Surrounding Village,23.072,76.848,24.0,5.0,30.8,0.6,0.62,3399.0,14,Malaria,47.68,Medium
2025,3,2025-03-01,Summer,VIT Bhopal University,VIT Surrounding Village,23.072,76.848,24.0,5.0,30.8,0.6,0.62,3399.0,10,Chikungunya,46.33,Medium
2025,3,2025-03-01,Summer,VIT Bhopal University,Kotri-Kalan Area,23.083,76.855,27.1,5.2,34.9,2.0,0.4,7909.0,10,Dengue,52.02,High
2025,3,2025-03-01,Summer,VIT Bhopal University,Kotri-Kalan Area,23.083,76.855,27.1,5.2,34.9,2.0,0.4,7909.0,7,Malaria,48.43,Medium
2025,3,2025-03-01,Summer,VIT Bhopal University,Kotri-Kalan Area,23.083,76.855,27.1,5.2,34.9,2.0,0.4,7909.0,8,Chikungunya,52.86,High
2025,4,2025-04-01,Summer,Bhopal City,Old Bhopal (Chowk),23.2676,77.412,29.5,3.4,18.1,0.5,0.65,4592.0,13,Dengue,56.3,High
2025,4,2025-04-01,Summer,Bhopal City,Old Bhopal (Chowk),23.2676,77.412,29.5,3.4,18.1,0.5,0.65,4592.0,17,Malaria,55.42,High
2025,4,2025-04-01,Summer,Bhopal City,Old Bhopal (Chowk),23.2676,77.412,29.5,3.4,18.1,0.5,0.65,4592.0,11,Chikungunya,57.2,High
2025,4,2025-04-01,Summer,Bhopal City,New Market,23.235,77.423,31.9,3.7,29.5,2.1,0.35,5469.0,7,Dengue,47.94,Medium
2025,4,2025-04-01,Summer,Bhopal City,New Market,23.235,77.423,31.9,3.7,29.5,2.1,0.35,5469.0,6,Malaria,45.12,Medium
2025,4,2025-04-01,Summer,Bhopal City,New Market,23.235,77.423,31.9,3.7,29.5,2.1,0.35,5469.0,5,Chikungunya,48.73,Medium
2025,4,2025-04-01,Summer,Bhopal City,Kolar Road,23.175,77.445,29.4,2.9,24.1,3.5,0.4,11955.0,4,Dengue,45.77,Medium
2025,4,2025-04-01,Summer,Bhopal City,Kolar Road,23.175,77.445,29.4,2.9,24.1,3.5,0.4,11955.0,7,Malaria,42.39,Medium
2025,4,2025-04-01,Summer,Bhopal City,Kolar Road,23.175,77.445,29.4,2.9,24.1,3.5,0.4,11955.0,4,Chikungunya,48.05,Medium
2025,4,2025-04-01,Summer,Bhopal City,Habibganj,23.23,77.438,28.7,2.0,34.6,1.8,0.38,9383.0,8,Dengue,53.2,High
2025,4,2025-04-01,Summer,Bhopal City,Habibganj,23.23,77.438,28.7,2.0,34.6,1.8,0.38,9383.0,9,Malaria,50.24,High
2025,4,2025-04-01,Summer,Bhopal City,Habibganj,23.23,77.438,28.7,2.0,34.6,1.8,0.38,9383.0,10,Chikungunya,54.93,High
2025,4,2025-04-01,Summer,Bhopal City,Shahpura,23.195,77.435,28.2,2.9,21.7,2.5,0.42,7436.0,7,Dengue,48.0,Medium
2025,4,2025-04-01,Summer,Bhopal City,Shahpura,23.195,77.435,28.2,2.9,21.7,2.5,0.42,7436.0,9,Malaria,45.21,Medium
2025,4,2025-04-01,Summer,Bhopal City,Shahpura,23.195,77.435,28.2,2.9,21.7,2.5,0.42,7436.0,7,Chikungunya,49.89,Medium
2025,4,2025-04-01,Summer,Bhopal City,Ayodhya Nagar,23.21,77.455,30.2,2.0,32.8,4.0,0.3,9806.0,2,Dengue,43.21,Medium
2025,4,2025-04-01,Summer,Bhopal City,Ayodhya Nagar,23.21,77.455,30.2,2.0,32.8,4.0,0.3,9806.0,2,Malaria,39.12,Medium
2025,4,2025-04-01,Summer,Bhopal City,Ayodhya Nagar,23.21,77.455,30.2,2.0,32.8,4.0,0.3,9806.0,3,Chikungunya,45.61,Medium
2025,4,2025-04-01,Summer,Bhopal City,Upper Lake Area,23.25,77.39,28.9,3.4,27.2,0.2,0.75,6402.0,15,Dengue,61.22,High
2025,4,2025-04-01,Summer,Bhopal City,Upper Lake Area,23.25,77.39,28.9,3.4,27.2,0.2,0.75,6402.0,15,Malaria,59.61,High
2025,4,2025-04-01,Summer,Bhopal City,Upper Lake Area,23.25,77.39,28.9,3.4,27.2,0.2,0.75,6402.0,11,Chikungunya,61.48,High
2025,4,2025-04-01,Summer,Bhopal City,Lower Lake Area,23.255,77.405,30.7,2.0,31.9,0.3,0.7,9483.0,15,Dengue,63.29,High
2025,4,2025-04-01,Summer,Bhopal City,Lower Lake Area,23.255,77.405,30.7,2.0,31.9,0.3,0.7,9483.0,14,Malaria,60.81,High
2025,4,2025-04-01,Summer,Bhopal City,Lower Lake Area,23.255,77.405,30.7,2.0,31.9,0.3,0.7,9483.0,12,Chikungunya,63.7,High
2025,4,2025-04-01,Summer,Bhopal City,Arera Colony,23.22,77.43,31.3,3.8,30.5,2.0,0.45,6394.0,7,Dengue,50.15,High
2025,4,2025-04-01,Summer,Bhopal City,Arera Colony,23.22,77.43,31.3,3.8,30.5,2.0,0.45,6394.0,7,Malaria,47.6,Medium
2025,4,2025-04-01,Summer,Bhopal City,Arera Colony,23.22,77.43,31.3,3.8,30.5,2.0,0.45,6394.0,11,Chikungunya,52.74,High
2025,4,2025-04-01,Summer,Bhopal City,Bairagarh,23.28,77.37,29.2,3.8,23.6,1.2,0.55,9468.0,12,Dengue,56.99,High
2025,4,2025-04-01,Summer,Bhopal City,Bairagarh,23.28,77.37,29.2,3.8,23.6,1.2,0.55,9468.0,10,Malaria,53.61,High
2025,4,2025-04-01,Summer,Bhopal City,Bairagarh,23.28,77.37,29.2,3.8,23.6,1.2,0.55,9468.0,11,Chikungunya,58.24,High
2025,4,2025-04-01,Summer,Bhopal City,Misrod,23.165,77.46,29.3,2.2,36.1,3.0,0.48,8626.0,8,Dengue,49.43,Medium
2025,4,2025-04-01,Summer,Bhopal City,Misrod,23.165,77.46,29.3,2.2,36.1,3.0,0.48,8626.0,5,Malaria,45.57,Medium
2025,4,2025-04-01,Summer,Bhopal City,Misrod,23.165,77.46,29.3,2.2,36.1,3.0,0.48,8626.0,10,Chikungunya,52.05,High
2025,4,2025-04-01,Summer,Bhopal City,BHEL Area,23.245,77.465,31.7,2.3,24.0,3.8,0.32,5415.0,4,Dengue,40.21,Medium
2025,4,2025-04-01,Summer,Bhopal City,BHEL Area,23.245,77.465,31.7,2.3,24.0,3.8,0.32,5415.0,4,Malaria,36.86,Medium
2025,4,2025-04-01,Summer,Bhopal City,BHEL Area,23.245,77.465,31.7,2.3,24.0,3.8,0.32,5415.0,5,Chikungunya,42.79,Medium
2025,4,2025-04-01,Summer,Ashta,Ashta Town Center,23.015,76.725,28.7,2.5,26.7,1.0,0.55,4365.0,9,Dengue,53.23,High
2025,4,2025-04-01,Summer,Ashta,Ashta Town Center,23.015,76.725,28.7,2.5,26.7,1.0,0.55,4365.0,11,Malaria,51.93,High
2025,4,2025-04-01,Summer,Ashta,Ashta Town Center,23.015,76.725,28.7,2.5,26.7,1.0,0.55,4365.0,12,Chikungunya,55.29,High
2025,4,2025-04-01,Summer,Ashta,Ashta Industrial Area,23.02,76.735,29.3,3.9,29.3,2.5,0.3,3395.0,9,Dengue,44.81,Medium
2025,4,2025-04-01,Summer,Ashta,Ashta Industrial Area,23.02,76.735,29.3,3.9,29.3,2.5,0.3,3395.0,7,Malaria,41.86,Medium
2025,4,2025-04-01,Summer,Ashta,Ashta Industrial Area,23.02,76.735,29.3,3.9,29.3,2.5,0.3,3395.0,6,Chikungunya,45.54,Medium
2025,4,2025-04-01,Summer,Ashta,Ashta Rural East,23.01,76.745,33.3,2.5,26.1,0.8,0.68,815.0,11,Dengue,52.82,High
2025,4,2025-04-01,Summer,Ashta,Ashta Rural East,23.01,76.745,33.3,2.5,26.1,0.8,0.68,815.0,13,Malaria,52.48,High
2025,4,2025-04-01,Summer,Ashta,Ashta Rural East,23.01,76.745,33.3,2.5,26.1,0.8,0.68,815.0,14,Chikungunya,55.12,High
2025,4,2025-04-01,Summer,Ashta,Ashta Nadi Belt,23.008,76.715,27.7,3.8,23.9,0.3,0.72,9240.0,12,Dengue,61.78,High
2025,4,2025-04-01,Summer,Ashta,Ashta Nadi Belt,23.008,76.715,27.7,3.8,23.9,0.3,0.72,9240.0,12,Malaria,59.56,High
2025,4,2025-04-01,Summer,Ashta,Ashta Nadi Belt,23.008,76.715,27.7,3.8,23.9,0.3,0.72,9240.0,13,Chikungunya,63.39,High
2025,4,2025-04-01,Summer,VIT Bhopal University,VIT Main Campus,23.077,76.8512,28.0,2.6,35.1,1.5,0.5,3935.0,10,Dengue,51.66,High
2025,4,2025-04-01,Summer,VIT Bhopal University,VIT Main Campus,23.077,76.8512,28.0,2.6,35.1,1.5,0.5,3935.0,10,Malaria,49.87,Medium
2025,4,2025-04-01,Summer,VIT Bhopal University,VIT Main Campus,23.077,76.8512,28.0,2.6,35.1,1.5,0.5,3935.0,9,Chikungunya,52.68,High
2025,4,2025-04-01,Summer,VIT Bhopal University,VIT Hostel Area,23.078,76.853,31.6,3.6,29.1,1.8,0.45,3435.0,8,Dengue,48.59,Medium
2025,4,2025-04-01,Summer,VIT Bhopal University,VIT Hostel Area,23.078,76.853,31.6,3.6,29.1,1.8,0.45,3435.0,8,Malaria,46.65,Medium
2025,4,2025-04-01,Summer,VIT Bhopal University,VIT Hostel Area,23.078,76.853,31.6,3.6,29.1,1.8,0.45,3435.0,11,Chikungunya,50.85,High
2025,4,2025-04-01,Summer,VIT Bhopal University,VIT Surrounding Village,23.072,76.848,29.6,2.3,28.7,0.6,0.62,3155.0,11,Dengue,55.08,High
2025,4,2025-04-01,Summer,VIT Bhopal University,VIT Surrounding Village,23.072,76.848,29.6,2.3,28.7,0.6,0.62,3155.0,13,Malaria,54.28,High
2025,4,2025-04-01,Summer,VIT Bhopal University,VIT Surrounding Village,23.072,76.848,29.6,2.3,28.7,0.6,0.62,3155.0,11,Chikungunya,56.24,High
2025,4,2025-04-01,Summer,VIT Bhopal University,Kotri-Kalan Area,23.083,76.855,29.4,3.1,18.1,2.0,0.4,4467.0,8,Dengue,47.11,Medium
2025,4,2025-04-01,Summer,VIT Bhopal University,Kotri-Kalan Area,23.083,76.855,29.4,3.1,18.1,2.0,0.4,4467.0,6,Malaria,44.16,Medium
2025,4,2025-04-01,Summer,VIT Bhopal University,Kotri-Kalan Area,23.083,76.855,29.4,3.1,18.1,2.0,0.4,4467.0,7,Chikungunya,48.49,Medium
2025,5,2025-05-01,Summer,Bhopal City,Old Bhopal (Chowk),23.2676,77.412,35.3,11.7,36.4,0.5,0.65,4704.0,13,Dengue,54.43,High
2025,5,2025-05-01,Summer,Bhopal City,Old Bhopal (Chowk),23.2676,77.412,35.3,11.7,36.4,0.5,0.65,4704.0,12,Malaria,55.0,High
2025,5,2025-05-01,Summer,Bhopal City,Old Bhopal (Chowk),23.2676,77.412,35.3,11.7,36.4,0.5,0.65,4704.0,11,Chikungunya,53.26,High
2025,5,2025-05-01,Summer,Bhopal City,New Market,23.235,77.423,35.3,11.7,25.8,2.1,0.35,5312.0,6,Dengue,43.41,Medium
2025,5,2025-05-01,Summer,Bhopal City,New Market,23.235,77.423,35.3,11.7,25.8,2.1,0.35,5312.0,5,Malaria,42.68,Medium
2025,5,2025-05-01,Summer,Bhopal City,New Market,23.235,77.423,35.3,11.7,25.8,2.1,0.35,5312.0,7,Chikungunya,43.37,Medium
2025,5,2025-05-01,Summer,Bhopal City,Kolar Road,23.175,77.445,34.4,9.2,35.6,3.5,0.4,5600.0,5,Dengue,43.64,Medium
2025,5,2025-05-01,Summer,Bhopal City,Kolar Road,23.175,77.445,34.4,9.2,35.6,3.5,0.4,5600.0,7,Malaria,41.14,Medium
2025,5,2025-05-01,Summer,Bhopal City,Kolar Road,23.175,77.445,34.4,9.2,35.6,3.5,0.4,5600.0,6,Chikungunya,46.01,Medium
2025,5,2025-05-01,Summer,Bhopal City,Habibganj,23.23,77.438,32.5,6.8,36.8,1.8,0.38,9980.0,8,Dengue,53.91,High
2025,5,2025-05-01,Summer,Bhopal City,Habibganj,23.23,77.438,32.5,6.8,36.8,1.8,0.38,9980.0,9,Malaria,50.87,High
2025,5,2025-05-01,Summer,Bhopal City,Habibganj,23.23,77.438,32.5,6.8,36.8,1.8,0.38,9980.0,8,Chikungunya,55.03,High
2025,5,2025-05-01,Summer,Bhopal City,Shahpura,23.195,77.435,34.4,7.2,30.7,2.5,0.42,6427.0,8,Dengue,48.33,Medium
2025,5,2025-05-01,Summer,Bhopal City,Shahpura,23.195,77.435,34.4,7.2,30.7,2.5,0.42,6427.0,7,Malaria,45.27,Medium
2025,5,2025-05-01,Summer,Bhopal City,Shahpura,23.195,77.435,34.4,7.2,30.7,2.5,0.42,6427.0,9,Chikungunya,50.35,High
2025,5,2025-05-01,Summer,Bhopal City,Ayodhya Nagar,23.21,77.455,34.8,8.9,31.7,4.0,0.3,6189.0,4,Dengue,40.68,Medium
2025,5,2025-05-01,Summer,Bhopal City,Ayodhya Nagar,23.21,77.455,34.8,8.9,31.7,4.0,0.3,6189.0,4,Malaria,37.21,Medium
2025,5,2025-05-01,Summer,Bhopal City,Ayodhya Nagar,23.21,77.455,34.8,8.9,31.7,4.0,0.3,6189.0,1,Chikungunya,42.06,Medium
2025,5,2025-05-01,Summer,Bhopal City,Upper Lake Area,23.25,77.39,36.4,8.5,31.0,0.2,0.75,5943.0,14,Dengue,52.19,High
2025,5,2025-05-01,Summer,Bhopal City,Upper Lake Area,23.25,77.39,36.4,8.5,31.0,0.2,0.75,5943.0,14,Malaria,52.38,High
2025,5,2025-05-01,Summer,Bhopal City,Upper Lake Area,23.25,77.39,36.4,8.5,31.0,0.2,0.75,5943.0,15,Chikungunya,52.53,High
2025,5,2025-05-01,Summer,Bhopal City,Lower Lake Area,23.255,77.405,32.6,5.2,32.0,0.3,0.7,7750.0,17,Dengue,62.4,High
2025,5,2025-05-01,Summer,Bhopal City,Lower Lake Area,23.255,77.405,32.6,5.2,32.0,0.3,0.7,7750.0,12,Malaria,59.39,High
2025,5,2025-05-01,Summer,Bhopal City,Lower Lake Area,23.255,77.405,32.6,5.2,32.0,0.3,0.7,7750.0,15,Chikungunya,63.16,High
2025,5,2025-05-01,Summer,Bhopal City,Arera Colony,23.22,77.43,33.9,11.0,31.9,2.0,0.45,4437.0,11,Dengue,54.68,High
2025,5,2025-05-01,Summer,Bhopal City,Arera Colony,23.22,77.43,33.9,11.0,31.9,2.0,0.45,4437.0,7,Malaria,52.1,High
2025,5,2025-05-01,Summer,Bhopal City,Arera Colony,23.22,77.43,33.9,11.0,31.9,2.0,0.45,4437.0,7,Chikungunya,54.67,High
2025,5,2025-05-01,Summer,Bhopal City,Bairagarh,23.28,77.37,37.1,14.3,39.1,1.2,0.55,10996.0,12,Dengue,55.17,High
2025,5,2025-05-01,Summer,Bhopal City,Bairagarh,23.28,77.37,37.1,14.3,39.1,1.2,0.55,10996.0,14,Malaria,54.89,High
2025,5,2025-05-01,Summer,Bhopal City,Bairagarh,23.28,77.37,37.1,14.3,39.1,1.2,0.55,10996.0,10,Chikungunya,54.13,High
2025,5,2025-05-01,Summer,Bhopal City,Misrod,23.165,77.46,33.4,7.4,27.8,3.0,0.48,7131.0,10,Dengue,47.89,Medium
2025,5,2025-05-01,Summer,Bhopal City,Misrod,23.165,77.46,33.4,7.4,27.8,3.0,0.48,7131.0,6,Malaria,43.88,Medium
2025,5,2025-05-01,Summer,Bhopal City,Misrod,23.165,77.46,33.4,7.4,27.8,3.0,0.48,7131.0,8,Chikungunya,49.63,Medium
2025,5,2025-05-01,Summer,Bhopal City,BHEL Area,23.245,77.465,33.3,11.0,30.4,3.8,0.32,7082.0,6,Dengue,47.67,Medium
2025,5,2025-05-01,Summer,Bhopal City,BHEL Area,23.245,77.465,33.3,11.0,30.4,3.8,0.32,7082.0,3,Malaria,43.94,Medium
2025,5,2025-05-01,Summer,Bhopal City,BHEL Area,23.245,77.465,33.3,11.0,30.4,3.8,0.32,7082.0,4,Chikungunya,48.86,Medium
2025,5,2025-05-01,Summer,Ashta,Ashta Town Center,23.015,76.725,35.2,10.4,31.4,1.0,0.55,8742.0,9,Dengue,53.4,High
2025,5,2025-05-01,Summer,Ashta,Ashta Town Center,23.015,76.725,35.2,10.4,31.4,1.0,0.55,8742.0,9,Malaria,53.02,High
2025,5,2025-05-01,Summer,Ashta,Ashta Town Center,23.015,76.725,35.2,10.4,31.4,1.0,0.55,8742.0,10,Chikungunya,53.11,High
2025,5,2025-05-01,Summer,Ashta,Ashta Industrial Area,23.02,76.735,34.0,9.5,38.1,2.5,0.3,2327.0,6,Dengue,44.12,Medium
2025,5,2025-05-01,Summer,Ashta,Ashta Industrial Area,23.02,76.735,34.0,9.5,38.1,2.5,0.3,2327.0,5,Malaria,41.87,Medium
2025,5,2025-05-01,Summer,Ashta,Ashta Industrial Area,23.02,76.735,34.0,9.5,38.1,2.5,0.3,2327.0,7,Chikungunya,45.67,Medium
2025,5,2025-05-01,Summer,Ashta,Ashta Rural East,23.01,76.745,31.7,6.5,33.4,0.8,0.68,1019.0,12,Dengue,53.95,High
2025,5,2025-05-01,Summer,Ashta,Ashta Rural East,23.01,76.745,31.7,6.5,33.4,0.8,0.68,1019.0,16,Malaria,54.07,High
2025,5,2025-05-01,Summer,Ashta,Ashta Rural East,23.01,76.745,31.7,6.5,33.4,0.8,0.68,1019.0,8,Chikungunya,54.18,High
2025,5,2025-05-01,Summer,Ashta,Ashta Nadi Belt,23.008,76.715,31.1,7.0,30.8,0.3,0.72,4754.0,15,Dengue,59.6,High
2025,5,2025-05-01,Summer,Ashta,Ashta Nadi Belt,23.008,76.715,31.1,7.0,30.8,0.3,0.72,4754.0,12,Malaria,57.69,High
2025,5,2025-05-01,Summer,Ashta,Ashta Nadi Belt,23.008,76.715,31.1,7.0,30.8,0.3,0.72,4754.0,13,Chikungunya,60.35,High
2025,5,2025-05-01,Summer,VIT Bhopal University,VIT Main Campus,23.077,76.8512,36.0,9.2,31.7,1.5,0.5,3120.0,10,Dengue,41.86,Medium
2025,5,2025-05-01,Summer,VIT Bhopal University,VIT Main Campus,23.077,76.8512,36.0,9.2,31.7,1.5,0.5,3120.0,11,Malaria,41.97,Medium
2025,5,2025-05-01,Summer,VIT Bhopal University,VIT Main Campus,23.077,76.8512,36.0,9.2,31.7,1.5,0.5,3120.0,11,Chikungunya,42.31,Medium
2025,5,2025-05-01,Summer,VIT Bhopal University,VIT Hostel Area,23.078,76.853,35.0,9.3,37.5,1.8,0.45,4340.0,9,Dengue,50.4,High
2025,5,2025-05-01,Summer,VIT Bhopal University,VIT Hostel Area,23.078,76.853,35.0,9.3,37.5,1.8,0.45,4340.0,8,Malaria,48.2,Medium
2025,5,2025-05-01,Summer,VIT Bhopal University,VIT Hostel Area,23.078,76.853,35.0,9.3,37.5,1.8,0.45,4340.0,8,Chikungunya,51.41,High
2025,5,2025-05-01,Summer,VIT Bhopal University,VIT Surrounding Village,23.072,76.848,34.8,7.0,36.0,0.6,0.62,4459.0,11,Dengue,56.85,High
2025,5,2025-05-01,Summer,VIT Bhopal University,VIT Surrounding Village,23.072,76.848,34.8,7.0,36.0,0.6,0.62,4459.0,10,Malaria,55.34,High
2025,5,2025-05-01,Summer,VIT Bhopal University,VIT Surrounding Village,23.072,76.848,34.8,7.0,36.0,0.6,0.62,4459.0,11,Chikungunya,57.87,High
2025,5,2025-05-01,Summer,VIT Bhopal University,Kotri-Kalan Area,23.083,76.855,34.2,10.7,30.9,2.0,0.4,9737.0,8,Dengue,57.6,High
2025,5,2025-05-01,Summer,VIT Bhopal University,Kotri-Kalan Area,23.083,76.855,34.2,10.7,30.9,2.0,0.4,9737.0,9,Malaria,54.95,High
2025,5,2025-05-01,Summer,VIT Bhopal University,Kotri-Kalan Area,23.083,76.855,34.2,10.7,30.9,2.0,0.4,9737.0,15,Chikungunya,60.46,High
2025,6,2025-06-01,Monsoon,Bhopal City,Old Bhopal (Chowk),23.2676,77.412,31.6,116.6,54.3,0.5,0.65,11213.0,24,Dengue,83.89,Critical
2025,6,2025-06-01,Monsoon,Bhopal City,Old Bhopal (Chowk),23.2676,77.412,31.6,116.6,54.3,0.5,0.65,11213.0,24,Malaria,83.12,Critical
2025,6,2025-06-01,Monsoon,Bhopal City,Old Bhopal (Chowk),23.2676,77.412,31.6,116.6,54.3,0.5,0.65,11213.0,15,Chikungunya,80.85,Critical
2025,6,2025-06-01,Monsoon,Bhopal City,New Market,23.235,77.423,31.7,91.2,57.0,2.1,0.35,4245.0,7,Dengue,66.71,High
2025,6,2025-06-01,Monsoon,Bhopal City,New Market,23.235,77.423,31.7,91.2,57.0,2.1,0.35,4245.0,8,Malaria,66.79,High
2025,6,2025-06-01,Monsoon,Bhopal City,New Market,23.235,77.423,31.7,91.2,57.0,2.1,0.35,4245.0,10,Chikungunya,66.65,High
2025,6,2025-06-01,Monsoon,Bhopal City,Kolar Road,23.175,77.445,32.1,122.0,66.0,3.5,0.4,9031.0,8,Dengue,67.14,High
2025,6,2025-06-01,Monsoon,Bhopal City,Kolar Road,23.175,77.445,32.1,122.0,66.0,3.5,0.4,9031.0,14,Malaria,66.94,High
2025,6,2025-06-01,Monsoon,Bhopal City,Kolar Road,23.175,77.445,32.1,122.0,66.0,3.5,0.4,9031.0,11,Chikungunya,67.88,High
2025,6,2025-06-01,Monsoon,Bhopal City,Habibganj,23.23,77.438,33.5,132.1,61.9,1.8,0.38,4057.0,8,Dengue,68.68,High
2025,6,2025-06-01,Monsoon,Bhopal City,Habibganj,23.23,77.438,33.5,132.1,61.9,1.8,0.38,4057.0,16,Malaria,70.43,High
2025,6,2025-06-01,Monsoon,Bhopal City,Habibganj,23.23,77.438,33.5,132.1,61.9,1.8,0.38,4057.0,12,Chikungunya,68.72,High
2025,6,2025-06-01,Monsoon,Bhopal City,Shahpura,23.195,77.435,31.9,88.2,59.6,2.5,0.42,11653.0,14,Dengue,72.52,High
2025,6,2025-06-01,Monsoon,Bhopal City,Shahpura,23.195,77.435,31.9,88.2,59.6,2.5,0.42,11653.0,11,Malaria,70.39,High
2025,6,2025-06-01,Monsoon,Bhopal City,Shahpura,23.195,77.435,31.9,88.2,59.6,2.5,0.42,11653.0,12,Chikungunya,71.67,High
2025,6,2025-06-01,Monsoon,Bhopal City,Ayodhya Nagar,23.21,77.455,29.7,99.6,65.1,4.0,0.3,10363.0,4,Dengue,64.07,High
2025,6,2025-06-01,Monsoon,Bhopal City,Ayodhya Nagar,23.21,77.455,29.7,99.6,65.1,4.0,0.3,10363.0,2,Malaria,61.81,High
2025,6,2025-06-01,Monsoon,Bhopal City,Ayodhya Nagar,23.21,77.455,29.7,99.6,65.1,4.0,0.3,10363.0,4,Chikungunya,63.93,High
2025,6,2025-06-01,Monsoon,Bhopal City,Upper Lake Area,23.25,77.39,31.5,95.9,59.6,0.2,0.75,8691.0,25,Dengue,85.69,Critical
2025,6,2025-06-01,Monsoon,Bhopal City,Upper Lake Area,23.25,77.39,31.5,95.9,59.6,0.2,0.75,8691.0,17,Malaria,83.97,Critical
2025,6,2025-06-01,Monsoon,Bhopal City,Upper Lake Area,23.25,77.39,31.5,95.9,59.6,0.2,0.75,8691.0,17,Chikungunya,82.88,Critical
2025,6,2025-06-01,Monsoon,Bhopal City,Lower Lake Area,23.255,77.405,33.9,112.4,52.4,0.3,0.7,7528.0,18,Dengue,81.5,Critical
2025,6,2025-06-01,Monsoon,Bhopal City,Lower Lake Area,23.255,77.405,33.9,112.4,52.4,0.3,0.7,7528.0,14,Malaria,80.81,Critical
2025,6,2025-06-01,Monsoon,Bhopal City,Lower Lake Area,23.255,77.405,33.9,112.4,52.4,0.3,0.7,7528.0,19,Chikungunya,81.04,Critical
2025,6,2025-06-01,Monsoon,Bhopal City,Arera Colony,23.22,77.43,33.3,124.0,64.0,2.0,0.45,6419.0,13,Dengue,71.96,High
2025,6,2025-06-01,Monsoon,Bhopal City,Arera Colony,23.22,77.43,33.3,124.0,64.0,2.0,0.45,6419.0,16,Malaria,72.13,High
2025,6,2025-06-01,Monsoon,Bhopal City,Arera Colony,23.22,77.43,33.3,124.0,64.0,2.0,0.45,6419.0,16,Chikungunya,72.14,High
2025,6,2025-06-01,Monsoon,Bhopal City,Bairagarh,23.28,77.37,30.5,128.1,58.9,1.2,0.55,7420.0,12,Dengue,75.89,Critical
2025,6,2025-06-01,Monsoon,Bhopal City,Bairagarh,23.28,77.37,30.5,128.1,58.9,1.2,0.55,7420.0,13,Malaria,75.93,Critical
2025,6,2025-06-01,Monsoon,Bhopal City,Bairagarh,23.28,77.37,30.5,128.1,58.9,1.2,0.55,7420.0,14,Chikungunya,75.57,Critical
2025,6,2025-06-01,Monsoon,Bhopal City,Misrod,23.165,77.46,31.2,110.3,51.4,3.0,0.48,10752.0,9,Dengue,69.3,High
2025,6,2025-06-01,Monsoon,Bhopal City,Misrod,23.165,77.46,31.2,110.3,51.4,3.0,0.48,10752.0,10,Malaria,67.93,High
2025,6,2025-06-01,Monsoon,Bhopal City,Misrod,23.165,77.46,31.2,110.3,51.4,3.0,0.48,10752.0,15,Chikungunya,71.07,High
2025,6,2025-06-01,Monsoon,Bhopal City,BHEL Area,23.245,77.465,33.8,143.5,45.7,3.8,0.32,8856.0,8,Dengue,63.1,High
2025,6,2025-06-01,Monsoon,Bhopal City,BHEL Area,23.245,77.465,33.8,143.5,45.7,3.8,0.32,8856.0,7,Malaria,60.84,High
2025,6,2025-06-01,Monsoon,Bhopal City,BHEL Area,23.245,77.465,33.8,143.5,45.7,3.8,0.32,8856.0,8,Chikungunya,63.42,High
2025,6,2025-06-01,Monsoon,Ashta,Ashta Town Center,23.015,76.725,30.8,141.2,65.9,1.0,0.55,10482.0,21,Dengue,81.53,Critical
2025,6,2025-06-01,Monsoon,Ashta,Ashta Town Center,23.015,76.725,30.8,141.2,65.9,1.0,0.55,10482.0,14,Malaria,79.31,Critical
2025,6,2025-06-01,Monsoon,Ashta,Ashta Town Center,23.015,76.725,30.8,141.2,65.9,1.0,0.55,10482.0,17,Chikungunya,79.63,Critical
2025,6,2025-06-01,Monsoon,Ashta,Ashta Industrial Area,23.02,76.735,34.0,114.5,60.2,2.5,0.3,2998.0,8,Dengue,64.34,High
2025,6,2025-06-01,Monsoon,Ashta,Ashta Industrial Area,23.02,76.735,34.0,114.5,60.2,2.5,0.3,2998.0,10,Malaria,64.62,High
2025,6,2025-06-01,Monsoon,Ashta,Ashta Industrial Area,23.02,76.735,34.0,114.5,60.2,2.5,0.3,2998.0,9,Chikungunya,63.84,High
2025,6,2025-06-01,Monsoon,Ashta,Ashta Rural East,23.01,76.745,32.5,132.6,51.6,0.8,0.68,1072.0,15,Dengue,73.54,High
2025,6,2025-06-01,Monsoon,Ashta,Ashta Rural East,23.01,76.745,32.5,132.6,51.6,0.8,0.68,1072.0,20,Malaria,75.79,Critical
2025,6,2025-06-01,Monsoon,Ashta,Ashta Rural East,23.01,76.745,32.5,132.6,51.6,0.8,0.68,1072.0,14,Chikungunya,72.67,High
2025,6,2025-06-01,Monsoon,Ashta,Ashta Nadi Belt,23.008,76.715,33.1,126.2,61.1,0.3,0.72,6753.0,17,Dengue,81.72,Critical
2025,6,2025-06-01,Monsoon,Ashta,Ashta Nadi Belt,23.008,76.715,33.1,126.2,61.1,0.3,0.72,6753.0,16,Malaria,82.03,Critical
2025,6,2025-06-01,Monsoon,Ashta,Ashta Nadi Belt,23.008,76.715,33.1,126.2,61.1,0.3,0.72,6753.0,18,Chikungunya,81.07,Critical
2025,6,2025-06-01,Monsoon,VIT Bhopal University,VIT Main Campus,23.077,76.8512,30.2,131.4,60.3,1.5,0.5,4465.0,16,Dengue,73.04,High
2025,6,2025-06-01,Monsoon,VIT Bhopal University,VIT Main Campus,23.077,76.8512,30.2,131.4,60.3,1.5,0.5,4465.0,15,Malaria,72.92,High
2025,6,2025-06-01,Monsoon,VIT Bhopal University,VIT Main Campus,23.077,76.8512,30.2,131.4,60.3,1.5,0.5,4465.0,21,Chikungunya,73.78,High
2025,6,2025-06-01,Monsoon,VIT Bhopal University,VIT Hostel Area,23.078,76.853,31.8,84.5,66.3,1.8,0.45,3773.0,13,Dengue,70.79,High
2025,6,2025-06-01,Monsoon,VIT Bhopal University,VIT Hostel Area,23.078,76.853,31.8,84.5,66.3,1.8,0.45,3773.0,11,Malaria,70.62,High
2025,6,2025-06-01,Monsoon,VIT Bhopal University,VIT Hostel Area,23.078,76.853,31.8,84.5,66.3,1.8,0.45,3773.0,13,Chikungunya,69.96,High
2025,6,2025-06-01,Monsoon,VIT Bhopal University,VIT Surrounding Village,23.072,76.848,33.8,148.4,64.7,0.6,0.62,3554.0,12,Dengue,76.23,Critical
2025,6,2025-06-01,Monsoon,VIT Bhopal University,VIT Surrounding Village,23.072,76.848,33.8,148.4,64.7,0.6,0.62,3554.0,10,Malaria,76.93,Critical
2025,6,2025-06-01,Monsoon,VIT Bhopal University,VIT Surrounding Village,23.072,76.848,33.8,148.4,64.7,0.6,0.62,3554.0,19,Chikungunya,76.98,Critical
2025,6,2025-06-01,Monsoon,VIT Bhopal University,Kotri-Kalan Area,23.083,76.855,32.3,198.3,63.3,2.0,0.4,9940.0,14,Dengue,74.44,High
2025,6,2025-06-01,Monsoon,VIT Bhopal University,Kotri-Kalan Area,23.083,76.855,32.3,198.3,63.3,2.0,0.4,9940.0,10,Malaria,72.36,High
2025,6,2025-06-01,Monsoon,VIT Bhopal University,Kotri-Kalan Area,23.083,76.855,32.3,198.3,63.3,2.0,0.4,9940.0,8,Chikungunya,72.06,High
2025,7,2025-07-01,Monsoon,Bhopal City,Old Bhopal (Chowk),23.2676,77.412,27.5,331.4,87.8,0.5,0.65,4853.0,16,Dengue,77.2,Critical
2025,7,2025-07-01,Monsoon,Bhopal City,Old Bhopal (Chowk),23.2676,77.412,27.5,331.4,87.8,0.5,0.65,4853.0,15,Malaria,77.85,Critical
2025,7,2025-07-01,Monsoon,Bhopal City,Old Bhopal (Chowk),23.2676,77.412,27.5,331.4,87.8,0.5,0.65,4853.0,19,Chikungunya,76.93,Critical
2025,7,2025-07-01,Monsoon,Bhopal City,New Market,23.235,77.423,27.0,345.8,91.7,2.1,0.35,8942.0,12,Dengue,71.15,High
2025,7,2025-07-01,Monsoon,Bhopal City,New Market,23.235,77.423,27.0,345.8,91.7,2.1,0.35,8942.0,11,Malaria,69.97,High
2025,7,2025-07-01,Monsoon,Bhopal City,New Market,23.235,77.423,27.0,345.8,91.7,2.1,0.35,8942.0,11,Chikungunya,69.87,High
2025,7,2025-07-01,Monsoon,Bhopal City,Kolar Road,23.175,77.445,28.2,263.7,81.6,3.5,0.4,11668.0,7,Dengue,65.24,High
2025,7,2025-07-01,Monsoon,Bhopal City,Kolar Road,23.175,77.445,28.2,263.7,81.6,3.5,0.4,11668.0,12,Malaria,64.6,High
2025,7,2025-07-01,Monsoon,Bhopal City,Kolar Road,23.175,77.445,28.2,263.7,81.6,3.5,0.4,11668.0,10,Chikungunya,66.03,High
2025,7,2025-07-01,Monsoon,Bhopal City,Habibganj,23.23,77.438,28.4,275.4,77.8,1.8,0.38,4397.0,10,Dengue,67.01,High
2025,7,2025-07-01,Monsoon,Bhopal City,Habibganj,23.23,77.438,28.4,275.4,77.8,1.8,0.38,4397.0,13,Malaria,67.53,High
2025,7,2025-07-01,Monsoon,Bhopal City,Habibganj,23.23,77.438,28.4,275.4,77.8,1.8,0.38,4397.0,15,Chikungunya,67.5,High
2025,7,2025-07-01,Monsoon,Bhopal City,Shahpura,23.195,77.435,29.8,286.5,83.1,2.5,0.42,11615.0,9,Dengue,69.67,High
2025,7,2025-07-01,Monsoon,Bhopal City,Shahpura,23.195,77.435,29.8,286.5,83.1,2.5,0.42,11615.0,8,Malaria,68.21,High
2025,7,2025-07-01,Monsoon,Bhopal City,Shahpura,23.195,77.435,29.8,286.5,83.1,2.5,0.42,11615.0,9,Chikungunya,69.1,High
2025,7,2025-07-01,Monsoon,Bhopal City,Ayodhya Nagar,23.21,77.455,29.0,358.3,79.0,4.0,0.3,11098.0,5,Dengue,61.7,High
2025,7,2025-07-01,Monsoon,Bhopal City,Ayodhya Nagar,23.21,77.455,29.0,358.3,79.0,4.0,0.3,11098.0,7,Malaria,60.07,High
2025,7,2025-07-01,Monsoon,Bhopal City,Ayodhya Nagar,23.21,77.455,29.0,358.3,79.0,4.0,0.3,11098.0,8,Chikungunya,62.56,High
2025,7,2025-07-01,Monsoon,Bhopal City,Upper Lake Area,23.25,77.39,30.8,317.0,85.1,0.2,0.75,4142.0,14,Dengue,77.96,Critical
2025,7,2025-07-01,Monsoon,Bhopal City,Upper Lake Area,23.25,77.39,30.8,317.0,85.1,0.2,0.75,4142.0,13,Malaria,79.09,Critical
2025,7,2025-07-01,Monsoon,Bhopal City,Upper Lake Area,23.25,77.39,30.8,317.0,85.1,0.2,0.75,4142.0,18,Chikungunya,77.96,Critical
2025,7,2025-07-01,Monsoon,Bhopal City,Lower Lake Area,23.255,77.405,31.6,515.3,86.4,0.3,0.7,7776.0,18,Dengue,68.1,High
2025,7,2025-07-01,Monsoon,Bhopal City,Lower Lake Area,23.255,77.405,31.6,515.3,86.4,0.3,0.7,7776.0,15,Malaria,66.53,High
2025,7,2025-07-01,Monsoon,Bhopal City,Lower Lake Area,23.255,77.405,31.6,515.3,86.4,0.3,0.7,7776.0,19,Chikungunya,68.65,High
2025,7,2025-07-01,Monsoon,Bhopal City,Arera Colony,23.22,77.43,28.7,233.9,78.2,2.0,0.45,11252.0,14,Dengue,72.48,High
2025,7,2025-07-01,Monsoon,Bhopal City,Arera Colony,23.22,77.43,28.7,233.9,78.2,2.0,0.45,11252.0,21,Malaria,72.59,High
2025,7,2025-07-01,Monsoon,Bhopal City,Arera Colony,23.22,77.43,28.7,233.9,78.2,2.0,0.45,11252.0,13,Chikungunya,71.7,High
2025,7,2025-07-01,Monsoon,Bhopal City,Bairagarh,23.28,77.37,25.8,365.0,86.2,1.2,0.55,4254.0,12,Dengue,72.09,High
2025,7,2025-07-01,Monsoon,Bhopal City,Bairagarh,23.28,77.37,25.8,365.0,86.2,1.2,0.55,4254.0,13,Malaria,72.9,High
2025,7,2025-07-01,Monsoon,Bhopal City,Bairagarh,23.28,77.37,25.8,365.0,86.2,1.2,0.55,4254.0,19,Chikungunya,73.02,High
2025,7,2025-07-01,Monsoon,Bhopal City,Misrod,23.165,77.46,29.0,347.8,91.5,3.0,0.48,4903.0,13,Dengue,66.2,High
2025,7,2025-07-01,Monsoon,Bhopal City,Misrod,23.165,77.46,29.0,347.8,91.5,3.0,0.48,4903.0,8,Malaria,64.89,High
2025,7,2025-07-01,Monsoon,Bhopal City,Misrod,23.165,77.46,29.0,347.8,91.5,3.0,0.48,4903.0,17,Chikungunya,67.17,High
2025,7,2025-07-01,Monsoon,Bhopal City,BHEL Area,23.245,77.465,29.0,407.5,84.8,3.8,0.32,9830.0,4,Dengue,49.82,Medium
2025,7,2025-07-01,Monsoon,Bhopal City,BHEL Area,23.245,77.465,29.0,407.5,84.8,3.8,0.32,9830.0,4,Malaria,46.81,Medium
2025,7,2025-07-01,Monsoon,Bhopal City,BHEL Area,23.245,77.465,29.0,407.5,84.8,3.8,0.32,9830.0,13,Chikungunya,53.43,High
2025,7,2025-07-01,Monsoon,Ashta,Ashta Town Center,23.015,76.725,31.0,370.9,77.8,1.0,0.55,8571.0,15,Dengue,76.14,Critical
2025,7,2025-07-01,Monsoon,Ashta,Ashta Town Center,23.015,76.725,31.0,370.9,77.8,1.0,0.55,8571.0,15,Malaria,75.68,Critical
2025,7,2025-07-01,Monsoon,Ashta,Ashta Town Center,23.015,76.725,31.0,370.9,77.8,1.0,0.55,8571.0,13,Chikungunya,74.72,High
2025,7,2025-07-01,Monsoon,Ashta,Ashta Industrial Area,23.02,76.735,30.0,400.3,75.3,2.5,0.3,2145.0,9,Dengue,48.41,Medium
2025,7,2025-07-01,Monsoon,Ashta,Ashta Industrial Area,23.02,76.735,30.0,400.3,75.3,2.5,0.3,2145.0,16,Malaria,48.43,Medium
2025,7,2025-07-01,Monsoon,Ashta,Ashta Industrial Area,23.02,76.735,30.0,400.3,75.3,2.5,0.3,2145.0,10,Chikungunya,49.34,Medium
2025,7,2025-07-01,Monsoon,Ashta,Ashta Rural East,23.01,76.745,27.6,280.9,80.4,0.8,0.68,643.0,15,Dengue,72.07,High
2025,7,2025-07-01,Monsoon,Ashta,Ashta Rural East,23.01,76.745,27.6,280.9,80.4,0.8,0.68,643.0,19,Malaria,74.39,High
2025,7,2025-07-01,Monsoon,Ashta,Ashta Rural East,23.01,76.745,27.6,280.9,80.4,0.8,0.68,643.0,15,Chikungunya,71.31,High
2025,7,2025-07-01,Monsoon,Ashta,Ashta Nadi Belt,23.008,76.715,26.2,345.1,82.9,0.3,0.72,9504.0,20,Dengue,82.82,Critical
2025,7,2025-07-01,Monsoon,Ashta,Ashta Nadi Belt,23.008,76.715,26.2,345.1,82.9,0.3,0.72,9504.0,17,Malaria,82.09,Critical
2025,7,2025-07-01,Monsoon,Ashta,Ashta Nadi Belt,23.008,76.715,26.2,345.1,82.9,0.3,0.72,9504.0,22,Chikungunya,82.54,Critical
2025,7,2025-07-01,Monsoon,VIT Bhopal University,VIT Main Campus,23.077,76.8512,26.1,367.7,83.7,1.5,0.5,3622.0,17,Dengue,70.95,High
2025,7,2025-07-01,Monsoon,VIT Bhopal University,VIT Main Campus,23.077,76.8512,26.1,367.7,83.7,1.5,0.5,3622.0,10,Malaria,69.82,High
2025,7,2025-07-01,Monsoon,VIT Bhopal University,VIT Main Campus,23.077,76.8512,26.1,367.7,83.7,1.5,0.5,3622.0,12,Chikungunya,68.85,High
2025,7,2025-07-01,Monsoon,VIT Bhopal University,VIT Hostel Area,23.078,76.853,26.5,385.7,88.7,1.8,0.45,3412.0,14,Dengue,68.98,High
2025,7,2025-07-01,Monsoon,VIT Bhopal University,VIT Hostel Area,23.078,76.853,26.5,385.7,88.7,1.8,0.45,3412.0,16,Malaria,69.69,High
2025,7,2025-07-01,Monsoon,VIT Bhopal University,VIT Hostel Area,23.078,76.853,26.5,385.7,88.7,1.8,0.45,3412.0,9,Chikungunya,66.75,High
2025,7,2025-07-01,Monsoon,VIT Bhopal University,VIT Surrounding Village,23.072,76.848,26.8,351.7,80.4,0.6,0.62,3948.0,13,Dengue,74.36,High
2025,7,2025-07-01,Monsoon,VIT Bhopal University,VIT Surrounding Village,23.072,76.848,26.8,351.7,80.4,0.6,0.62,3948.0,20,Malaria,76.66,Critical
2025,7,2025-07-01,Monsoon,VIT Bhopal University,VIT Surrounding Village,23.072,76.848,26.8,351.7,80.4,0.6,0.62,3948.0,20,Chikungunya,75.23,Critical
2025,7,2025-07-01,Monsoon,VIT Bhopal University,Kotri-Kalan Area,23.083,76.855,25.8,358.8,77.4,2.0,0.4,6622.0,15,Dengue,69.44,High
2025,7,2025-07-01,Monsoon,VIT Bhopal University,Kotri-Kalan Area,23.083,76.855,25.8,358.8,77.4,2.0,0.4,6622.0,16,Malaria,68.86,High
2025,7,2025-07-01,Monsoon,VIT Bhopal University,Kotri-Kalan Area,23.083,76.855,25.8,358.8,77.4,2.0,0.4,6622.0,10,Chikungunya,67.49,High
2025,8,2025-08-01,Monsoon,Bhopal City,Old Bhopal (Chowk),23.2676,77.412,29.3,250.6,94.6,0.5,0.65,10827.0,21,Dengue,83.2,Critical
2025,8,2025-08-01,Monsoon,Bhopal City,Old Bhopal (Chowk),23.2676,77.412,29.3,250.6,94.6,0.5,0.65,10827.0,19,Malaria,82.55,Critical
2025,8,2025-08-01,Monsoon,Bhopal City,Old Bhopal (Chowk),23.2676,77.412,29.3,250.6,94.6,0.5,0.65,10827.0,20,Chikungunya,81.87,Critical
2025,8,2025-08-01,Monsoon,Bhopal City,New Market,23.235,77.423,26.3,385.5,77.4,2.1,0.35,7218.0,8,Dengue,67.37,High
2025,8,2025-08-01,Monsoon,Bhopal City,New Market,23.235,77.423,26.3,385.5,77.4,2.1,0.35,7218.0,8,Malaria,66.62,High
2025,8,2025-08-01,Monsoon,Bhopal City,New Market,23.235,77.423,26.3,385.5,77.4,2.1,0.35,7218.0,11,Chikungunya,67.35,High
2025,8,2025-08-01,Monsoon,Bhopal City,Kolar Road,23.175,77.445,27.4,364.3,88.9,3.5,0.4,7243.0,8,Dengue,64.01,High
2025,8,2025-08-01,Monsoon,Bhopal City,Kolar Road,23.175,77.445,27.4,364.3,88.9,3.5,0.4,7243.0,10,Malaria,63.42,High
2025,8,2025-08-01,Monsoon,Bhopal City,Kolar Road,23.175,77.445,27.4,364.3,88.9,3.5,0.4,7243.0,11,Chikungunya,64.69,High
2025,8,2025-08-01,Monsoon,Bhopal City,Habibganj,23.23,77.438,28.2,294.5,84.2,1.8,0.38,4739.0,14,Dengue,68.89,High
2025,8,2025-08-01,Monsoon,Bhopal City,Habibganj,23.23,77.438,28.2,294.5,84.2,1.8,0.38,4739.0,11,Malaria,68.11,High
2025,8,2025-08-01,Monsoon,Bhopal City,Habibganj,23.23,77.438,28.2,294.5,84.2,1.8,0.38,4739.0,15,Chikungunya,68.29,High
2025,8,2025-08-01,Monsoon,Bhopal City,Shahpura,23.195,77.435,23.6,261.0,92.8,2.5,0.42,5610.0,12,Dengue,59.05,High
2025,8,2025-08-01,Monsoon,Bhopal City,Shahpura,23.195,77.435,23.6,261.0,92.8,2.5,0.42,5610.0,10,Malaria,59.94,High
2025,8,2025-08-01,Monsoon,Bhopal City,Shahpura,23.195,77.435,23.6,261.0,92.8,2.5,0.42,5610.0,11,Chikungunya,56.93,High
2025,8,2025-08-01,Monsoon,Bhopal City,Ayodhya Nagar,23.21,77.455,27.7,376.8,92.1,4.0,0.3,8002.0,7,Dengue,61.89,High
2025,8,2025-08-01,Monsoon,Bhopal City,Ayodhya Nagar,23.21,77.455,27.7,376.8,92.1,4.0,0.3,8002.0,6,Malaria,60.25,High
2025,8,2025-08-01,Monsoon,Bhopal City,Ayodhya Nagar,23.21,77.455,27.7,376.8,92.1,4.0,0.3,8002.0,6,Chikungunya,61.45,High
2025,8,2025-08-01,Monsoon,Bhopal City,Upper Lake Area,23.25,77.39,27.5,399.1,79.2,0.2,0.75,6638.0,20,Dengue,80.81,Critical
2025,8,2025-08-01,Monsoon,Bhopal City,Upper Lake Area,23.25,77.39,27.5,399.1,79.2,0.2,0.75,6638.0,20,Malaria,81.29,Critical
2025,8,2025-08-01,Monsoon,Bhopal City,Upper Lake Area,23.25,77.39,27.5,399.1,79.2,0.2,0.75,6638.0,23,Chikungunya,80.89,Critical
2025,8,2025-08-01,Monsoon,Bhopal City,Lower Lake Area,23.255,77.405,24.8,238.8,88.0,0.3,0.7,6604.0,17,Dengue,71.29,High
2025,8,2025-08-01,Monsoon,Bhopal City,Lower Lake Area,23.255,77.405,24.8,238.8,88.0,0.3,0.7,6604.0,15,Malaria,73.13,High
2025,8,2025-08-01,Monsoon,Bhopal City,Lower Lake Area,23.255,77.405,24.8,238.8,88.0,0.3,0.7,6604.0,15,Chikungunya,68.43,High
2025,8,2025-08-01,Monsoon,Bhopal City,Arera Colony,23.22,77.43,26.2,259.4,85.3,2.0,0.45,9783.0,12,Dengue,72.54,High
2025,8,2025-08-01,Monsoon,Bhopal City,Arera Colony,23.22,77.43,26.2,259.4,85.3,2.0,0.45,9783.0,16,Malaria,72.3,High
2025,8,2025-08-01,Monsoon,Bhopal City,Arera Colony,23.22,77.43,26.2,259.4,85.3,2.0,0.45,9783.0,9,Chikungunya,70.97,High
2025,8,2025-08-01,Monsoon,Bhopal City,Bairagarh,23.28,77.37,26.6,249.2,84.7,1.2,0.55,5010.0,17,Dengue,73.74,High
2025,8,2025-08-01,Monsoon,Bhopal City,Bairagarh,23.28,77.37,26.6,249.2,84.7,1.2,0.55,5010.0,16,Malaria,73.77,High
2025,8,2025-08-01,Monsoon,Bhopal City,Bairagarh,23.28,77.37,26.6,249.2,84.7,1.2,0.55,5010.0,15,Chikungunya,72.38,High
2025,8,2025-08-01,Monsoon,Bhopal City,Misrod,23.165,77.46,26.4,383.0,92.3,3.0,0.48,4745.0,12,Dengue,65.91,High
2025,8,2025-08-01,Monsoon,Bhopal City,Misrod,23.165,77.46,26.4,383.0,92.3,3.0,0.48,4745.0,13,Malaria,65.88,High
2025,8,2025-08-01,Monsoon,Bhopal City,Misrod,23.165,77.46,26.4,383.0,92.3,3.0,0.48,4745.0,12,Chikungunya,65.7,High
2025,8,2025-08-01,Monsoon,Bhopal City,BHEL Area,23.245,77.465,26.1,267.3,82.6,3.8,0.32,6300.0,6,Dengue,60.26,High
2025,8,2025-08-01,Monsoon,Bhopal City,BHEL Area,23.245,77.465,26.1,267.3,82.6,3.8,0.32,6300.0,8,Malaria,59.53,High
2025,8,2025-08-01,Monsoon,Bhopal City,BHEL Area,23.245,77.465,26.1,267.3,82.6,3.8,0.32,6300.0,7,Chikungunya,60.45,High
2025,8,2025-08-01,Monsoon,Ashta,Ashta Town Center,23.015,76.725,26.7,396.9,89.0,1.0,0.55,8900.0,13,Dengue,77.04,Critical
2025,8,2025-08-01,Monsoon,Ashta,Ashta Town Center,23.015,76.725,26.7,396.9,89.0,1.0,0.55,8900.0,15,Malaria,77.22,Critical
2025,8,2025-08-01,Monsoon,Ashta,Ashta Town Center,23.015,76.725,26.7,396.9,89.0,1.0,0.55,8900.0,14,Chikungunya,76.16,Critical
2025,8,2025-08-01,Monsoon,Ashta,Ashta Industrial Area,23.02,76.735,23.1,326.0,83.4,2.5,0.3,2992.0,9,Dengue,54.09,High
2025,8,2025-08-01,Monsoon,Ashta,Ashta Industrial Area,23.02,76.735,23.1,326.0,83.4,2.5,0.3,2992.0,9,Malaria,55.6,High
2025,8,2025-08-01,Monsoon,Ashta,Ashta Industrial Area,23.02,76.735,23.1,326.0,83.4,2.5,0.3,2992.0,9,Chikungunya,52.08,High
2025,8,2025-08-01,Monsoon,Ashta,Ashta Rural East,23.01,76.745,26.7,368.2,86.7,0.8,0.68,1055.0,15,Dengue,73.04,High
2025,8,2025-08-01,Monsoon,Ashta,Ashta Rural East,23.01,76.745,26.7,368.2,86.7,0.8,0.68,1055.0,19,Malaria,75.4,Critical
2025,8,2025-08-01,Monsoon,Ashta,Ashta Rural East,23.01,76.745,26.7,368.2,86.7,0.8,0.68,1055.0,18,Chikungunya,72.98,High
2025,8,2025-08-01,Monsoon,Ashta,Ashta Nadi Belt,23.008,76.715,27.6,269.0,83.7,0.3,0.72,11290.0,19,Dengue,83.05,Critical
2025,8,2025-08-01,Monsoon,Ashta,Ashta Nadi Belt,23.008,76.715,27.6,269.0,83.7,0.3,0.72,11290.0,17,Malaria,82.48,Critical
2025,8,2025-08-01,Monsoon,Ashta,Ashta Nadi Belt,23.008,76.715,27.6,269.0,83.7,0.3,0.72,11290.0,17,Chikungunya,81.6,Critical
2025,8,2025-08-01,Monsoon,VIT Bhopal University,VIT Main Campus,23.077,76.8512,26.0,384.1,79.0,1.5,0.5,4391.0,10,Dengue,69.42,High
2025,8,2025-08-01,Monsoon,VIT Bhopal University,VIT Main Campus,23.077,76.8512,26.0,384.1,79.0,1.5,0.5,4391.0,16,Malaria,70.92,High
2025,8,2025-08-01,Monsoon,VIT Bhopal University,VIT Main Campus,23.077,76.8512,26.0,384.1,79.0,1.5,0.5,4391.0,17,Chikungunya,70.5,High
2025,8,2025-08-01,Monsoon,VIT Bhopal University,VIT Hostel Area,23.078,76.853,28.7,368.0,86.1,1.8,0.45,4374.0,15,Dengue,69.73,High
2025,8,2025-08-01,Monsoon,VIT Bhopal University,VIT Hostel Area,23.078,76.853,28.7,368.0,86.1,1.8,0.45,4374.0,11,Malaria,68.96,High
2025,8,2025-08-01,Monsoon,VIT Bhopal University,VIT Hostel Area,23.078,76.853,28.7,368.0,86.1,1.8,0.45,4374.0,13,Chikungunya,68.43,High
2025,8,2025-08-01,Monsoon,VIT Bhopal University,VIT Surrounding Village,23.072,76.848,29.2,282.0,89.5,0.6,0.62,4070.0,16,Dengue,76.08,Critical
2025,8,2025-08-01,Monsoon,VIT Bhopal University,VIT Surrounding Village,23.072,76.848,29.2,282.0,89.5,0.6,0.62,4070.0,18,Malaria,77.42,Critical
2025,8,2025-08-01,Monsoon,VIT Bhopal University,VIT Surrounding Village,23.072,76.848,29.2,282.0,89.5,0.6,0.62,4070.0,16,Chikungunya,74.93,High
2025,8,2025-08-01,Monsoon,VIT Bhopal University,Kotri-Kalan Area,23.083,76.855,25.8,336.5,84.9,2.0,0.4,10612.0,15,Dengue,72.89,High
2025,8,2025-08-01,Monsoon,VIT Bhopal University,Kotri-Kalan Area,23.083,76.855,25.8,336.5,84.9,2.0,0.4,10612.0,11,Malaria,70.79,High
2025,8,2025-08-01,Monsoon,VIT Bhopal University,Kotri-Kalan Area,23.083,76.855,25.8,336.5,84.9,2.0,0.4,10612.0,10,Chikungunya,70.79,High
2025,9,2025-09-01,Monsoon,Bhopal City,Old Bhopal (Chowk),23.2676,77.412,26.1,209.7,75.8,0.5,0.65,6764.0,16,Dengue,77.54,Critical
2025,9,2025-09-01,Monsoon,Bhopal City,Old Bhopal (Chowk),23.2676,77.412,26.1,209.7,75.8,0.5,0.65,6764.0,22,Malaria,78.96,Critical
2025,9,2025-09-01,Monsoon,Bhopal City,Old Bhopal (Chowk),23.2676,77.412,26.1,209.7,75.8,0.5,0.65,6764.0,17,Chikungunya,76.94,Critical
2025,9,2025-09-01,Monsoon,Bhopal City,New Market,23.235,77.423,25.2,233.9,81.5,2.1,0.35,7857.0,10,Dengue,68.78,High
2025,9,2025-09-01,Monsoon,Bhopal City,New Market,23.235,77.423,25.2,233.9,81.5,2.1,0.35,7857.0,14,Malaria,68.7,High
2025,9,2025-09-01,Monsoon,Bhopal City,New Market,23.235,77.423,25.2,233.9,81.5,2.1,0.35,7857.0,8,Chikungunya,67.35,High
2025,9,2025-09-01,Monsoon,Bhopal City,Kolar Road,23.175,77.445,26.8,103.0,80.2,3.5,0.4,10682.0,8,Dengue,69.34,High
2025,9,2025-09-01,Monsoon,Bhopal City,Kolar Road,23.175,77.445,26.8,103.0,80.2,3.5,0.4,10682.0,12,Malaria,68.82,High
2025,9,2025-09-01,Monsoon,Bhopal City,Kolar Road,23.175,77.445,26.8,103.0,80.2,3.5,0.4,10682.0,13,Chikungunya,70.36,High
2025,9,2025-09-01,Monsoon,Bhopal City,Habibganj,23.23,77.438,27.5,164.9,83.0,1.8,0.38,7351.0,13,Dengue,74.62,High
2025,9,2025-09-01,Monsoon,Bhopal City,Habibganj,23.23,77.438,27.5,164.9,83.0,1.8,0.38,7351.0,11,Malaria,73.93,High
2025,9,2025-09-01,Monsoon,Bhopal City,Habibganj,23.23,77.438,27.5,164.9,83.0,1.8,0.38,7351.0,7,Chikungunya,71.64,High
2025,9,2025-09-01,Monsoon,Bhopal City,Shahpura,23.195,77.435,26.3,156.3,77.1,2.5,0.42,8437.0,13,Dengue,72.78,High
2025,9,2025-09-01,Monsoon,Bhopal City,Shahpura,23.195,77.435,26.3,156.3,77.1,2.5,0.42,8437.0,8,Malaria,70.95,High
2025,9,2025-09-01,Monsoon,Bhopal City,Shahpura,23.195,77.435,26.3,156.3,77.1,2.5,0.42,8437.0,12,Chikungunya,71.82,High
2025,9,2025-09-01,Monsoon,Bhopal City,Ayodhya Nagar,23.21,77.455,26.8,162.9,80.5,4.0,0.3,4730.0,4,Dengue,61.39,High
2025,9,2025-09-01,Monsoon,Bhopal City,Ayodhya Nagar,23.21,77.455,26.8,162.9,80.5,4.0,0.3,4730.0,7,Malaria,61.5,High
2025,9,2025-09-01,Monsoon,Bhopal City,Ayodhya Nagar,23.21,77.455,26.8,162.9,80.5,4.0,0.3,4730.0,3,Chikungunya,60.66,High
2025,9,2025-09-01,Monsoon,Bhopal City,Upper Lake Area,23.25,77.39,24.6,190.5,73.9,0.2,0.75,4564.0,19,Dengue,73.58,High
2025,9,2025-09-01,Monsoon,Bhopal City,Upper Lake Area,23.25,77.39,24.6,190.5,73.9,0.2,0.75,4564.0,22,Malaria,77.0,Critical
2025,9,2025-09-01,Monsoon,Bhopal City,Upper Lake Area,23.25,77.39,24.6,190.5,73.9,0.2,0.75,4564.0,17,Chikungunya,70.72,High
2025,9,2025-09-01,Monsoon,Bhopal City,Lower Lake Area,23.255,77.405,25.4,190.0,82.3,0.3,0.7,11819.0,14,Dengue,85.51,Critical
2025,9,2025-09-01,Monsoon,Bhopal City,Lower Lake Area,23.255,77.405,25.4,190.0,82.3,0.3,0.7,11819.0,22,Malaria,87.48,Critical
2025,9,2025-09-01,Monsoon,Bhopal City,Lower Lake Area,23.255,77.405,25.4,190.0,82.3,0.3,0.7,11819.0,18,Chikungunya,85.13,Critical
2025,9,2025-09-01,Monsoon,Bhopal City,Arera Colony,23.22,77.43,25.7,191.3,76.9,2.0,0.45,6412.0,17,Dengue,74.2,High
2025,9,2025-09-01,Monsoon,Bhopal City,Arera Colony,23.22,77.43,25.7,191.3,76.9,2.0,0.45,6412.0,9,Malaria,72.27,High
2025,9,2025-09-01,Monsoon,Bhopal City,Arera Colony,23.22,77.43,25.7,191.3,76.9,2.0,0.45,6412.0,14,Chikungunya,72.6,High
2025,9,2025-09-01,Monsoon,Bhopal City,Bairagarh,23.28,77.37,26.8,174.8,72.8,1.2,0.55,5690.0,13,Dengue,76.13,Critical
2025,9,2025-09-01,Monsoon,Bhopal City,Bairagarh,23.28,77.37,26.8,174.8,72.8,1.2,0.55,5690.0,14,Malaria,76.75,Critical
2025,9,2025-09-01,Monsoon,Bhopal City,Bairagarh,23.28,77.37,26.8,174.8,72.8,1.2,0.55,5690.0,14,Chikungunya,75.29,Critical
2025,9,2025-09-01,Monsoon,Bhopal City,Misrod,23.165,77.46,27.3,192.8,75.5,3.0,0.48,6027.0,10,Dengue,68.77,High
2025,9,2025-09-01,Monsoon,Bhopal City,Misrod,23.165,77.46,27.3,192.8,75.5,3.0,0.48,6027.0,10,Malaria,68.43,High
2025,9,2025-09-01,Monsoon,Bhopal City,Misrod,23.165,77.46,27.3,192.8,75.5,3.0,0.48,6027.0,12,Chikungunya,68.98,High
2025,9,2025-09-01,Monsoon,Bhopal City,BHEL Area,23.245,77.465,26.1,201.3,73.3,3.8,0.32,7253.0,10,Dengue,61.05,High
2025,9,2025-09-01,Monsoon,Bhopal City,BHEL Area,23.245,77.465,26.1,201.3,73.3,3.8,0.32,7253.0,8,Malaria,58.98,High
2025,9,2025-09-01,Monsoon,Bhopal City,BHEL Area,23.245,77.465,26.1,201.3,73.3,3.8,0.32,7253.0,10,Chikungunya,61.3,High
2025,9,2025-09-01,Monsoon,Ashta,Ashta Town Center,23.015,76.725,26.6,122.0,76.3,1.0,0.55,9071.0,16,Dengue,80.63,Critical
2025,9,2025-09-01,Monsoon,Ashta,Ashta Town Center,23.015,76.725,26.6,122.0,76.3,1.0,0.55,9071.0,19,Malaria,81.0,Critical
2025,9,2025-09-01,Monsoon,Ashta,Ashta Town Center,23.015,76.725,26.6,122.0,76.3,1.0,0.55,9071.0,18,Chikungunya,80.0,Critical
2025,9,2025-09-01,Monsoon,Ashta,Ashta Industrial Area,23.02,76.735,28.9,163.4,81.7,2.5,0.3,3220.0,7,Dengue,66.42,High
2025,9,2025-09-01,Monsoon,Ashta,Ashta Industrial Area,23.02,76.735,28.9,163.4,81.7,2.5,0.3,3220.0,8,Malaria,66.93,High
2025,9,2025-09-01,Monsoon,Ashta,Ashta Industrial Area,23.02,76.735,28.9,163.4,81.7,2.5,0.3,3220.0,8,Chikungunya,65.45,High
2025,9,2025-09-01,Monsoon,Ashta,Ashta Rural East,23.01,76.745,24.7,203.9,78.6,0.8,0.68,836.0,19,Dengue,64.21,High
2025,9,2025-09-01,Monsoon,Ashta,Ashta Rural East,23.01,76.745,24.7,203.9,78.6,0.8,0.68,836.0,17,Malaria,66.69,High
2025,9,2025-09-01,Monsoon,Ashta,Ashta Rural East,23.01,76.745,24.7,203.9,78.6,0.8,0.68,836.0,19,Chikungunya,62.44,High
2025,9,2025-09-01,Monsoon,Ashta,Ashta Nadi Belt,23.008,76.715,26.4,190.6,69.3,0.3,0.72,5232.0,23,Dengue,82.76,Critical
2025,9,2025-09-01,Monsoon,Ashta,Ashta Nadi Belt,23.008,76.715,26.4,190.6,69.3,0.3,0.72,5232.0,15,Malaria,81.9,Critical
2025,9,2025-09-01,Monsoon,Ashta,Ashta Nadi Belt,23.008,76.715,26.4,190.6,69.3,0.3,0.72,5232.0,15,Chikungunya,79.67,Critical
2025,9,2025-09-01,Monsoon,VIT Bhopal University,VIT Main Campus,23.077,76.8512,28.8,154.8,75.1,1.5,0.5,3843.0,18,Dengue,74.51,High
2025,9,2025-09-01,Monsoon,VIT Bhopal University,VIT Main Campus,23.077,76.8512,28.8,154.8,75.1,1.5,0.5,3843.0,13,Malaria,73.92,High
2025,9,2025-09-01,Monsoon,VIT Bhopal University,VIT Main Campus,23.077,76.8512,28.8,154.8,75.1,1.5,0.5,3843.0,10,Chikungunya,71.39,High
2025,9,2025-09-01,Monsoon,VIT Bhopal University,VIT Hostel Area,23.078,76.853,22.9,151.5,79.7,1.8,0.45,4204.0,16,Dengue,64.39,High
2025,9,2025-09-01,Monsoon,VIT Bhopal University,VIT Hostel Area,23.078,76.853,22.9,151.5,79.7,1.8,0.45,4204.0,12,Malaria,65.49,High
2025,9,2025-09-01,Monsoon,VIT Bhopal University,VIT Hostel Area,23.078,76.853,22.9,151.5,79.7,1.8,0.45,4204.0,13,Chikungunya,61.38,High
2025,9,2025-09-01,Monsoon,VIT Bhopal University,VIT Surrounding Village,23.072,76.848,28.1,190.7,81.4,0.6,0.62,4806.0,14,Dengue,79.39,Critical
2025,9,2025-09-01,Monsoon,VIT Bhopal University,VIT Surrounding Village,23.072,76.848,28.1,190.7,81.4,0.6,0.62,4806.0,15,Malaria,80.7,Critical
2025,9,2025-09-01,Monsoon,VIT Bhopal University,VIT Surrounding Village,23.072,76.848,28.1,190.7,81.4,0.6,0.62,4806.0,20,Chikungunya,79.6,Critical
2025,9,2025-09-01,Monsoon,VIT Bhopal University,Kotri-Kalan Area,23.083,76.855,26.3,159.4,68.4,2.0,0.4,5497.0,12,Dengue,70.91,High
2025,9,2025-09-01,Monsoon,VIT Bhopal University,Kotri-Kalan Area,23.083,76.855,26.3,159.4,68.4,2.0,0.4,5497.0,12,Malaria,70.7,High
2025,9,2025-09-01,Monsoon,VIT Bhopal University,Kotri-Kalan Area,23.083,76.855,26.3,159.4,68.4,2.0,0.4,5497.0,14,Chikungunya,70.59,High
2025,10,2025-10-01,Post-Monsoon,Bhopal City,Old Bhopal (Chowk),23.2676,77.412,28.4,41.7,49.9,0.5,0.65,7545.0,18,Dengue,68.05,High
2025,10,2025-10-01,Post-Monsoon,Bhopal City,Old Bhopal (Chowk),23.2676,77.412,28.4,41.7,49.9,0.5,0.65,7545.0,12,Malaria,65.52,High
2025,10,2025-10-01,Post-Monsoon,Bhopal City,Old Bhopal (Chowk),23.2676,77.412,28.4,41.7,49.9,0.5,0.65,7545.0,14,Chikungunya,67.45,High
2025,10,2025-10-01,Post-Monsoon,Bhopal City,New Market,23.235,77.423,28.8,45.2,51.0,2.1,0.35,10520.0,8,Dengue,58.96,High
2025,10,2025-10-01,Post-Monsoon,Bhopal City,New Market,23.235,77.423,28.8,45.2,51.0,2.1,0.35,10520.0,7,Malaria,56.12,High
2025,10,2025-10-01,Post-Monsoon,Bhopal City,New Market,23.235,77.423,28.8,45.2,51.0,2.1,0.35,10520.0,6,Chikungunya,58.86,High
2025,10,2025-10-01,Post-Monsoon,Bhopal City,Kolar Road,23.175,77.445,25.4,47.6,58.5,3.5,0.4,8796.0,6,Dengue,53.72,High
2025,10,2025-10-01,Post-Monsoon,Bhopal City,Kolar Road,23.175,77.445,25.4,47.6,58.5,3.5,0.4,8796.0,8,Malaria,51.49,High
2025,10,2025-10-01,Post-Monsoon,Bhopal City,Kolar Road,23.175,77.445,25.4,47.6,58.5,3.5,0.4,8796.0,7,Chikungunya,55.17,High
2025,10,2025-10-01,Post-Monsoon,Bhopal City,Habibganj,23.23,77.438,27.0,46.2,65.1,1.8,0.38,4702.0,8,Dengue,57.51,High
2025,10,2025-10-01,Post-Monsoon,Bhopal City,Habibganj,23.23,77.438,27.0,46.2,65.1,1.8,0.38,4702.0,7,Malaria,56.19,High
2025,10,2025-10-01,Post-Monsoon,Bhopal City,Habibganj,23.23,77.438,27.0,46.2,65.1,1.8,0.38,4702.0,9,Chikungunya,57.85,High
2025,10,2025-10-01,Post-Monsoon,Bhopal City,Shahpura,23.195,77.435,23.9,27.0,59.7,2.5,0.42,6950.0,13,Dengue,49.05,Medium
2025,10,2025-10-01,Post-Monsoon,Bhopal City,Shahpura,23.195,77.435,23.9,27.0,59.7,2.5,0.42,6950.0,7,Malaria,47.37,Medium
2025,10,2025-10-01,Post-Monsoon,Bhopal City,Shahpura,23.195,77.435,23.9,27.0,59.7,2.5,0.42,6950.0,10,Chikungunya,47.88,Medium
2025,10,2025-10-01,Post-Monsoon,Bhopal City,Ayodhya Nagar,23.21,77.455,26.3,34.5,57.0,4.0,0.3,8772.0,4,Dengue,50.28,High
2025,10,2025-10-01,Post-Monsoon,Bhopal City,Ayodhya Nagar,23.21,77.455,26.3,34.5,57.0,4.0,0.3,8772.0,6,Malaria,47.71,Medium
2025,10,2025-10-01,Post-Monsoon,Bhopal City,Ayodhya Nagar,23.21,77.455,26.3,34.5,57.0,4.0,0.3,8772.0,3,Chikungunya,51.22,High
2025,10,2025-10-01,Post-Monsoon,Bhopal City,Upper Lake Area,23.25,77.39,24.0,30.9,57.0,0.2,0.75,8751.0,17,Dengue,62.76,High
2025,10,2025-10-01,Post-Monsoon,Bhopal City,Upper Lake Area,23.25,77.39,24.0,30.9,57.0,0.2,0.75,8751.0,13,Malaria,62.49,High
2025,10,2025-10-01,Post-Monsoon,Bhopal City,Upper Lake Area,23.25,77.39,24.0,30.9,57.0,0.2,0.75,8751.0,14,Chikungunya,61.08,High
2025,10,2025-10-01,Post-Monsoon,Bhopal City,Lower Lake Area,23.255,77.405,25.1,46.2,61.4,0.3,0.7,7992.0,15,Dengue,70.05,High
2025,10,2025-10-01,Post-Monsoon,Bhopal City,Lower Lake Area,23.255,77.405,25.1,46.2,61.4,0.3,0.7,7992.0,19,Malaria,69.96,High
2025,10,2025-10-01,Post-Monsoon,Bhopal City,Lower Lake Area,23.255,77.405,25.1,46.2,61.4,0.3,0.7,7992.0,14,Chikungunya,69.92,High
2025,10,2025-10-01,Post-Monsoon,Bhopal City,Arera Colony,23.22,77.43,23.5,44.8,67.4,2.0,0.45,10982.0,12,Dengue,54.12,High
2025,10,2025-10-01,Post-Monsoon,Bhopal City,Arera Colony,23.22,77.43,23.5,44.8,67.4,2.0,0.45,10982.0,12,Malaria,53.49,High
2025,10,2025-10-01,Post-Monsoon,Bhopal City,Arera Colony,23.22,77.43,23.5,44.8,67.4,2.0,0.45,10982.0,10,Chikungunya,52.79,High
2025,10,2025-10-01,Post-Monsoon,Bhopal City,Bairagarh,23.28,77.37,23.2,48.4,52.5,1.2,0.55,10562.0,13,Dengue,56.75,High
2025,10,2025-10-01,Post-Monsoon,Bhopal City,Bairagarh,23.28,77.37,23.2,48.4,52.5,1.2,0.55,10562.0,13,Malaria,56.3,High
2025,10,2025-10-01,Post-Monsoon,Bhopal City,Bairagarh,23.28,77.37,23.2,48.4,52.5,1.2,0.55,10562.0,12,Chikungunya,55.76,High
2025,10,2025-10-01,Post-Monsoon,Bhopal City,Misrod,23.165,77.46,26.4,28.2,70.6,3.0,0.48,4631.0,8,Dengue,54.68,High
2025,10,2025-10-01,Post-Monsoon,Bhopal City,Misrod,23.165,77.46,26.4,28.2,70.6,3.0,0.48,4631.0,8,Malaria,53.41,High
2025,10,2025-10-01,Post-Monsoon,Bhopal City,Misrod,23.165,77.46,26.4,28.2,70.6,3.0,0.48,4631.0,7,Chikungunya,55.27,High
2025,10,2025-10-01,Post-Monsoon,Bhopal City,BHEL Area,23.245,77.465,26.8,42.9,53.1,3.8,0.32,9310.0,5,Dengue,51.48,High
2025,10,2025-10-01,Post-Monsoon,Bhopal City,BHEL Area,23.245,77.465,26.8,42.9,53.1,3.8,0.32,9310.0,5,Malaria,48.4,Medium
2025,10,2025-10-01,Post-Monsoon,Bhopal City,BHEL Area,23.245,77.465,26.8,42.9,53.1,3.8,0.32,9310.0,5,Chikungunya,52.73,High
2025,10,2025-10-01,Post-Monsoon,Ashta,Ashta Town Center,23.015,76.725,25.6,43.1,62.8,1.0,0.55,9376.0,13,Dengue,66.8,High
2025,10,2025-10-01,Post-Monsoon,Ashta,Ashta Town Center,23.015,76.725,25.6,43.1,62.8,1.0,0.55,9376.0,15,Malaria,65.56,High
2025,10,2025-10-01,Post-Monsoon,Ashta,Ashta Town Center,23.015,76.725,25.6,43.1,62.8,1.0,0.55,9376.0,13,Chikungunya,66.96,High
2025,10,2025-10-01,Post-Monsoon,Ashta,Ashta Industrial Area,23.02,76.735,23.6,40.4,57.4,2.5,0.3,2089.0,7,Dengue,42.29,Medium
2025,10,2025-10-01,Post-Monsoon,Ashta,Ashta Industrial Area,23.02,76.735,23.6,40.4,57.4,2.5,0.3,2089.0,9,Malaria,43.14,Medium
2025,10,2025-10-01,Post-Monsoon,Ashta,Ashta Industrial Area,23.02,76.735,23.6,40.4,57.4,2.5,0.3,2089.0,10,Chikungunya,42.36,Medium
2025,10,2025-10-01,Post-Monsoon,Ashta,Ashta Rural East,23.01,76.745,24.9,34.8,55.2,0.8,0.68,1488.0,10,Dengue,52.23,High
2025,10,2025-10-01,Post-Monsoon,Ashta,Ashta Rural East,23.01,76.745,24.9,34.8,55.2,0.8,0.68,1488.0,16,Malaria,55.28,High
2025,10,2025-10-01,Post-Monsoon,Ashta,Ashta Rural East,23.01,76.745,24.9,34.8,55.2,0.8,0.68,1488.0,15,Chikungunya,52.77,High
2025,10,2025-10-01,Post-Monsoon,Ashta,Ashta Nadi Belt,23.008,76.715,24.5,46.3,55.0,0.3,0.72,8146.0,22,Dengue,62.62,High
2025,10,2025-10-01,Post-Monsoon,Ashta,Ashta Nadi Belt,23.008,76.715,24.5,46.3,55.0,0.3,0.72,8146.0,14,Malaria,61.33,High
2025,10,2025-10-01,Post-Monsoon,Ashta,Ashta Nadi Belt,23.008,76.715,24.5,46.3,55.0,0.3,0.72,8146.0,15,Chikungunya,60.06,High
2025,10,2025-10-01,Post-Monsoon,VIT Bhopal University,VIT Main Campus,23.077,76.8512,26.2,30.8,65.4,1.5,0.5,4558.0,14,Dengue,61.14,High
2025,10,2025-10-01,Post-Monsoon,VIT Bhopal University,VIT Main Campus,23.077,76.8512,26.2,30.8,65.4,1.5,0.5,4558.0,11,Malaria,59.58,High
2025,10,2025-10-01,Post-Monsoon,VIT Bhopal University,VIT Main Campus,23.077,76.8512,26.2,30.8,65.4,1.5,0.5,4558.0,14,Chikungunya,61.5,High
2025,10,2025-10-01,Post-Monsoon,VIT Bhopal University,VIT Hostel Area,23.078,76.853,22.9,54.8,50.8,1.8,0.45,4049.0,8,Dengue,59.45,High
2025,10,2025-10-01,Post-Monsoon,VIT Bhopal University,VIT Hostel Area,23.078,76.853,22.9,54.8,50.8,1.8,0.45,4049.0,9,Malaria,61.32,High
2025,10,2025-10-01,Post-Monsoon,VIT Bhopal University,VIT Hostel Area,23.078,76.853,22.9,54.8,50.8,1.8,0.45,4049.0,9,Chikungunya,57.82,High
2025,10,2025-10-01,Post-Monsoon,VIT Bhopal University,VIT Surrounding Village,23.072,76.848,23.3,42.0,56.7,0.6,0.62,3219.0,17,Dengue,55.56,High
2025,10,2025-10-01,Post-Monsoon,VIT Bhopal University,VIT Surrounding Village,23.072,76.848,23.3,42.0,56.7,0.6,0.62,3219.0,12,Malaria,55.77,High
2025,10,2025-10-01,Post-Monsoon,VIT Bhopal University,VIT Surrounding Village,23.072,76.848,23.3,42.0,56.7,0.6,0.62,3219.0,10,Chikungunya,52.75,High
2025,10,2025-10-01,Post-Monsoon,VIT Bhopal University,Kotri-Kalan Area,23.083,76.855,22.5,35.1,59.1,2.0,0.4,6010.0,10,Dengue,49.12,Medium
2025,10,2025-10-01,Post-Monsoon,VIT Bhopal University,Kotri-Kalan Area,23.083,76.855,22.5,35.1,59.1,2.0,0.4,6010.0,8,Malaria,48.7,Medium
2025,10,2025-10-01,Post-Monsoon,VIT Bhopal University,Kotri-Kalan Area,23.083,76.855,22.5,35.1,59.1,2.0,0.4,6010.0,8,Chikungunya,47.78,Medium
2025,11,2025-11-01,Post-Monsoon,Bhopal City,Old Bhopal (Chowk),23.2676,77.412,23.3,8.7,47.4,0.5,0.65,5295.0,15,Dengue,51.48,High
2025,11,2025-11-01,Post-Monsoon,Bhopal City,Old Bhopal (Chowk),23.2676,77.412,23.3,8.7,47.4,0.5,0.65,5295.0,14,Malaria,51.57,High
2025,11,2025-11-01,Post-Monsoon,Bhopal City,Old Bhopal (Chowk),23.2676,77.412,23.3,8.7,47.4,0.5,0.65,5295.0,15,Chikungunya,51.23,High
2025,11,2025-11-01,Post-Monsoon,Bhopal City,New Market,23.235,77.423,23.0,8.7,55.7,2.1,0.35,9314.0,8,Dengue,45.08,Medium
2025,11,2025-11-01,Post-Monsoon,Bhopal City,New Market,23.235,77.423,23.0,8.7,55.7,2.1,0.35,9314.0,8,Malaria,43.77,Medium
2025,11,2025-11-01,Post-Monsoon,Bhopal City,New Market,23.235,77.423,23.0,8.7,55.7,2.1,0.35,9314.0,8,Chikungunya,44.75,Medium
2025,11,2025-11-01,Post-Monsoon,Bhopal City,Kolar Road,23.175,77.445,22.8,12.8,50.6,3.5,0.4,9145.0,7,Dengue,44.66,Medium
2025,11,2025-11-01,Post-Monsoon,Bhopal City,Kolar Road,23.175,77.445,22.8,12.8,50.6,3.5,0.4,9145.0,4,Malaria,42.76,Medium
2025,11,2025-11-01,Post-Monsoon,Bhopal City,Kolar Road,23.175,77.445,22.8,12.8,50.6,3.5,0.4,9145.0,8,Chikungunya,45.1,Medium
2025,11,2025-11-01,Post-Monsoon,Bhopal City,Habibganj,23.23,77.438,20.2,14.1,49.6,1.8,0.38,7413.0,7,Dengue,49.09,Medium
2025,11,2025-11-01,Post-Monsoon,Bhopal City,Habibganj,23.23,77.438,20.2,14.1,49.6,1.8,0.38,7413.0,7,Malaria,48.76,Medium
2025,11,2025-11-01,Post-Monsoon,Bhopal City,Habibganj,23.23,77.438,20.2,14.1,49.6,1.8,0.38,7413.0,10,Chikungunya,49.06,Medium
2025,11,2025-11-01,Post-Monsoon,Bhopal City,Shahpura,23.195,77.435,20.4,8.3,54.5,2.5,0.42,6703.0,14,Dengue,43.57,Medium
2025,11,2025-11-01,Post-Monsoon,Bhopal City,Shahpura,23.195,77.435,20.4,8.3,54.5,2.5,0.42,6703.0,9,Malaria,41.5,Medium
2025,11,2025-11-01,Post-Monsoon,Bhopal City,Shahpura,23.195,77.435,20.4,8.3,54.5,2.5,0.42,6703.0,8,Chikungunya,42.2,Medium
2025,11,2025-11-01,Post-Monsoon,Bhopal City,Ayodhya Nagar,23.21,77.455,18.4,9.2,47.9,4.0,0.3,6118.0,3,Dengue,24.4,Low
2025,11,2025-11-01,Post-Monsoon,Bhopal City,Ayodhya Nagar,23.21,77.455,18.4,9.2,47.9,4.0,0.3,6118.0,2,Malaria,24.32,Low
2025,11,2025-11-01,Post-Monsoon,Bhopal City,Ayodhya Nagar,23.21,77.455,18.4,9.2,47.9,4.0,0.3,6118.0,2,Chikungunya,23.58,Low
2025,11,2025-11-01,Post-Monsoon,Bhopal City,Upper Lake Area,23.25,77.39,22.2,13.4,55.7,0.2,0.75,5335.0,13,Dengue,58.94,High
2025,11,2025-11-01,Post-Monsoon,Bhopal City,Upper Lake Area,23.25,77.39,22.2,13.4,55.7,0.2,0.75,5335.0,12,Malaria,60.08,High
2025,11,2025-11-01,Post-Monsoon,Bhopal City,Upper Lake Area,23.25,77.39,22.2,13.4,55.7,0.2,0.75,5335.0,9,Chikungunya,56.84,High
2025,11,2025-11-01,Post-Monsoon,Bhopal City,Lower Lake Area,23.255,77.405,20.9,13.4,59.0,0.3,0.7,5679.0,17,Dengue,59.64,High
2025,11,2025-11-01,Post-Monsoon,Bhopal City,Lower Lake Area,23.255,77.405,20.9,13.4,59.0,0.3,0.7,5679.0,15,Malaria,60.28,High
2025,11,2025-11-01,Post-Monsoon,Bhopal City,Lower Lake Area,23.255,77.405,20.9,13.4,59.0,0.3,0.7,5679.0,19,Chikungunya,59.28,High
2025,11,2025-11-01,Post-Monsoon,Bhopal City,Arera Colony,23.22,77.43,20.9,11.9,46.3,2.0,0.45,10766.0,8,Dengue,51.05,High
2025,11,2025-11-01,Post-Monsoon,Bhopal City,Arera Colony,23.22,77.43,20.9,11.9,46.3,2.0,0.45,10766.0,8,Malaria,50.15,High
2025,11,2025-11-01,Post-Monsoon,Bhopal City,Arera Colony,23.22,77.43,20.9,11.9,46.3,2.0,0.45,10766.0,12,Chikungunya,51.66,High
2025,11,2025-11-01,Post-Monsoon,Bhopal City,Bairagarh,23.28,77.37,21.4,12.2,40.3,1.2,0.55,5058.0,15,Dengue,52.06,High
2025,11,2025-11-01,Post-Monsoon,Bhopal City,Bairagarh,23.28,77.37,21.4,12.2,40.3,1.2,0.55,5058.0,14,Malaria,52.07,High
2025,11,2025-11-01,Post-Monsoon,Bhopal City,Bairagarh,23.28,77.37,21.4,12.2,40.3,1.2,0.55,5058.0,11,Chikungunya,50.55,High
2025,11,2025-11-01,Post-Monsoon,Bhopal City,Misrod,23.165,77.46,23.4,9.5,49.9,3.0,0.48,7541.0,8,Dengue,41.14,Medium
2025,11,2025-11-01,Post-Monsoon,Bhopal City,Misrod,23.165,77.46,23.4,9.5,49.9,3.0,0.48,7541.0,8,Malaria,39.97,Medium
2025,11,2025-11-01,Post-Monsoon,Bhopal City,Misrod,23.165,77.46,23.4,9.5,49.9,3.0,0.48,7541.0,8,Chikungunya,41.72,Medium
2025,11,2025-11-01,Post-Monsoon,Bhopal City,BHEL Area,23.245,77.465,19.5,10.3,49.1,3.8,0.32,9988.0,3,Dengue,33.54,Medium
2025,11,2025-11-01,Post-Monsoon,Bhopal City,BHEL Area,23.245,77.465,19.5,10.3,49.1,3.8,0.32,9988.0,5,Malaria,33.93,Medium
2025,11,2025-11-01,Post-Monsoon,Bhopal City,BHEL Area,23.245,77.465,19.5,10.3,49.1,3.8,0.32,9988.0,5,Chikungunya,32.96,Medium
2025,11,2025-11-01,Post-Monsoon,Ashta,Ashta Town Center,23.015,76.725,22.8,8.2,59.0,1.0,0.55,8484.0,14,Dengue,52.14,High
2025,11,2025-11-01,Post-Monsoon,Ashta,Ashta Town Center,23.015,76.725,22.8,8.2,59.0,1.0,0.55,8484.0,12,Malaria,51.27,High
2025,11,2025-11-01,Post-Monsoon,Ashta,Ashta Town Center,23.015,76.725,22.8,8.2,59.0,1.0,0.55,8484.0,11,Chikungunya,50.89,High
2025,11,2025-11-01,Post-Monsoon,Ashta,Ashta Industrial Area,23.02,76.735,20.9,11.0,51.6,2.5,0.3,2515.0,10,Dengue,42.77,Medium
2025,11,2025-11-01,Post-Monsoon,Ashta,Ashta Industrial Area,23.02,76.735,20.9,11.0,51.6,2.5,0.3,2515.0,8,Malaria,42.5,Medium
2025,11,2025-11-01,Post-Monsoon,Ashta,Ashta Industrial Area,23.02,76.735,20.9,11.0,51.6,2.5,0.3,2515.0,6,Chikungunya,41.12,Medium
2025,11,2025-11-01,Post-Monsoon,Ashta,Ashta Rural East,23.01,76.745,19.6,10.2,51.5,0.8,0.68,1341.0,23,Dengue,46.07,Medium
2025,11,2025-11-01,Post-Monsoon,Ashta,Ashta Rural East,23.01,76.745,19.6,10.2,51.5,0.8,0.68,1341.0,19,Malaria,48.15,Medium
2025,11,2025-11-01,Post-Monsoon,Ashta,Ashta Rural East,23.01,76.745,19.6,10.2,51.5,0.8,0.68,1341.0,15,Chikungunya,42.36,Medium
2025,11,2025-11-01,Post-Monsoon,Ashta,Ashta Nadi Belt,23.008,76.715,22.2,7.2,39.8,0.3,0.72,8307.0,16,Dengue,54.78,High
2025,11,2025-11-01,Post-Monsoon,Ashta,Ashta Nadi Belt,23.008,76.715,22.2,7.2,39.8,0.3,0.72,8307.0,18,Malaria,54.9,High
2025,11,2025-11-01,Post-Monsoon,Ashta,Ashta Nadi Belt,23.008,76.715,22.2,7.2,39.8,0.3,0.72,8307.0,18,Chikungunya,55.31,High
2025,11,2025-11-01,Post-Monsoon,VIT Bhopal University,VIT Main Campus,23.077,76.8512,21.3,12.9,51.6,1.5,0.5,3569.0,11,Dengue,49.46,Medium
2025,11,2025-11-01,Post-Monsoon,VIT Bhopal University,VIT Main Campus,23.077,76.8512,21.3,12.9,51.6,1.5,0.5,3569.0,10,Malaria,49.94,Medium
2025,11,2025-11-01,Post-Monsoon,VIT Bhopal University,VIT Main Campus,23.077,76.8512,21.3,12.9,51.6,1.5,0.5,3569.0,13,Chikungunya,49.32,Medium
2025,11,2025-11-01,Post-Monsoon,VIT Bhopal University,VIT Hostel Area,23.078,76.853,21.2,7.5,56.6,1.8,0.45,4548.0,9,Dengue,43.67,Medium
2025,11,2025-11-01,Post-Monsoon,VIT Bhopal University,VIT Hostel Area,23.078,76.853,21.2,7.5,56.6,1.8,0.45,4548.0,9,Malaria,43.62,Medium
2025,11,2025-11-01,Post-Monsoon,VIT Bhopal University,VIT Hostel Area,23.078,76.853,21.2,7.5,56.6,1.8,0.45,4548.0,11,Chikungunya,43.94,Medium
2025,11,2025-11-01,Post-Monsoon,VIT Bhopal University,VIT Surrounding Village,23.072,76.848,21.0,11.0,47.5,0.6,0.62,4673.0,15,Dengue,55.32,High
2025,11,2025-11-01,Post-Monsoon,VIT Bhopal University,VIT Surrounding Village,23.072,76.848,21.0,11.0,47.5,0.6,0.62,4673.0,9,Malaria,54.94,High
2025,11,2025-11-01,Post-Monsoon,VIT Bhopal University,VIT Surrounding Village,23.072,76.848,21.0,11.0,47.5,0.6,0.62,4673.0,12,Chikungunya,53.74,High
2025,11,2025-11-01,Post-Monsoon,VIT Bhopal University,Kotri-Kalan Area,23.083,76.855,21.7,11.0,49.7,2.0,0.4,5072.0,10,Dengue,47.43,Medium
2025,11,2025-11-01,Post-Monsoon,VIT Bhopal University,Kotri-Kalan Area,23.083,76.855,21.7,11.0,49.7,2.0,0.4,5072.0,7,Malaria,46.81,Medium
2025,11,2025-11-01,Post-Monsoon,VIT Bhopal University,Kotri-Kalan Area,23.083,76.855,21.7,11.0,49.7,2.0,0.4,5072.0,9,Chikungunya,46.55,Medium
2025,12,2025-12-01,Winter,Bhopal City,Old Bhopal (Chowk),23.2676,77.412,16.7,6.3,49.4,0.5,0.65,5892.0,11,Dengue,42.39,Medium
2025,12,2025-12-01,Winter,Bhopal City,Old Bhopal (Chowk),23.2676,77.412,16.7,6.3,49.4,0.5,0.65,5892.0,9,Malaria,43.96,Medium
2025,12,2025-12-01,Winter,Bhopal City,Old Bhopal (Chowk),23.2676,77.412,16.7,6.3,49.4,0.5,0.65,5892.0,11,Chikungunya,40.74,Medium
2025,12,2025-12-01,Winter,Bhopal City,New Market,23.235,77.423,17.4,8.5,49.4,2.1,0.35,8812.0,6,Dengue,34.77,Medium
2025,12,2025-12-01,Winter,Bhopal City,New Market,23.235,77.423,17.4,8.5,49.4,2.1,0.35,8812.0,7,Malaria,35.32,Medium
2025,12,2025-12-01,Winter,Bhopal City,New Market,23.235,77.423,17.4,8.5,49.4,2.1,0.35,8812.0,5,Chikungunya,33.0,Medium
2025,12,2025-12-01,Winter,Bhopal City,Kolar Road,23.175,77.445,18.0,6.3,50.1,3.5,0.4,6531.0,5,Dengue,28.24,Medium
2025,12,2025-12-01,Winter,Bhopal City,Kolar Road,23.175,77.445,18.0,6.3,50.1,3.5,0.4,6531.0,5,Malaria,28.63,Medium
2025,12,2025-12-01,Winter,Bhopal City,Kolar Road,23.175,77.445,18.0,6.3,50.1,3.5,0.4,6531.0,4,Chikungunya,27.35,Medium
2025,12,2025-12-01,Winter,Bhopal City,Habibganj,23.23,77.438,16.7,9.5,53.2,1.8,0.38,4638.0,10,Dengue,34.16,Medium
2025,12,2025-12-01,Winter,Bhopal City,Habibganj,23.23,77.438,16.7,9.5,53.2,1.8,0.38,4638.0,9,Malaria,35.23,Medium
2025,12,2025-12-01,Winter,Bhopal City,Habibganj,23.23,77.438,16.7,9.5,53.2,1.8,0.38,4638.0,6,Chikungunya,31.51,Medium
2025,12,2025-12-01,Winter,Bhopal City,Shahpura,23.195,77.435,17.4,6.7,51.8,2.5,0.42,11685.0,11,Dengue,36.42,Medium
2025,12,2025-12-01,Winter,Bhopal City,Shahpura,23.195,77.435,17.4,6.7,51.8,2.5,0.42,11685.0,5,Malaria,35.15,Medium
2025,12,2025-12-01,Winter,Bhopal City,Shahpura,23.195,77.435,17.4,6.7,51.8,2.5,0.42,11685.0,5,Chikungunya,33.78,Medium
2025,12,2025-12-01,Winter,Bhopal City,Ayodhya Nagar,23.21,77.455,17.9,8.4,55.0,4.0,0.3,6497.0,3,Dengue,25.42,Medium
2025,12,2025-12-01,Winter,Bhopal City,Ayodhya Nagar,23.21,77.455,17.9,8.4,55.0,4.0,0.3,6497.0,2,Malaria,25.4,Medium
2025,12,2025-12-01,Winter,Bhopal City,Ayodhya Nagar,23.21,77.455,17.9,8.4,55.0,4.0,0.3,6497.0,2,Chikungunya,24.46,Low
2025,12,2025-12-01,Winter,Bhopal City,Upper Lake Area,23.25,77.39,19.0,8.0,52.3,0.2,0.75,11328.0,11,Dengue,48.05,Medium
2025,12,2025-12-01,Winter,Bhopal City,Upper Lake Area,23.25,77.39,19.0,8.0,52.3,0.2,0.75,11328.0,10,Malaria,49.38,Medium
2025,12,2025-12-01,Winter,Bhopal City,Upper Lake Area,23.25,77.39,19.0,8.0,52.3,0.2,0.75,11328.0,12,Chikungunya,46.64,Medium
2025,12,2025-12-01,Winter,Bhopal City,Lower Lake Area,23.255,77.405,15.8,9.3,51.9,0.3,0.7,8938.0,11,Dengue,46.3,Medium
2025,12,2025-12-01,Winter,Bhopal City,Lower Lake Area,23.255,77.405,15.8,9.3,51.9,0.3,0.7,8938.0,11,Malaria,47.89,Medium
2025,12,2025-12-01,Winter,Bhopal City,Lower Lake Area,23.255,77.405,15.8,9.3,51.9,0.3,0.7,8938.0,12,Chikungunya,44.86,Medium
2025,12,2025-12-01,Winter,Bhopal City,Arera Colony,23.22,77.43,18.2,9.9,45.8,2.0,0.45,5169.0,6,Dengue,32.86,Medium
2025,12,2025-12-01,Winter,Bhopal City,Arera Colony,23.22,77.43,18.2,9.9,45.8,2.0,0.45,5169.0,6,Malaria,34.1,Medium
2025,12,2025-12-01,Winter,Bhopal City,Arera Colony,23.22,77.43,18.2,9.9,45.8,2.0,0.45,5169.0,10,Chikungunya,32.7,Medium
2025,12,2025-12-01,Winter,Bhopal City,Bairagarh,23.28,77.37,19.3,6.5,56.9,1.2,0.55,8712.0,7,Dengue,40.92,Medium
2025,12,2025-12-01,Winter,Bhopal City,Bairagarh,23.28,77.37,19.3,6.5,56.9,1.2,0.55,8712.0,8,Malaria,42.36,Medium
2025,12,2025-12-01,Winter,Bhopal City,Bairagarh,23.28,77.37,19.3,6.5,56.9,1.2,0.55,8712.0,8,Chikungunya,39.46,Medium
2025,12,2025-12-01,Winter,Bhopal City,Misrod,23.165,77.46,18.6,7.4,57.5,3.0,0.48,9252.0,5,Dengue,33.75,Medium
2025,12,2025-12-01,Winter,Bhopal City,Misrod,23.165,77.46,18.6,7.4,57.5,3.0,0.48,9252.0,5,Malaria,34.11,Medium
2025,12,2025-12-01,Winter,Bhopal City,Misrod,23.165,77.46,18.6,7.4,57.5,3.0,0.48,9252.0,6,Chikungunya,33.14,Medium
2025,12,2025-12-01,Winter,Bhopal City,BHEL Area,23.245,77.465,16.4,7.3,44.4,3.8,0.32,10982.0,4,Dengue,28.32,Medium
2025,12,2025-12-01,Winter,Bhopal City,BHEL Area,23.245,77.465,16.4,7.3,44.4,3.8,0.32,10982.0,3,Malaria,27.47,Medium
2025,12,2025-12-01,Winter,Bhopal City,BHEL Area,23.245,77.465,16.4,7.3,44.4,3.8,0.32,10982.0,3,Chikungunya,27.53,Medium
2025,12,2025-12-01,Winter,Ashta,Ashta Town Center,23.015,76.725,18.2,7.7,64.9,1.0,0.55,5410.0,11,Dengue,40.76,Medium
2025,12,2025-12-01,Winter,Ashta,Ashta Town Center,23.015,76.725,18.2,7.7,64.9,1.0,0.55,5410.0,8,Malaria,42.14,Medium
2025,12,2025-12-01,Winter,Ashta,Ashta Town Center,23.015,76.725,18.2,7.7,64.9,1.0,0.55,5410.0,10,Chikungunya,38.62,Medium
2025,12,2025-12-01,Winter,Ashta,Ashta Industrial Area,23.02,76.735,18.6,8.8,64.0,2.5,0.3,3567.0,5,Dengue,29.85,Medium
2025,12,2025-12-01,Winter,Ashta,Ashta Industrial Area,23.02,76.735,18.6,8.8,64.0,2.5,0.3,3567.0,7,Malaria,31.71,Medium
2025,12,2025-12-01,Winter,Ashta,Ashta Industrial Area,23.02,76.735,18.6,8.8,64.0,2.5,0.3,3567.0,6,Chikungunya,28.45,Medium
2025,12,2025-12-01,Winter,Ashta,Ashta Rural East,23.01,76.745,14.1,8.7,64.9,0.8,0.68,634.0,11,Dengue,38.96,Medium
2025,12,2025-12-01,Winter,Ashta,Ashta Rural East,23.01,76.745,14.1,8.7,64.9,0.8,0.68,634.0,10,Malaria,42.03,Medium
2025,12,2025-12-01,Winter,Ashta,Ashta Rural East,23.01,76.745,14.1,8.7,64.9,0.8,0.68,634.0,9,Chikungunya,36.68,Medium
2025,12,2025-12-01,Winter,Ashta,Ashta Nadi Belt,23.008,76.715,19.0,9.5,49.8,0.3,0.72,10194.0,15,Dengue,48.1,Medium
2025,12,2025-12-01,Winter,Ashta,Ashta Nadi Belt,23.008,76.715,19.0,9.5,49.8,0.3,0.72,10194.0,11,Malaria,48.51,Medium
2025,12,2025-12-01,Winter,Ashta,Ashta Nadi Belt,23.008,76.715,19.0,9.5,49.8,0.3,0.72,10194.0,9,Chikungunya,44.94,Medium
2025,12,2025-12-01,Winter,VIT Bhopal University,VIT Main Campus,23.077,76.8512,16.7,7.8,56.7,1.5,0.5,4303.0,7,Dengue,35.8,Medium
2025,12,2025-12-01,Winter,VIT Bhopal University,VIT Main Campus,23.077,76.8512,16.7,7.8,56.7,1.5,0.5,4303.0,9,Malaria,38.09,Medium
2025,12,2025-12-01,Winter,VIT Bhopal University,VIT Main Campus,23.077,76.8512,16.7,7.8,56.7,1.5,0.5,4303.0,9,Chikungunya,34.7,Medium
2025,12,2025-12-01,Winter,VIT Bhopal University,VIT Hostel Area,23.078,76.853,16.2,7.6,49.1,1.8,0.45,4431.0,7,Dengue,33.56,Medium
2025,12,2025-12-01,Winter,VIT Bhopal University,VIT Hostel Area,23.078,76.853,16.2,7.6,49.1,1.8,0.45,4431.0,6,Malaria,34.85,Medium
2025,12,2025-12-01,Winter,VIT Bhopal University,VIT Hostel Area,23.078,76.853,16.2,7.6,49.1,1.8,0.45,4431.0,8,Chikungunya,32.41,Medium
2025,12,2025-12-01,Winter,VIT Bhopal University,VIT Surrounding Village,23.072,76.848,17.5,5.8,45.5,0.6,0.62,4504.0,9,Dengue,39.76,Medium
2025,12,2025-12-01,Winter,VIT Bhopal University,VIT Surrounding Village,23.072,76.848,17.5,5.8,45.5,0.6,0.62,4504.0,8,Malaria,41.71,Medium
2025,12,2025-12-01,Winter,VIT Bhopal University,VIT Surrounding Village,23.072,76.848,17.5,5.8,45.5,0.6,0.62,4504.0,11,Chikungunya,38.67,Medium
2025,12,2025-12-01,Winter,VIT Bhopal University,Kotri-Kalan Area,23.083,76.855,16.5,10.1,53.8,2.0,0.4,8231.0,8,Dengue,41.08,Medium
2025,12,2025-12-01,Winter,VIT Bhopal University,Kotri-Kalan Area,23.083,76.855,16.5,10.1,53.8,2.0,0.4,8231.0,6,Malaria,41.79,Medium
2025,12,2025-12-01,Winter,VIT Bhopal University,Kotri-Kalan Area,23.083,76.855,16.5,10.1,53.8,2.0,0.4,8231.0,6,Chikungunya,38.57,Medium
